id,run_id,recorded_at,latency_s,buffer_ahead_s,dropped_frames,total_frames,stall_count,playback_rate
1,1,2026-08-24 12:27:44.508187-04,11.424,5.546978,0,17,1,1.05
2,1,2026-08-24 12:27:45.510396-04,11.372,4.497877,0,49,1,1.05
3,1,2026-08-24 12:27:46.509964-04,11.326,7.433136,0,80,1,1.05
4,1,2026-08-24 12:27:47.50762-04,11.274,6.382478,0,112,1,1.05
5,1,2026-08-24 12:27:48.508791-04,11.227,7.335099,0,143,1,1.05
6,1,2026-08-24 12:27:49.507204-04,11.176,6.284251,0,175,1,1.05
7,1,2026-08-24 12:27:50.506258-04,11.138,7.246916,0,206,1,1.05
8,1,2026-08-24 12:27:51.50906-04,11.088,6.196334,0,238,1,1.05
9,1,2026-08-24 12:27:52.516027-04,11.02,7.126776,0,269,1,1.05
10,1,2026-08-24 12:27:53.507565-04,10.97,6.078874,0,300,1,1.05
11,1,2026-08-24 12:27:54.509866-04,10.924,7.032327,0,332,1,1.05
12,1,2026-08-24 12:27:55.510527-04,10.873,5.980424,0,364,1,1.05
13,1,2026-08-24 12:27:56.508861-04,10.827,6.934643,0,395,1,1.05
14,1,2026-08-24 12:27:57.50831-04,10.783,5.88589,0,426,1,1.05
15,1,2026-08-24 12:27:58.508196-04,10.742,6.849566,0,458,1,1.05
16,1,2026-08-24 12:27:59.510262-04,10.674,5.798507,0,490,1,1.05
17,1,2026-08-24 12:28:00.507666-04,10.623,6.725771,0,521,1,1.05
18,1,2026-08-24 12:28:01.50634-04,10.576,5.673513,0,553,1,1.05
19,1,2026-08-24 12:28:02.508519-04,10.523,6.626152,0,584,1,1.05
20,1,2026-08-24 12:28:03.508766-04,10.477,5.575431,0,616,1,1.05
21,1,2026-08-24 12:28:04.508043-04,10.426,6.50656,0,647,1,1.05
22,1,2026-08-24 12:28:05.506746-04,10.362,5.465084,0,679,1,1.05
23,1,2026-08-24 12:28:06.508362-04,10.31,6.417379,0,710,1,1.05
24,1,2026-08-24 12:28:07.512797-04,10.265,5.367821,0,742,1,1.05
25,1,2026-08-24 12:28:08.509337-04,10.214,6.321975,0,773,1,1.05
26,1,2026-08-24 12:28:09.527354-04,10.169,5.27245,0,805,1,1.05
27,1,2026-08-24 12:28:10.50626-04,10.117,6.225886,0,836,1,1.05
28,1,2026-08-24 12:28:11.5109-04,10.06,5.184169,0,867,1,1.05
29,1,2026-08-24 12:28:12.508191-04,10.001,6.129839,0,899,1,1.05
30,1,2026-08-24 12:28:13.508024-04,9.967,5.091078,0,930,1,1.05
31,1,2026-08-24 12:28:14.508771-04,9.932,6.061579,0,962,1,1.05
32,1,2026-08-24 12:28:15.508862-04,9.889,5.013753,0,992,1,1.05
33,1,2026-08-24 12:28:16.508676-04,9.841,5.94326,0,1024,1,1.05
34,1,2026-08-24 12:28:17.50897-04,9.79,4.892885,0,1056,1,1.05
35,1,2026-08-24 12:28:18.508881-04,9.752,5.854465,0,1088,1,1.05
36,1,2026-08-24 12:28:19.508202-04,9.702,4.80581,0,1119,1,1.05
37,1,2026-08-24 12:28:20.507921-04,9.654,5.757438,0,1150,1,1.05
38,1,2026-08-24 12:28:21.510955-04,9.603,4.705708,0,1181,1,1.05
39,1,2026-08-24 12:28:22.514977-04,9.536,5.659878,0,1213,1,1.05
40,1,2026-08-24 12:28:23.507222-04,9.487,4.611147,0,1244,1,1.05
41,1,2026-08-24 12:28:24.510064-04,9.451,5.554634,0,1276,1,1.05
42,1,2026-08-24 12:28:25.507465-04,9.399,4.50191,0,1308,1,1.05
43,1,2026-08-24 12:28:26.50858-04,9.353,7.4608,0,1340,1,1.05
44,1,2026-08-24 12:28:27.506655-04,9.302,6.411977,0,1371,1,1.05
45,1,2026-08-24 12:28:28.506925-04,9.237,7.366361,0,1402,1,1.05
46,1,2026-08-24 12:28:29.509336-04,9.185,6.314669,0,1433,1,1.05
47,1,2026-08-24 12:28:30.50628-04,9.139,7.268576,0,1465,1,1.05
48,1,2026-08-24 12:28:31.506345-04,9.087,6.216337,0,1497,1,1.05
49,1,2026-08-24 12:28:32.509478-04,9.04,7.147438,0,1528,1,1.05
50,1,2026-08-24 12:28:33.507897-04,8.999,6.106096,0,1560,1,1.05
51,1,2026-08-24 12:28:34.508681-04,8.952,7.05918,0,1592,1,1.05
52,1,2026-08-24 12:28:35.50779-04,8.9,6.008306,0,1622,1,1.05
53,1,2026-08-24 12:28:36.510274-04,8.853,6.960525,0,1655,1,1.05
54,1,2026-08-24 12:28:37.508-04,8.808,5.911003,0,1685,1,1.05
55,1,2026-08-24 12:28:38.508903-04,8.757,6.864539,0,1717,1,1.05
56,1,2026-08-24 12:28:39.507122-04,8.701,5.825597,0,1749,1,1.05
57,1,2026-08-24 12:28:40.506446-04,8.65,6.757002,0,1780,1,1.05
58,1,2026-08-24 12:28:41.508274-04,8.602,5.705071,0,1811,1,1.05
59,1,2026-08-24 12:28:42.507919-04,8.554,6.661021,0,1844,1,1.05
60,1,2026-08-24 12:28:43.5079-04,8.508,5.610829,0,1875,1,1.05
61,1,2026-08-24 12:28:44.507413-04,8.456,6.564199,0,1906,1,1.05
62,1,2026-08-24 12:28:45.507002-04,8.411,5.513704,0,1937,1,1.05
63,1,2026-08-24 12:28:46.50796-04,8.358,6.465078,0,1969,1,1.05
64,1,2026-08-24 12:28:47.508665-04,8.29,5.414697,0,2001,1,1.05
65,1,2026-08-24 12:28:48.507468-04,8.248,6.351165,0,2032,1,1.05
66,1,2026-08-24 12:28:49.507432-04,8.202,5.299582,0,2064,1,1.05
67,1,2026-08-24 12:28:50.514456-04,8.15,6.251736,0,2096,1,1.05
68,1,2026-08-24 12:28:51.507693-04,8.104,5.20155,0,2126,1,1.05
69,1,2026-08-24 12:28:52.510608-04,8.052,6.132808,0,2158,1,1.05
70,1,2026-08-24 12:28:53.50855-04,7.981,5.083843,0,2189,1,1.05
71,1,2026-08-24 12:28:54.510784-04,7.941,6.04817,0,2221,1,1.05
72,1,2026-08-24 12:28:55.508597-04,7.892,4.995124,0,2253,1,1.05
73,1,2026-08-24 12:28:56.506584-04,7.846,5.949636,0,2284,1,1.05
74,1,2026-08-24 12:28:57.509925-04,7.799,4.900949,0,2316,1,1.05
75,1,2026-08-24 12:28:58.509577-04,7.732,5.855255,0,2347,1,1.05
76,1,2026-08-24 12:28:59.508361-04,7.681,4.805408,0,2378,1,1.05
77,1,2026-08-24 12:29:00.507917-04,7.633,5.75687,0,2411,1,1.05
78,1,2026-08-24 12:29:01.509289-04,7.582,4.706391,0,2441,1,1.05
79,1,2026-08-24 12:29:02.507973-04,7.534,5.658005,0,2473,1,1.05
80,1,2026-08-24 12:29:03.508085-04,7.493,4.617467,0,2505,1,1.05
81,1,2026-08-24 12:29:04.507836-04,7.447,5.571058,0,2536,1,1.05
82,1,2026-08-24 12:29:05.508077-04,7.394,4.518507,0,2568,1,1.05
83,1,2026-08-24 12:29:06.508117-04,7.348,5.445871,0,2599,1,1.05
84,1,2026-08-24 12:29:07.509608-04,7.297,4.395051,0,2630,1,1.05
85,1,2026-08-24 12:29:08.508775-04,7.252,5.349294,0,2662,1,1.05
86,1,2026-08-24 12:29:09.509927-04,7.213,4.309727,0,2694,1,1.05
87,1,2026-08-24 12:29:10.508101-04,7.138,5.240004,0,2725,1,1.05
88,1,2026-08-24 12:29:11.508452-04,7.087,4.190602,0,2756,1,1.05
89,1,2026-08-24 12:29:12.507723-04,7.039,5.141807,0,2789,1,1.05
90,1,2026-08-24 12:29:13.511418-04,6.991,4.094562,0,2820,1,1.05
91,1,2026-08-24 12:29:14.508194-04,6.947,5.049817,0,2851,1,1.05
92,1,2026-08-24 12:29:15.508411-04,6.907,4.010601,0,2882,1,1
93,1,2026-08-24 12:29:16.515178-04,6.891,5.014727,0,2913,1,1
94,1,2026-08-24 12:29:17.508433-04,6.892,4.016024,0,2942,1,1
95,1,2026-08-24 12:29:18.513921-04,6.895,4.996821,0,2973,1,1
96,1,2026-08-24 12:29:19.509687-04,6.895,3.998625,0,3003,1,1
97,1,2026-08-24 12:29:20.512083-04,6.9,5.002505,0,3033,1,1
98,1,2026-08-24 12:29:21.536541-04,6.9,4.003457,0,3062,1,1
99,1,2026-08-24 12:29:22.51238-04,6.906,5.008106,0,3092,1,1
100,1,2026-08-24 12:29:23.508828-04,6.907,4.010532,0,3122,1,1
101,1,2026-08-24 12:29:24.511867-04,6.892,5.016464,0,3152,1,1
102,1,2026-08-24 12:29:25.508798-04,6.892,4.016773,0,3182,1,1
103,1,2026-08-24 12:29:26.507679-04,6.895,5.018427,0,3212,1,1
104,1,2026-08-24 12:29:27.510054-04,6.896,4.02015,0,3242,1,1
105,1,2026-08-24 12:29:28.510722-04,6.901,5.024109,0,3272,1,1
106,1,2026-08-24 12:29:29.510088-04,6.902,4.026605,0,3302,1,1
107,1,2026-08-24 12:29:30.508014-04,6.907,5.010457,0,3332,1,1
108,1,2026-08-24 12:29:31.509016-04,6.906,4.009162,0,3362,1,1
109,1,2026-08-24 12:29:32.508808-04,6.912,5.013929,0,3392,1,1
110,1,2026-08-24 12:29:33.507977-04,6.91,4.013622,0,3422,1,1
111,1,2026-08-24 12:29:34.508617-04,6.918,5.01882,0,3452,1,1
112,1,2026-08-24 12:29:35.509029-04,6.916,4.018115,0,3482,1,1
113,1,2026-08-24 12:29:36.508508-04,6.9,5.024534,0,3512,1,1
114,1,2026-08-24 12:29:37.511921-04,6.901,4.024496,0,3542,1,1
115,1,2026-08-24 12:29:38.533554-04,6.908,5.010822,0,3572,1,1
116,1,2026-08-24 12:29:39.513145-04,6.908,4.010627,0,3602,1,1
117,1,2026-08-24 12:29:40.50742-04,6.913,5.01534,0,3632,1,1
118,1,2026-08-24 12:29:41.531652-04,6.911,4.013523,0,3662,1,1
119,1,2026-08-24 12:29:42.507418-04,6.897,4.998798,0,3692,1,1
120,1,2026-08-24 12:29:43.507604-04,6.896,3.999409,0,3722,1,1
121,1,2026-08-24 12:29:44.511246-04,6.904,5.004903,0,3752,1,1
122,1,2026-08-24 12:29:45.509007-04,6.902,4.004493,0,3782,1,1
123,1,2026-08-24 12:29:46.509065-04,6.908,5.010235,0,3812,1,1
124,1,2026-08-24 12:29:47.530237-04,6.89,4.008573,0,3842,1,1
125,1,2026-08-24 12:29:48.508528-04,6.891,5.01313,0,3872,1,1
126,1,2026-08-24 12:29:49.507737-04,6.889,4.013837,0,3902,1,1
127,1,2026-08-24 12:29:50.508546-04,6.895,5.018511,0,3932,1,1
128,1,2026-08-24 12:29:51.507677-04,6.895,4.018129,0,3962,1,1
129,1,2026-08-24 12:29:52.508138-04,6.901,5.024579,0,3992,1,1
130,1,2026-08-24 12:29:53.507609-04,6.902,4.026852,0,4022,1,1
131,1,2026-08-24 12:29:54.508288-04,6.909,5.032107,0,4052,1,1
132,1,2026-08-24 12:29:55.507128-04,6.908,4.032532,0,4082,1,1
133,1,2026-08-24 12:29:56.508714-04,6.911,5.00725,0,4112,1,1
134,1,2026-08-24 12:29:57.508122-04,6.912,4.009811,0,4142,1,1
135,1,2026-08-24 12:29:58.50937-04,6.92,5.015355,0,4172,1,1
136,1,2026-08-24 12:29:59.508827-04,6.917,4.014115,0,4202,1,1
137,1,2026-08-24 12:30:00.508618-04,6.897,4.999144,0,4232,1,1
138,1,2026-08-24 12:30:01.507864-04,6.895,3.998561,0,4262,1,1
139,1,2026-08-24 12:30:02.50933-04,6.902,5.003197,0,4292,1,1
140,1,2026-08-24 12:30:03.50786-04,6.9,4.003191,0,4322,1,1
141,1,2026-08-24 12:30:04.508981-04,6.907,5.00904,0,4352,1,1
142,1,2026-08-24 12:30:05.508237-04,6.906,4.007697,0,4382,1,1
143,1,2026-08-24 12:30:06.507218-04,6.89,5.012639,0,4412,1,1
144,1,2026-08-24 12:30:07.507864-04,6.89,4.013698,0,4442,1,1
145,1,2026-08-24 12:30:08.508563-04,6.897,4.99938,0,4472,1,1
146,1,2026-08-24 12:30:09.507343-04,6.898,4.001354,0,4502,1,1
147,1,2026-08-24 12:30:10.506675-04,6.903,5.004745,0,4532,1,1
148,1,2026-08-24 12:30:11.508876-04,6.903,4.006026,0,4562,1,1
149,1,2026-08-24 12:30:12.508543-04,6.907,5.009439,0,4592,1,1
150,1,2026-08-24 12:30:13.508123-04,6.908,4.010458,0,4622,1,1
151,1,2026-08-24 12:30:14.508388-04,6.893,5.016212,0,4652,1,1
152,1,2026-08-24 12:30:15.507269-04,6.891,4.015037,0,4682,1,1
153,1,2026-08-24 12:30:16.507417-04,6.898,5.021244,0,4712,1,1
154,1,2026-08-24 12:30:17.51033-04,6.896,4.0206,0,4742,1,1
155,1,2026-08-24 12:30:18.509872-04,6.901,5.024945,0,4772,1,1
156,1,2026-08-24 12:30:19.508967-04,6.9,4.02347,0,4802,1,1
157,1,2026-08-24 12:30:20.514841-04,6.906,5.008387,0,4832,1,1
158,1,2026-08-24 12:30:21.509186-04,6.905,4.008198,0,4862,1,1
159,1,2026-08-24 12:30:22.509687-04,6.912,5.013843,0,4892,1,1
160,1,2026-08-24 12:30:23.509488-04,6.913,4.015699,0,4922,1,1
161,1,2026-08-24 12:30:24.509769-04,6.919,5.020591,0,4952,1,1
162,1,2026-08-24 12:30:25.507817-04,6.919,4.021009,0,4982,1,1
163,1,2026-08-24 12:30:26.50863-04,6.902,5.005597,0,5012,1,1
164,1,2026-08-24 12:30:27.507772-04,6.902,4.005052,0,5042,1,1
165,1,2026-08-24 12:30:28.508708-04,6.908,4.988723,0,5072,1,1
166,1,2026-08-24 12:30:29.507959-04,6.908,3.98903,0,5102,1,1
167,1,2026-08-24 12:30:30.507431-04,6.913,4.994086,0,5132,1,1
168,1,2026-08-24 12:30:31.508588-04,6.911,3.993283,0,5162,1,1
169,1,2026-08-24 12:30:32.508416-04,6.896,5.019698,2,5192,1,1
170,1,2026-08-24 12:30:33.509588-04,6.88,4.019643,2,5222,1,1
171,1,2026-08-24 12:30:34.511288-04,6.88,5.003634,2,5252,1,1
172,1,2026-08-24 12:30:35.508002-04,6.879,4.00331,2,5282,1,1
173,1,2026-08-24 12:30:36.513056-04,6.885,5.008148,2,5312,1,1
174,1,2026-08-24 12:30:37.508721-04,6.885,4.008319,2,5342,1,1
175,1,2026-08-24 12:30:38.509142-04,6.912,5.014637,2,5372,1,1
176,1,2026-08-24 12:30:39.507666-04,6.914,4.01636,2,5402,1,1
177,1,2026-08-24 12:30:40.50922-04,6.899,5.022109,2,5432,1,1
178,1,2026-08-24 12:30:41.508576-04,6.895,4.018516,2,5462,1,1
179,1,2026-08-24 12:30:42.507189-04,6.902,5.004152,2,5492,1,1
180,1,2026-08-24 12:30:43.507117-04,6.902,4.005388,2,5522,1,1
181,1,2026-08-24 12:30:44.507462-04,6.909,5.01104,2,5552,1,1
182,1,2026-08-24 12:30:45.507644-04,6.908,4.010763,2,5582,1,1
183,1,2026-08-24 12:30:46.507944-04,6.913,5.015642,2,5612,1,1
184,1,2026-08-24 12:30:47.508874-04,6.912,4.014201,2,5642,1,1
185,1,2026-08-24 12:30:48.507818-04,6.897,5.020332,2,5672,1,1
186,1,2026-08-24 12:30:49.508689-04,6.896,4.019414,2,5702,1,1
187,1,2026-08-24 12:30:50.508162-04,6.901,5.003061,2,5732,1,1
188,1,2026-08-24 12:30:51.509262-04,6.901,4.002759,2,5762,1,1
189,1,2026-08-24 12:30:52.509472-04,6.905,5.028967,2,5792,1,1
190,1,2026-08-24 12:30:53.508585-04,6.907,4.0317,2,5822,1,1
191,1,2026-08-24 12:30:54.509407-04,6.914,5.015898,2,5852,1,1
192,1,2026-08-24 12:30:55.508528-04,6.914,4.016555,2,5882,1,1
193,1,2026-08-24 12:30:56.510285-04,6.895,5.017744,2,5912,1,1
194,1,2026-08-24 12:30:57.50843-04,6.898,4.022164,2,5942,1,1
195,1,2026-08-24 12:30:58.50995-04,6.924,5.026311,2,5972,1,1
196,1,2026-08-24 12:30:59.509414-04,6.924,4.025904,2,6002,1,1
197,1,2026-08-24 12:31:00.508382-04,6.909,5.032501,2,6032,1,1
198,1,2026-08-24 12:31:01.508686-04,6.907,4.031055,2,6062,1,1
199,1,2026-08-24 12:31:02.50953-04,6.912,5.014661,2,6092,1,1
200,1,2026-08-24 12:31:03.508453-04,6.911,4.014348,2,6122,1,1
201,1,2026-08-24 12:31:04.509327-04,6.917,5.039661,2,6152,1,1
202,1,2026-08-24 12:31:05.507039-04,6.916,4.040466,2,6182,1,1
203,1,2026-08-24 12:31:06.508627-04,6.922,4.997229,2,6212,1,1
204,1,2026-08-24 12:31:07.508448-04,6.922,3.997849,2,6242,1,1
205,1,2026-08-24 12:31:08.508059-04,6.908,5.004442,2,6272,1,1
206,1,2026-08-24 12:31:09.508008-04,6.909,4.005811,2,6302,1,1
207,1,2026-08-24 12:31:10.508346-04,6.91,5.010799,2,6332,1,1
208,1,2026-08-24 12:31:11.509198-04,6.908,4.010809,2,6362,1,1
209,1,2026-08-24 12:31:12.508931-04,6.891,5.014599,2,6392,1,1
210,1,2026-08-24 12:31:13.50849-04,6.891,4.01585,2,6422,1,1
211,1,2026-08-24 12:31:14.50951-04,6.898,4.999521,2,6452,1,1
212,1,2026-08-24 12:31:15.507699-04,6.898,3.999994,2,6482,1,1
213,1,2026-08-24 12:31:16.509499-04,6.901,5.023713,2,6512,1,1
214,1,2026-08-24 12:31:17.509052-04,6.902,4.02619,2,6542,1,1
215,1,2026-08-24 12:31:18.509805-04,6.907,5.009375,2,6572,1,1
216,1,2026-08-24 12:31:19.508167-04,6.906,4.008806,2,6602,1,1
217,1,2026-08-24 12:31:20.507871-04,6.891,5.014102,2,6632,1,1
218,1,2026-08-24 12:31:21.508582-04,6.89,4.01389,2,6662,1,1
219,1,2026-08-24 12:31:22.507888-04,6.916,5.039987,2,6692,1,1
220,1,2026-08-24 12:31:23.512525-04,6.918,4.041886,2,6722,1,1
221,1,2026-08-24 12:31:24.508294-04,6.903,5.000246,2,6752,1,1
222,1,2026-08-24 12:31:25.507156-04,6.904,4.0014,2,6782,1,1
223,1,2026-08-24 12:31:26.508413-04,6.905,5.002071,2,6812,1,1
224,1,2026-08-24 12:31:27.507319-04,6.908,4.005458,2,6842,1,1
225,1,2026-08-24 12:31:28.508764-04,6.908,5.009601,2,6872,1,1
226,1,2026-08-24 12:31:29.507133-04,6.908,4.010925,2,6902,1,1
227,1,2026-08-24 12:31:30.507611-04,6.893,5.016325,2,6932,1,1
228,1,2026-08-24 12:31:31.507546-04,6.892,4.015273,2,6962,1,1
229,1,2026-08-24 12:31:32.508831-04,6.897,4.998648,2,6992,1,1
230,1,2026-08-24 12:31:33.507819-04,6.896,3.998165,2,7022,1,1
231,1,2026-08-24 12:31:34.50863-04,6.901,5.00309,2,7052,1,1
232,1,2026-08-24 12:31:35.509158-04,6.9,4.003395,2,7082,1,1
233,1,2026-08-24 12:31:36.507541-04,6.906,5.007836,2,7112,1,1
234,1,2026-08-24 12:31:37.508996-04,6.906,4.00802,2,7142,1,1
235,1,2026-08-24 12:31:38.508241-04,6.891,5.01484,2,7172,1,1
236,1,2026-08-24 12:31:39.507707-04,6.892,4.016288,2,7202,1,1
237,1,2026-08-24 12:31:40.508569-04,6.898,4.999352,2,7232,1,1
238,1,2026-08-24 12:31:41.50897-04,6.898,3.999903,2,7262,1,1
239,1,2026-08-24 12:31:42.508936-04,6.902,5.024243,2,7292,1,1
240,1,2026-08-24 12:31:43.507945-04,6.903,4.026651,2,7322,1,1
241,1,2026-08-24 12:31:44.509065-04,6.907,5.008352,2,7352,1,1
242,1,2026-08-24 12:31:45.50734-04,6.908,4.010579,2,7382,1,1
243,1,2026-08-24 12:31:46.508416-04,6.892,5.015165,2,7412,1,1
244,1,2026-08-24 12:31:47.50818-04,6.89,4.014549,2,7442,1,1
245,1,2026-08-24 12:31:48.509093-04,6.918,5.019014,2,7472,1,1
246,1,2026-08-24 12:31:49.508294-04,6.917,4.01902,2,7502,1,1
247,1,2026-08-24 12:31:50.509262-04,6.901,5.024621,2,7532,1,1
248,1,2026-08-24 12:31:51.50858-04,6.9,4.024121,2,7562,1,1
249,1,2026-08-24 12:31:52.509789-04,6.906,5.007189,2,7592,1,1
250,1,2026-08-24 12:31:53.509349-04,6.907,4.009396,2,7622,1,1
251,1,2026-08-24 12:31:54.509601-04,6.914,5.036915,2,7652,1,1
252,1,2026-08-24 12:31:55.507552-04,6.914,4.037842,2,7682,1,1
253,1,2026-08-24 12:31:56.510465-04,6.917,4.996811,2,7712,1,1
254,1,2026-08-24 12:31:57.508818-04,6.919,4.000615,2,7742,1,1
255,1,2026-08-24 12:31:58.508664-04,6.902,5.004273,2,7772,1,1
256,1,2026-08-24 12:31:59.509651-04,6.903,4.005286,2,7802,1,1
257,1,2026-08-24 12:32:00.508011-04,6.909,5.032223,2,7832,1,1
258,1,2026-08-24 12:32:01.508643-04,6.908,4.03122,2,7862,1,1
259,1,2026-08-24 12:32:02.508668-04,6.892,5.015553,2,7892,1,1
260,1,2026-08-24 12:32:03.507738-04,6.891,4.014172,2,7922,1,1
261,1,2026-08-24 12:32:04.51073-04,6.896,5.018786,2,7952,1,1
262,1,2026-08-24 12:32:05.507608-04,6.895,4.018738,2,7982,1,1
263,1,2026-08-24 12:32:06.509092-04,6.921,5.023566,2,8012,1,1
264,1,2026-08-24 12:32:07.510025-04,6.922,4.02494,2,8042,1,1
265,1,2026-08-24 12:32:08.510166-04,6.907,5.030507,2,8072,1,1
266,1,2026-08-24 12:32:09.509399-04,6.909,4.032298,2,8102,1,1
267,1,2026-08-24 12:32:10.508425-04,6.914,5.015643,2,8132,1,1
268,1,2026-08-24 12:32:11.511582-04,6.914,4.015991,2,8162,1,1
269,1,2026-08-24 12:32:12.512755-04,6.917,5.018216,2,8192,1,1
270,1,2026-08-24 12:32:13.509854-04,6.918,4.020775,2,8222,1,1
271,1,2026-08-24 12:32:14.509812-04,6.925,5.026152,2,8252,1,1
272,1,2026-08-24 12:32:15.507578-04,6.924,4.026349,2,8282,1,1
273,1,2026-08-24 12:32:16.510411-04,6.907,5.029227,2,8312,1,1
274,1,2026-08-24 12:32:17.509178-04,6.906,4.029973,2,8342,1,1
275,1,2026-08-24 12:32:18.51032-04,6.912,5.012975,2,8372,1,1
276,1,2026-08-24 12:32:19.509722-04,6.912,4.014417,2,8402,1,1
277,1,2026-08-24 12:32:20.508895-04,6.917,5.039959,2,8432,1,1
278,1,2026-08-24 12:32:21.509429-04,6.916,4.039474,2,8462,1,1
279,1,2026-08-24 12:32:22.51035-04,6.923,4.997011,2,8492,1,1
280,1,2026-08-24 12:32:23.551772-04,6.924,3.999265,2,8522,1,1
281,1,2026-08-24 12:32:24.509313-04,6.909,5.004686,2,8552,1,1
282,1,2026-08-24 12:32:25.507952-04,6.909,4.005544,2,8582,1,1
283,1,2026-08-24 12:32:26.508286-04,6.905,5.007419,2,8612,1,1
284,1,2026-08-24 12:32:27.508819-04,6.908,4.010112,2,8642,1,1
285,1,2026-08-24 12:32:28.509051-04,6.893,5.015136,2,8672,1,1
286,1,2026-08-24 12:32:29.507946-04,6.892,4.015842,2,8702,1,1
287,1,2026-08-24 12:32:30.513291-04,6.898,4.99937,2,8732,1,1
288,1,2026-08-24 12:32:31.508928-04,6.897,3.998989,2,8762,1,1
289,1,2026-08-24 12:32:32.508464-04,6.901,5.024152,2,8792,1,1
290,1,2026-08-24 12:32:33.513323-04,6.901,4.0248,2,8822,1,1
291,1,2026-08-24 12:32:34.508711-04,6.907,5.009396,2,8852,1,1
292,1,2026-08-24 12:32:35.509239-04,6.906,4.008382,2,8882,1,1
293,1,2026-08-24 12:32:36.50801-04,6.891,5.01431,2,8912,1,1
294,1,2026-08-24 12:32:37.508305-04,6.89,4.013104,2,8942,1,1
295,1,2026-08-24 12:32:38.509665-04,6.918,5.019807,2,8972,1,1
296,1,2026-08-24 12:32:39.509244-04,6.919,4.021627,2,9002,1,1
297,1,2026-08-24 12:32:40.510263-04,6.903,5.02565,2,9032,1,1
298,1,2026-08-24 12:32:41.511183-04,6.903,4.026279,2,9062,1,1
299,1,2026-08-24 12:32:42.510376-04,6.907,5.008604,2,9092,1,1
300,1,2026-08-24 12:32:43.508064-04,6.908,4.010005,2,9122,1,1
301,1,2026-08-24 12:32:44.509955-04,6.914,5.036591,2,9152,1,1
302,1,2026-08-24 12:32:45.507557-04,6.914,4.037274,2,9182,1,1
303,1,2026-08-24 12:32:46.509154-04,6.919,4.999532,2,9212,1,1
304,1,2026-08-24 12:32:47.508184-04,6.918,3.998971,2,9242,1,1
305,1,2026-08-24 12:32:48.508971-04,6.902,5.003229,2,9272,1,1
306,1,2026-08-24 12:32:49.508826-04,6.902,4.003736,2,9302,1,1
307,1,2026-08-24 12:32:50.507594-04,6.906,5.029881,2,9332,1,1
308,1,2026-08-24 12:32:51.507943-04,6.906,4.029383,2,9362,1,1
309,1,2026-08-24 12:32:52.507935-04,6.89,5.013243,2,9392,1,1
310,1,2026-08-24 12:32:53.507601-04,6.891,4.015487,2,9422,1,1
311,1,2026-08-24 12:32:54.507981-04,6.898,5.02127,2,9452,1,1
312,1,2026-08-24 12:32:55.507006-04,6.898,4.021584,2,9482,1,1
313,1,2026-08-24 12:32:56.509634-04,6.921,5.022382,2,9512,1,1
314,1,2026-08-24 12:32:57.508973-04,6.922,4.02465,2,9542,1,1
315,1,2026-08-24 12:32:58.508809-04,6.909,5.031454,2,9572,1,1
316,1,2026-08-24 12:32:59.508317-04,6.908,4.032246,2,9602,1,1
317,1,2026-08-24 12:33:00.5075-04,6.914,5.015813,2,9632,1,1
318,1,2026-08-24 12:33:01.508095-04,6.913,4.015382,2,9662,1,1
319,1,2026-08-24 12:33:02.508946-04,6.919,5.020345,2,9692,1,1
320,1,2026-08-24 12:33:03.508414-04,6.918,4.019935,2,9722,1,1
321,1,2026-08-24 12:33:04.50902-04,6.924,5.024955,2,9752,1,1
322,1,2026-08-24 12:33:05.507866-04,6.922,4.024226,2,9782,1,1
323,1,2026-08-24 12:33:06.50881-04,6.906,5.029869,2,9812,1,1
324,1,2026-08-24 12:33:07.509514-04,6.906,4.028359,2,9842,1,1
325,1,2026-08-24 12:33:08.509952-04,6.913,5.014218,2,9872,1,1
326,1,2026-08-24 12:33:09.51011-04,6.914,4.016094,2,9902,1,1
327,1,2026-08-24 12:33:10.507889-04,6.919,5.042543,2,9932,1,1
328,1,2026-08-24 12:33:11.509551-04,6.92,4.043653,2,9962,1,1
329,1,2026-08-24 12:33:12.51043-04,6.923,4.997135,2,9992,1,1
330,1,2026-08-24 12:33:13.508924-04,6.924,3.999548,2,10022,1,1
331,1,2026-08-24 12:33:14.510045-04,6.909,5.004476,2,10052,1,1
332,1,2026-08-24 12:33:15.506958-04,6.907,4.005325,2,10082,1,1
333,1,2026-08-24 12:33:16.512726-04,6.908,5.008798,2,10112,1,1
334,1,2026-08-24 12:33:17.509322-04,6.908,4.009943,2,10142,1,1
335,1,2026-08-24 12:33:18.509319-04,6.892,5.01411,2,10172,1,1
336,1,2026-08-24 12:33:19.507877-04,6.89,4.013699,2,10202,1,1
337,1,2026-08-24 12:33:20.510184-04,6.896,4.997441,2,10232,1,1
338,1,2026-08-24 12:33:21.508117-04,6.896,3.997992,2,10262,1,1
339,1,2026-08-24 12:33:22.510398-04,6.901,5.001769,2,10292,1,1
340,1,2026-08-24 12:33:23.50874-04,6.902,4.003843,2,10322,1,1
341,1,2026-08-24 12:33:24.508378-04,6.909,5.011269,2,10352,1,1
342,1,2026-08-24 12:33:25.507579-04,6.909,4.010828,2,10382,1,1
343,1,2026-08-24 12:33:26.511077-04,6.893,5.015562,2,10412,1,1
344,1,2026-08-24 12:33:27.508735-04,6.89,4.013838,2,10442,1,1
345,1,2026-08-24 12:33:28.511492-04,6.898,5.020461,2,10472,1,1
346,1,2026-08-24 12:33:29.508789-04,6.897,4.020856,2,10502,1,1
347,1,2026-08-24 12:33:30.506862-04,6.904,5.02733,2,10532,1,1
348,1,2026-08-24 12:33:31.509371-04,6.903,4.026128,2,10562,1,1
349,1,2026-08-24 12:33:32.509394-04,6.908,5.03098,2,10592,1,1
350,1,2026-08-24 12:33:33.509759-04,6.907,4.030099,2,10622,1,1
351,1,2026-08-24 12:33:34.509061-04,6.913,5.014336,2,10652,1,1
352,1,2026-08-24 12:33:35.507378-04,6.911,4.013076,2,10682,1,1
353,1,2026-08-24 12:33:36.509158-04,6.918,5.018701,2,10712,1,1
354,1,2026-08-24 12:33:37.508536-04,6.917,4.018851,2,10742,1,1
355,1,2026-08-24 12:33:38.508953-04,6.924,5.024763,2,10772,1,1
356,1,2026-08-24 12:33:39.508691-04,6.925,4.026787,2,10802,1,1
357,1,2026-08-24 12:33:40.507305-04,6.909,5.031813,2,10832,1,1
358,1,2026-08-24 12:33:41.508459-04,6.909,4.032345,2,10862,1,1
359,1,2026-08-24 12:33:42.50813-04,6.912,5.013767,2,10892,1,1
360,1,2026-08-24 12:33:43.508986-04,6.913,4.015311,2,10922,1,1
361,1,2026-08-24 12:33:44.509943-04,6.921,5.022067,2,10952,1,1
362,1,2026-08-24 12:33:45.50764-04,6.919,4.020489,2,10982,1,1
363,1,2026-08-24 12:33:46.509252-04,6.925,5.026548,2,11012,1,1
364,1,2026-08-24 12:33:47.51-04,6.924,4.02516,2,11042,1,1
365,1,2026-08-24 12:33:48.509303-04,6.908,5.030652,2,11072,1,1
366,1,2026-08-24 12:33:49.509103-04,6.907,4.02939,2,11102,1,1
367,1,2026-08-24 12:33:50.507914-04,6.912,5.008125,2,11132,1,1
368,1,2026-08-24 12:33:51.509845-04,6.912,4.007692,2,11162,1,1
369,1,2026-08-24 12:33:52.510361-04,6.917,5.012413,2,11192,1,1
370,1,2026-08-24 12:33:53.510364-04,6.918,4.014645,2,11222,1,1
371,1,2026-08-24 12:33:54.510499-04,6.897,4.998118,2,11252,1,1
372,1,2026-08-24 12:33:55.508334-04,6.899,4.000756,2,11282,1,1
373,1,2026-08-24 12:33:56.510548-04,6.904,5.004879,2,11312,1,1
374,1,2026-08-24 12:33:57.509565-04,6.903,4.005183,2,11342,1,1
375,1,2026-08-24 12:33:58.509465-04,6.908,5.009234,2,11372,1,1
376,1,2026-08-24 12:33:59.509351-04,6.909,4.010978,2,11402,1,1
377,1,2026-08-24 12:34:00.508476-04,6.893,5.015459,2,11432,1,1
378,1,2026-08-24 12:34:01.509463-04,6.892,4.01493,2,11462,1,1
379,1,2026-08-24 12:34:02.510227-04,6.898,5.020176,2,11492,1,1
380,1,2026-08-24 12:34:03.50941-04,6.897,4.020359,2,11522,1,1
381,1,2026-08-24 12:34:04.51095-04,6.902,5.024826,2,11552,1,1
382,1,2026-08-24 12:34:05.508195-04,6.901,4.023696,2,11582,1,1
383,1,2026-08-24 12:34:06.510003-04,6.907,5.008312,2,11612,1,1
384,1,2026-08-24 12:34:07.509751-04,6.906,4.008648,2,11642,1,1
385,1,2026-08-24 12:34:08.509827-04,6.913,5.014067,2,11672,1,1
386,1,2026-08-24 12:34:09.50887-04,6.914,4.016355,2,11702,1,1
387,1,2026-08-24 12:34:10.508321-04,6.919,5.020472,2,11732,1,1
388,1,2026-08-24 12:34:11.509159-04,6.92,4.021868,2,11762,1,1
389,1,2026-08-24 12:34:12.509063-04,6.902,5.024244,2,11792,1,1
390,1,2026-08-24 12:34:13.509713-04,6.903,4.026402,2,11822,1,1
391,1,2026-08-24 12:34:14.510508-04,6.908,5.009051,2,11852,1,1
392,1,2026-08-24 12:34:15.508647-04,6.909,4.010667,2,11882,1,1
393,1,2026-08-24 12:34:16.509194-04,6.915,5.01572,2,11912,1,1
394,1,2026-08-24 12:34:17.509075-04,6.913,4.015045,2,11942,1,1
395,1,2026-08-24 12:34:18.509274-04,6.898,5.020201,2,11972,1,1
396,1,2026-08-24 12:34:19.510797-04,6.896,4.018801,2,12002,1,1
397,1,2026-08-24 12:34:20.508291-04,6.902,5.024054,2,12032,1,1
398,1,2026-08-24 12:34:21.50925-04,6.901,4.023763,2,12062,1,1
399,1,2026-08-24 12:34:22.509658-04,6.905,5.027894,2,12092,1,1
400,1,2026-08-24 12:34:23.509097-04,6.907,4.030789,2,12122,1,1
401,1,2026-08-24 12:34:24.509095-04,6.913,5.014184,2,12152,1,1
402,1,2026-08-24 12:34:25.512446-04,6.914,4.015162,2,12182,1,1
403,1,2026-08-24 12:34:26.513549-04,6.92,5.021043,2,12212,1,1
404,1,2026-08-24 12:34:27.509271-04,6.919,4.021408,2,12242,1,1
405,1,2026-08-24 12:34:28.509038-04,6.924,5.024919,2,12272,1,1
406,1,2026-08-24 12:34:29.508783-04,6.925,4.026966,2,12302,1,1
407,1,2026-08-24 12:34:30.508406-04,6.909,5.031467,2,12332,1,1
408,1,2026-08-24 12:34:31.509215-04,6.908,4.031291,2,12362,1,1
409,1,2026-08-24 12:34:32.509782-04,6.913,5.014373,2,12392,1,1
410,1,2026-08-24 12:34:33.509339-04,6.912,4.01399,2,12422,1,1
411,1,2026-08-24 12:34:34.508899-04,6.918,5.019598,2,12452,1,1
412,1,2026-08-24 12:34:35.511452-04,6.917,4.0194,2,12482,1,1
413,1,2026-08-24 12:34:36.509278-04,6.923,5.023926,2,12512,1,1
414,1,2026-08-24 12:34:37.509265-04,6.922,4.023414,2,12542,1,1
415,1,2026-08-24 12:34:38.51368-04,6.908,5.029187,2,12572,1,1
416,1,2026-08-24 12:34:39.510934-04,6.908,4.031148,2,12602,1,1
417,1,2026-08-24 12:34:40.50802-04,6.916,5.0116,2,12632,1,1
418,1,2026-08-24 12:34:41.509357-04,6.915,4.010633,2,12662,1,1
419,1,2026-08-24 12:34:42.509583-04,6.918,5.013385,2,12692,1,1
420,1,2026-08-24 12:34:43.508718-04,6.92,4.016574,2,12722,1,1
421,1,2026-08-24 12:34:44.510023-04,6.899,5.00023,2,12752,1,1
422,1,2026-08-24 12:34:45.508729-04,6.898,4.00014,2,12782,1,1
423,1,2026-08-24 12:34:46.509823-04,6.904,5.005169,2,12812,1,1
424,1,2026-08-24 12:34:47.509805-04,6.902,4.003854,2,12842,1,1
425,1,2026-08-24 12:34:48.509416-04,6.908,5.010601,2,12872,1,1
426,1,2026-08-24 12:34:49.510327-04,6.891,4.006894,2,12902,1,1
427,1,2026-08-24 12:34:50.509994-04,6.891,5.012562,2,12932,1,1
428,1,2026-08-24 12:34:51.509485-04,6.891,4.014453,2,12962,1,1
429,1,2026-08-24 12:34:52.510334-04,6.895,5.017824,2,12992,1,1
430,1,2026-08-24 12:34:53.512342-04,6.897,4.019572,2,13022,1,1
431,1,2026-08-24 12:34:54.510475-04,6.903,5.02455,2,13052,1,1
432,1,2026-08-24 12:34:55.51215-04,6.904,4.026445,2,13082,1,1
433,1,2026-08-24 12:34:56.510043-04,6.909,5.031775,2,13112,1,1
434,1,2026-08-24 12:34:57.510102-04,6.907,4.029275,2,13142,1,1
435,1,2026-08-24 12:34:58.510271-04,6.913,5.008096,2,13172,1,1
436,1,2026-08-24 12:34:59.509979-04,6.913,4.010224,2,13202,1,1
437,1,2026-08-24 12:35:00.50977-04,6.919,5.013941,2,13232,1,1
438,1,2026-08-24 12:35:01.509985-04,6.918,4.01525,2,13262,1,1
439,1,2026-08-24 12:35:02.511-04,6.897,4.998419,2,13292,1,1
440,1,2026-08-24 12:35:03.508581-04,6.897,3.999312,2,13322,1,1
441,1,2026-08-24 12:35:04.509299-04,6.902,5.002986,2,13352,1,1
442,1,2026-08-24 12:35:05.508768-04,6.901,4.003531,2,13382,1,1
443,1,2026-08-24 12:35:06.509589-04,6.907,5.00758,2,13412,1,1
444,1,2026-08-24 12:35:07.509443-04,6.906,4.008332,2,13442,1,1
445,1,2026-08-24 12:35:08.510609-04,6.891,5.013451,2,13472,1,1
446,1,2026-08-24 12:35:09.511054-04,6.893,4.014047,2,13502,1,1
447,1,2026-08-24 12:35:10.509282-04,6.898,4.999591,2,13532,1,1
448,1,2026-08-24 12:35:11.509696-04,6.899,4.00104,2,13562,1,1
449,1,2026-08-24 12:35:12.509712-04,6.901,5.00212,2,13592,1,1
450,1,2026-08-24 12:35:13.509962-04,6.903,4.004291,2,13622,1,1
451,1,2026-08-24 12:35:14.510709-04,6.908,5.00811,2,13652,1,1
452,1,2026-08-24 12:35:15.510444-04,6.909,4.010192,2,13682,1,1
453,1,2026-08-24 12:35:16.510517-04,6.892,5.014745,2,13712,1,1
454,1,2026-08-24 12:35:17.509747-04,6.893,4.015128,2,13742,1,1
455,1,2026-08-24 12:35:18.510013-04,6.898,5.020311,2,13772,1,1
456,1,2026-08-24 12:35:19.510697-04,6.896,4.019047,2,13802,1,1
457,1,2026-08-24 12:35:20.509931-04,6.901,5.024712,2,13832,1,1
458,1,2026-08-24 12:35:21.512046-04,6.902,4.025144,2,13862,1,1
459,1,2026-08-24 12:35:22.510065-04,6.906,5.007385,2,13892,1,1
460,1,2026-08-24 12:35:23.509644-04,6.907,4.00934,2,13922,1,1
461,1,2026-08-24 12:35:24.510519-04,6.914,5.015028,2,13952,1,1
462,1,2026-08-24 12:35:25.508675-04,6.916,4.016908,2,13982,1,1
463,1,2026-08-24 12:35:26.508594-04,6.919,5.021633,2,14012,1,1
464,1,2026-08-24 12:35:27.508442-04,6.92,4.02235,2,14042,1,1
465,1,2026-08-24 12:35:28.508528-04,6.903,5.025229,2,14072,1,1
466,1,2026-08-24 12:35:29.50857-04,6.902,4.025644,2,14102,1,1
467,1,2026-08-24 12:35:30.509339-04,6.908,5.009213,2,14132,1,1
468,1,2026-08-24 12:35:31.509156-04,6.908,4.010379,2,14162,1,1
469,1,2026-08-24 12:35:32.509192-04,6.914,5.014996,2,14192,1,1
470,1,2026-08-24 12:35:33.5095-04,6.913,4.013689,2,14222,1,1
471,1,2026-08-24 12:35:34.510023-04,6.897,4.997445,2,14252,1,1
472,1,2026-08-24 12:35:35.511004-04,6.895,3.996546,2,14282,1,1
473,1,2026-08-24 12:35:36.511712-04,6.902,5.001194,2,14312,1,1
474,1,2026-08-24 12:35:37.51045-04,6.901,4.003534,2,14342,1,1
475,1,2026-08-24 12:35:38.51189-04,6.908,5.008169,2,14372,1,1
476,1,2026-08-24 12:35:39.511759-04,6.91,4.011751,2,14402,1,1
477,1,2026-08-24 12:35:40.508878-04,6.895,5.017599,2,14432,1,1
478,1,2026-08-24 12:35:41.510427-04,6.895,4.018116,2,14462,1,1
479,1,2026-08-24 12:35:42.509067-04,6.901,5.024002,2,14492,1,1
480,1,2026-08-24 12:35:43.511168-04,6.897,4.019692,2,14522,1,1
481,1,2026-08-24 12:35:44.510941-04,6.903,5.0244,2,14552,1,1
482,1,2026-08-24 12:35:45.510446-04,6.905,4.027041,2,14582,1,1
483,1,2026-08-24 12:35:46.510754-04,6.912,5.032054,2,14612,1,1
484,1,2026-08-24 12:35:47.510744-04,6.908,4.031795,2,14642,1,1
485,1,2026-08-24 12:35:48.510362-04,6.916,5.009411,2,14672,1,1
486,1,2026-08-24 12:35:49.509702-04,6.912,4.008138,2,14702,1,1
487,1,2026-08-24 12:35:50.510826-04,6.919,5.013539,2,14732,1,1
488,1,2026-08-24 12:35:51.509876-04,6.918,4.013651,2,14762,1,1
489,1,2026-08-24 12:35:52.510654-04,6.897,4.995801,2,14792,1,1
490,1,2026-08-24 12:35:53.508769-04,6.898,3.999818,2,14822,1,1
491,1,2026-08-24 12:35:54.510668-04,6.905,5.003977,2,14852,1,1
492,1,2026-08-24 12:35:55.510659-04,6.906,4.007518,2,14882,1,1
493,1,2026-08-24 12:35:56.509731-04,6.911,5.01138,2,14912,1,1
494,1,2026-08-24 12:35:57.511785-04,6.908,4.00673,2,14942,1,1.05
495,1,2026-08-24 12:35:58.510867-04,6.903,5.023179,2,14972,1,1.05
496,1,2026-08-24 12:35:59.518852-04,6.884,4.006405,2,15002,1,1
497,1,2026-08-24 12:36:00.510496-04,6.892,4.992155,2,15033,1,1
498,1,2026-08-24 12:36:01.518484-04,6.891,3.992577,2,15063,1,1
499,1,2026-08-24 12:36:02.508693-04,6.896,4.996719,2,15093,1,1
500,1,2026-08-24 12:36:03.513359-04,6.895,3.996372,2,15123,1,1
501,1,2026-08-24 12:36:04.512041-04,6.899,4.997977,2,15153,1,1
502,1,2026-08-24 12:36:05.510097-04,6.899,4.001318,2,15183,1,1
503,1,2026-08-24 12:36:06.511988-04,6.882,5.00369,2,15213,1,1
504,1,2026-08-24 12:36:07.510717-04,6.882,4.004557,2,15243,1,1
505,1,2026-08-24 12:36:08.510586-04,6.888,5.010522,2,15273,1,1
506,1,2026-08-24 12:36:09.512289-04,6.89,4.011928,2,15303,1,1
507,1,2026-08-24 12:36:10.510714-04,6.896,5.01616,2,15333,1,1
508,1,2026-08-24 12:36:11.511934-04,6.899,4.020307,2,15363,1,1
509,1,2026-08-24 12:36:12.511414-04,6.902,5.001716,2,15393,1,1
510,1,2026-08-24 12:36:13.510848-04,6.902,4.003777,2,15423,1,1
511,1,2026-08-24 12:36:14.51335-04,6.906,5.006477,2,15453,1,1
512,1,2026-08-24 12:36:15.510333-04,6.907,4.007761,2,15483,1,1
513,1,2026-08-24 12:36:16.511413-04,6.912,5.012368,2,15513,1,1
514,1,2026-08-24 12:36:17.510486-04,6.912,4.012766,2,15543,1,1
515,1,2026-08-24 12:36:18.510666-04,6.894,4.993291,2,15573,1,1
516,1,2026-08-24 12:36:19.510024-04,6.894,3.995099,2,15603,1,1
517,1,2026-08-24 12:36:20.512615-04,6.9,4.977467,2,15633,1,1
518,1,2026-08-24 12:36:21.510449-04,6.898,3.977656,2,15663,1,1
519,1,2026-08-24 12:36:22.511127-04,6.903,4.980842,2,15693,1,1
520,1,2026-08-24 12:36:23.510944-04,6.905,3.984343,2,15723,1,1
521,1,2026-08-24 12:36:24.511792-04,6.891,5.011073,2,15753,1,1
522,1,2026-08-24 12:36:25.51056-04,6.876,4.013351,2,15783,1,1
523,1,2026-08-24 12:36:26.51126-04,6.871,4.991262,2,15813,1,1
524,1,2026-08-24 12:36:27.514479-04,6.876,3.998564,2,15843,1,1
525,1,2026-08-24 12:36:28.510847-04,6.878,4.998998,2,15873,1,1
526,1,2026-08-24 12:36:29.511061-04,6.88,4.002149,2,15903,1,1
527,1,2026-08-24 12:36:30.510768-04,6.905,5.004793,2,15933,1,1
528,1,2026-08-24 12:36:31.509137-04,6.908,4.008685,2,15963,1,1
529,1,2026-08-24 12:36:32.5138-04,6.892,5.014108,2,15993,1,1
530,1,2026-08-24 12:36:33.510524-04,6.89,4.012016,2,16023,1,1
531,1,2026-08-24 12:36:34.509285-04,6.894,4.995228,2,16053,1,1
532,1,2026-08-24 12:36:35.509456-04,6.894,3.995864,2,16083,1,1
533,1,2026-08-24 12:36:36.510724-04,6.897,4.997477,2,16113,1,1
534,1,2026-08-24 12:36:37.509616-04,6.898,3.998749,2,16143,1,1
535,1,2026-08-24 12:36:38.511074-04,6.905,5.004032,2,16173,1,1
536,1,2026-08-24 12:36:39.510159-04,6.906,4.007233,2,16203,1,1
537,1,2026-08-24 12:36:40.51129-04,6.892,5.012073,2,16233,1,1
538,1,2026-08-24 12:36:41.513327-04,6.891,4.014737,2,16263,1,1
539,1,2026-08-24 12:36:42.511777-04,6.893,4.992588,2,16293,1,1
540,1,2026-08-24 12:36:43.510165-04,6.896,3.997053,2,16323,1,1
541,1,2026-08-24 12:36:44.515016-04,6.899,5.02124,2,16353,1,1
542,1,2026-08-24 12:36:45.518191-04,6.9,4.02116,2,16383,1,1
543,1,2026-08-24 12:36:46.514666-04,6.907,5.006483,2,16413,1,1
544,1,2026-08-24 12:36:47.511366-04,6.905,4.007314,2,16443,1,1
545,1,2026-08-24 12:36:48.511574-04,6.889,5.010654,2,16473,1,1
546,1,2026-08-24 12:36:49.511147-04,6.889,4.011108,2,16503,1,1
547,1,2026-08-24 12:36:50.512293-04,6.915,5.014333,2,16533,1,1
548,1,2026-08-24 12:36:51.51084-04,6.914,4.015143,2,16563,1,1
549,1,2026-08-24 12:36:52.51334-04,6.899,5.019352,2,16593,1,1
550,1,2026-08-24 12:36:53.511258-04,6.899,4.021765,2,16623,1,1
551,1,2026-08-24 12:36:54.511223-04,6.907,5.005675,2,16653,1,1
552,1,2026-08-24 12:36:55.511527-04,6.908,4.009188,2,16683,1,1
553,1,2026-08-24 12:36:56.512088-04,6.913,5.033387,2,16713,1,1
554,1,2026-08-24 12:36:57.511706-04,6.913,4.035254,2,16743,1,1
555,1,2026-08-24 12:36:58.511342-04,6.916,4.988636,2,16773,1,1
556,1,2026-08-24 12:36:59.512047-04,6.917,3.991643,2,16803,1,1
557,1,2026-08-24 12:37:00.511352-04,6.899,4.993948,2,16833,1,1
558,1,2026-08-24 12:37:01.51036-04,6.902,3.998485,2,16863,1,1
559,1,2026-08-24 12:37:02.50995-04,6.901,5.001947,2,16893,1,1
560,1,2026-08-24 12:37:03.510985-04,6.898,3.999789,2,16922,1,1
561,1,2026-08-24 12:37:04.511207-04,6.883,5.004421,2,16952,1,1
562,1,2026-08-24 12:37:05.510148-04,6.889,4.004873,2,16982,1,1
563,1,2026-08-24 12:37:06.510182-04,6.888,4.988243,2,17012,1,1
564,1,2026-08-24 12:37:07.509368-04,6.887,3.988565,2,17042,1,1
565,1,2026-08-24 12:37:08.512247-04,6.894,5.0146,2,17072,1,1
566,1,2026-08-24 12:37:09.511622-04,6.896,4.017359,2,17102,1,1
567,1,2026-08-24 12:37:10.51128-04,6.902,5.0014,2,17132,1,1
568,1,2026-08-24 12:37:11.509975-04,6.9,4.001415,2,17162,1,1
569,1,2026-08-24 12:37:12.514648-04,6.887,5.007139,2,17192,1,1
570,1,2026-08-24 12:37:13.516891-04,6.882,4.004933,2,17222,1,1
571,1,2026-08-24 12:37:14.515669-04,6.912,5.032826,2,17252,1,1
572,1,2026-08-24 12:37:15.51125-04,6.909,4.031679,2,17282,1,1
573,1,2026-08-24 12:37:16.511545-04,6.896,4.990986,2,17312,1,1
574,1,2026-08-24 12:37:17.51352-04,6.897,3.992529,2,17342,1,1
575,1,2026-08-24 12:37:18.513327-04,6.898,4.991871,2,17372,1,1
576,1,2026-08-24 12:37:19.510811-04,6.9,3.996129,2,17402,1,1
577,1,2026-08-24 12:37:20.511404-04,6.899,4.99897,2,17432,1,1
578,1,2026-08-24 12:37:21.510668-04,6.897,3.999628,2,17462,1,1
579,1,2026-08-24 12:37:22.511362-04,6.881,5.003917,2,17492,1,1
580,1,2026-08-24 12:37:23.511844-04,6.883,4.005998,2,17522,1,1
581,1,2026-08-24 12:37:24.51278-04,6.888,4.987526,2,17553,1,1
582,1,2026-08-24 12:37:25.51035-04,6.89,3.990017,2,17583,1,1
583,1,2026-08-24 12:37:26.511122-04,6.897,4.996213,2,17612,1,1
584,1,2026-08-24 12:37:27.511045-04,6.895,3.997432,2,17642,1,1
585,1,2026-08-24 12:37:28.510765-04,6.9,4.999202,2,17672,1,1
586,1,2026-08-24 12:37:29.509984-04,6.899,4.000649,2,17702,1,1
587,1,2026-08-24 12:37:30.527282-04,6.884,5.004087,2,17732,1,1
588,1,2026-08-24 12:37:31.511318-04,6.886,4.009075,2,17762,1,1
589,1,2026-08-24 12:37:32.51001-04,6.891,4.991107,2,17792,1,1
590,1,2026-08-24 12:37:33.509829-04,6.888,3.989092,2,17822,1,1
591,1,2026-08-24 12:37:34.508373-04,6.895,5.017583,2,17852,1,1
592,1,2026-08-24 12:37:35.511681-04,6.893,4.015903,2,17882,1,1
593,1,2026-08-24 12:37:36.511482-04,6.899,4.998631,2,17912,1,1
594,1,2026-08-24 12:37:37.563792-04,6.898,3.998785,2,17942,1,1
595,1,2026-08-24 12:37:38.511123-04,6.882,5.002242,2,17972,1,1
596,1,2026-08-24 12:37:39.510543-04,6.885,4.007534,2,18002,1,1
597,1,2026-08-24 12:37:40.512844-04,6.909,5.008377,2,18033,1,1
598,1,2026-08-24 12:37:41.510543-04,6.912,4.012854,2,18062,1,1
599,2,2026-08-24 12:48:02.105665-04,17.223,11.416232,0,20,1,1.05
600,2,2026-08-24 12:48:03.103758-04,17.181,10.373793,0,52,1,1.05
601,2,2026-08-24 12:48:04.104459-04,17.13,9.323447,0,83,1,1.05
602,2,2026-08-24 12:48:05.103184-04,17.078,8.271066,0,115,1,1.05
603,2,2026-08-24 12:48:06.103453-04,17.019,11.232173,0,141,1,1.05
604,2,2026-08-24 12:48:07.104435-04,16.969,10.182278,7,177,1,1.05
605,2,2026-08-24 12:48:08.105035-04,16.916,9.130499,7,209,1,1.05
606,2,2026-08-24 12:48:09.106555-04,16.865,8.078966,7,241,1,1.05
607,2,2026-08-24 12:48:10.103014-04,16.826,11.038768,7,272,1,1.05
608,2,2026-08-24 12:48:11.105981-04,16.812,10.024758,7,303,1,1
609,2,2026-08-24 12:48:12.107319-04,16.811,9.023678,7,333,1,1
610,2,2026-08-24 12:48:13.108733-04,16.811,8.024752,7,363,1,1
611,2,2026-08-24 12:48:14.106494-04,16.799,11.011746,7,393,1,1
612,2,2026-08-24 12:48:15.10518-04,16.8,10.012701,7,423,1,1
613,2,2026-08-24 12:48:16.107484-04,16.8,9.012764,7,453,1,1
614,2,2026-08-24 12:48:17.104054-04,16.799,8.012702,7,483,1,1
615,2,2026-08-24 12:48:18.104772-04,16.808,11.021488,7,513,1,1
616,2,2026-08-24 12:48:19.105368-04,16.809,10.021994,7,543,1,1
617,2,2026-08-24 12:48:20.109271-04,16.809,9.022061,7,573,1,1
618,2,2026-08-24 12:48:21.108442-04,16.81,8.024217,7,603,1,1
619,2,2026-08-24 12:48:22.104187-04,16.82,11.011805,7,633,1,1
620,2,2026-08-24 12:48:23.104469-04,16.819,10.011113,7,663,1,1
621,2,2026-08-24 12:48:24.105392-04,16.819,9.011024,7,693,1,1
622,2,2026-08-24 12:48:25.106946-04,16.82,8.013241,7,723,1,1
623,2,2026-08-24 12:48:26.115672-04,16.811,11.003921,7,753,1,1
624,2,2026-08-24 12:48:27.104641-04,16.811,10.002402,7,783,1,1
625,2,2026-08-24 12:48:28.103893-04,16.811,9.003336,7,813,1,1
626,2,2026-08-24 12:48:29.102545-04,16.81,8.002389,7,843,1,1
627,2,2026-08-24 12:48:30.108348-04,16.8,11.013758,7,873,1,1
628,2,2026-08-24 12:48:31.103564-04,16.798,10.011618,7,903,1,1
629,2,2026-08-24 12:48:32.103992-04,16.799,9.011991,7,933,1,1
630,2,2026-08-24 12:48:33.102932-04,16.798,8.011898,7,963,1,1
631,2,2026-08-24 12:48:34.103333-04,16.785,15.00929,7,993,1,1.05
632,2,2026-08-24 12:48:35.10323-04,16.734,13.957382,7,1025,1,1.05
633,2,2026-08-24 12:48:36.102297-04,16.683,12.908096,7,1056,1,1.05
634,2,2026-08-24 12:48:37.101558-04,16.622,11.858052,7,1088,1,1.05
635,2,2026-08-24 12:48:38.115575-04,16.571,14.76852,7,1119,1,1.05
636,2,2026-08-24 12:48:39.113817-04,16.52,13.716795,7,1151,1,1.05
637,2,2026-08-24 12:48:40.103099-04,16.469,12.667342,7,1182,1,1.05
638,2,2026-08-24 12:48:41.103032-04,16.43,11.617257,7,1214,1,1.05
639,2,2026-08-24 12:48:42.106594-04,16.389,14.585914,7,1245,1,1.05
640,2,2026-08-24 12:48:43.105287-04,16.337,13.533745,7,1277,1,1.05
641,2,2026-08-24 12:48:44.102889-04,16.284,12.482214,7,1308,1,1.05
642,2,2026-08-24 12:48:45.102697-04,16.244,11.431601,7,1340,1,1.05
643,2,2026-08-24 12:48:46.10387-04,16.189,14.365112,7,1371,1,1.05
644,2,2026-08-24 12:48:47.106855-04,16.139,13.314687,7,1403,1,1.05
645,2,2026-08-24 12:48:48.106072-04,16.087,12.26273,7,1434,1,1.05
646,2,2026-08-24 12:48:49.104576-04,16.029,11.222075,7,1466,1,1.05
647,2,2026-08-24 12:48:50.10453-04,15.977,14.179633,7,1498,1,1.05
648,2,2026-08-24 12:48:51.103758-04,15.929,13.131324,7,1529,1,1.05
649,2,2026-08-24 12:48:52.113658-04,15.878,12.080337,7,1560,1,1.05
650,2,2026-08-24 12:48:53.108384-04,15.815,11.029576,7,1592,1,1.05
651,2,2026-08-24 12:48:54.104206-04,15.764,13.98777,7,1623,1,1.05
652,2,2026-08-24 12:48:55.105334-04,15.715,12.938558,7,1655,1,1.05
653,2,2026-08-24 12:48:56.105695-04,15.675,11.887239,7,1686,1,1.05
654,2,2026-08-24 12:48:57.111504-04,15.634,10.847759,7,1718,1,1.05
655,2,2026-08-24 12:48:58.107122-04,15.581,13.783958,7,1749,1,1.05
656,2,2026-08-24 12:48:59.105982-04,15.53,12.732479,7,1781,1,1.05
657,2,2026-08-24 12:49:00.104675-04,15.465,11.678611,7,1813,1,1.05
658,2,2026-08-24 12:49:01.155045-04,15.414,10.628289,7,1844,1,1.05
659,2,2026-08-24 12:49:02.10472-04,15.362,13.58612,7,1875,1,1.05
660,2,2026-08-24 12:49:03.104999-04,15.31,12.533743,7,1907,1,1.05
661,2,2026-08-24 12:49:04.11474-04,15.279,11.492638,7,1938,1,1.05
662,2,2026-08-24 12:49:05.109113-04,15.229,10.44313,7,1970,1,1.05
663,2,2026-08-24 12:49:06.116673-04,15.179,13.402758,7,2001,1,1.05
664,2,2026-08-24 12:49:07.106449-04,15.129,12.352699,7,2033,1,1.05
665,2,2026-08-24 12:49:08.105463-04,15.088,11.300746,7,2064,1,1.05
666,2,2026-08-24 12:49:09.103954-04,15.036,10.249925,7,2096,1,1.05
667,2,2026-08-24 12:49:10.104961-04,14.986,13.18932,7,2127,1,1.05
668,2,2026-08-24 12:49:11.105655-04,14.935,12.138547,7,2159,1,1.05
669,2,2026-08-24 12:49:12.104658-04,14.882,11.094799,7,2190,1,1.05
670,2,2026-08-24 12:49:13.107137-04,14.831,10.045215,7,2222,1,1.05
671,2,2026-08-24 12:49:14.107223-04,14.779,13.002898,7,2253,1,1.05
672,2,2026-08-24 12:49:15.107722-04,14.739,11.950907,7,2285,1,1.05
673,2,2026-08-24 12:49:16.105772-04,14.685,10.89804,7,2317,1,1.05
674,2,2026-08-24 12:49:17.104391-04,14.634,9.848227,7,2348,1,1.05
675,2,2026-08-24 12:49:18.108158-04,14.581,12.783753,7,2379,1,1.05
676,2,2026-08-24 12:49:19.10491-04,14.53,11.742915,7,2411,1,1.05
677,2,2026-08-24 12:49:20.104136-04,14.478,10.691521,7,2442,1,1.05
678,2,2026-08-24 12:49:21.104433-04,14.429,9.642279,7,2474,1,1.05
679,2,2026-08-24 12:49:22.107851-04,14.378,12.601481,7,2506,1,1.05
680,2,2026-08-24 12:49:23.105084-04,14.338,11.55083,7,2537,1,1.05
681,2,2026-08-24 12:49:24.109325-04,14.286,10.498917,7,2568,1,1.05
682,2,2026-08-24 12:49:25.103857-04,14.236,9.450029,7,2600,1,1.05
683,2,2026-08-24 12:49:26.106242-04,14.186,12.388206,7,2631,1,1.05
684,2,2026-08-24 12:49:27.103244-04,14.154,11.345506,7,2663,1,1.05
685,2,2026-08-24 12:49:28.114984-04,14.103,10.29505,7,2694,1,1.05
686,2,2026-08-24 12:49:29.125992-04,14.05,9.243251,7,2726,1,1.05
687,2,2026-08-24 12:49:30.124824-04,13.998,12.200482,7,2758,1,1.05
688,2,2026-08-24 12:49:31.107372-04,13.937,11.149906,7,2789,1,1.05
689,2,2026-08-24 12:49:32.111043-04,13.883,10.096105,7,2820,1,1.05
690,2,2026-08-24 12:49:33.106835-04,13.832,9.045681,7,2852,1,1.05
691,2,2026-08-24 12:49:34.104155-04,13.79,11.987514,7,2883,1,1.05
692,2,2026-08-24 12:49:35.104745-04,13.75,10.936205,7,2915,1,1.05
693,2,2026-08-24 12:49:36.105634-04,13.7,9.8867,7,2946,1,1.05
694,2,2026-08-24 12:49:37.104982-04,13.65,8.837169,7,2978,1,1.05
695,2,2026-08-24 12:49:38.134243-04,13.587,11.773585,7,3009,1,1.05
696,2,2026-08-24 12:49:39.104396-04,13.536,10.722299,7,3041,1,1.05
697,2,2026-08-24 12:49:40.103436-04,13.486,9.672526,7,3072,1,1.05
698,2,2026-08-24 12:49:41.11035-04,13.436,8.62325,7,3104,1,1.05
699,2,2026-08-24 12:49:42.104946-04,13.368,11.580915,7,3135,1,1.05
700,2,2026-08-24 12:49:43.10584-04,13.326,10.539119,7,3167,1,1.05
701,2,2026-08-24 12:49:44.10532-04,13.275,9.487679,7,3199,1,1.05
702,2,2026-08-24 12:49:45.102695-04,13.221,8.434799,7,3230,1,1.05
703,2,2026-08-24 12:49:46.103691-04,13.181,11.394518,7,3262,1,1.05
704,2,2026-08-24 12:49:47.103862-04,13.129,10.342319,7,3293,1,1.05
705,2,2026-08-24 12:49:48.105566-04,13.076,9.289032,7,3324,1,1.05
706,2,2026-08-24 12:49:49.102646-04,13.035,8.249359,7,3356,1,1.05
707,2,2026-08-24 12:49:50.105422-04,12.974,11.186827,7,3387,1,1.05
708,2,2026-08-24 12:49:51.10531-04,12.923,10.136489,7,3419,1,1.05
709,2,2026-08-24 12:49:52.104768-04,12.874,9.086909,7,3450,1,1.05
710,2,2026-08-24 12:49:53.104689-04,12.821,8.03437,7,3482,1,1.05
711,2,2026-08-24 12:49:54.10405-04,12.796,11.008725,7,3513,1,1
712,2,2026-08-24 12:49:55.103784-04,12.797,10.010349,7,3543,1,1
713,2,2026-08-24 12:49:56.103875-04,12.799,9.011018,7,3573,1,1
714,2,2026-08-24 12:49:57.106815-04,12.798,8.012379,7,3603,1,1
715,2,2026-08-24 12:49:58.104066-04,12.809,10.999751,7,3633,1,1
716,2,2026-08-24 12:49:59.10365-04,12.808,10.000196,7,3663,1,1
717,2,2026-08-24 12:50:00.10317-04,12.807,8.998357,7,3693,1,1
718,2,2026-08-24 12:50:01.110742-04,12.808,8.000618,7,3723,1,1
719,2,2026-08-24 12:50:02.103856-04,12.796,11.009535,7,3753,1,1
720,2,2026-08-24 12:50:03.104753-04,12.797,10.009864,7,3783,1,1
721,2,2026-08-24 12:50:04.103929-04,12.796,9.00892,7,3813,1,1
722,2,2026-08-24 12:50:05.110698-04,12.796,8.010382,7,3843,1,1
723,2,2026-08-24 12:50:06.103505-04,12.787,11.00015,7,3873,1,1
724,2,2026-08-24 12:50:07.104005-04,12.785,9.998527,7,3903,1,1
725,2,2026-08-24 12:50:08.105476-04,12.785,8.998013,7,3933,1,1
726,2,2026-08-24 12:50:09.113281-04,12.795,7.997816,7,3963,1,1
727,2,2026-08-24 12:50:10.103996-04,12.797,11.010126,7,3993,1,1
728,2,2026-08-24 12:50:11.104466-04,12.799,10.01103,7,4023,1,1
729,2,2026-08-24 12:50:12.10659-04,12.799,9.01119,7,4053,1,1
730,2,2026-08-24 12:50:13.102469-04,12.797,8.0111,7,4083,1,1
731,2,2026-08-24 12:50:14.106138-04,12.809,10.999499,7,4113,1,1
732,2,2026-08-24 12:50:15.105389-04,12.808,9.999058,7,4143,1,1
733,2,2026-08-24 12:50:16.106006-04,12.808,8.999782,7,4173,1,1
734,2,2026-08-24 12:50:17.104551-04,12.807,7.99965,7,4203,1,1
735,2,2026-08-24 12:50:18.104566-04,12.795,11.008625,7,4233,1,1
736,2,2026-08-24 12:50:19.105145-04,12.796,10.00975,7,4263,1,1
737,2,2026-08-24 12:50:20.104669-04,12.796,9.009306,7,4293,1,1
738,2,2026-08-24 12:50:21.103668-04,12.798,8.011047,7,4323,1,1
739,2,2026-08-24 12:50:22.107655-04,12.808,11.019669,7,4353,1,1
740,2,2026-08-24 12:50:23.106843-04,12.806,10.01842,7,4383,1,1
741,2,2026-08-24 12:50:24.104753-04,12.807,9.018874,7,4413,1,1
742,2,2026-08-24 12:50:25.104088-04,12.808,8.02147,7,4443,1,1
743,2,2026-08-24 12:50:26.105766-04,12.798,10.984501,7,4473,1,1
744,2,2026-08-24 12:50:27.105735-04,12.799,9.984608,7,4503,1,1
745,2,2026-08-24 12:50:28.106184-04,12.798,8.983835,7,4533,1,1
746,2,2026-08-24 12:50:29.10403-04,12.798,7.98539,7,4563,1,1
747,2,2026-08-24 12:50:30.107298-04,12.808,10.99412,7,4593,1,1
748,2,2026-08-24 12:50:31.107898-04,12.808,9.994347,7,4623,1,1
749,2,2026-08-24 12:50:32.105089-04,12.806,8.992459,7,4653,1,1
750,2,2026-08-24 12:50:33.103391-04,12.808,7.994368,7,4683,1,1
751,2,2026-08-24 12:50:34.10709-04,12.79,10.982034,7,4713,1,1
752,2,2026-08-24 12:50:35.105197-04,12.791,9.98276,7,4743,1,1
753,2,2026-08-24 12:50:36.10598-04,12.792,8.984247,7,4773,1,1
754,2,2026-08-24 12:50:37.103278-04,12.793,7.986129,7,4803,1,1
755,2,2026-08-24 12:50:38.114401-04,12.779,11.013664,7,4833,1,1
756,2,2026-08-24 12:50:39.103591-04,12.78,10.014244,7,4863,1,1
757,2,2026-08-24 12:50:40.107084-04,12.782,9.015006,7,4893,1,1
758,2,2026-08-24 12:50:41.103503-04,12.783,8.018112,7,4923,1,1
759,2,2026-08-24 12:50:42.105852-04,12.793,11.006131,7,4953,1,1
760,2,2026-08-24 12:50:43.103921-04,12.792,10.005444,7,4983,1,1
761,2,2026-08-24 12:50:44.105221-04,12.793,9.005243,7,5013,1,1
762,2,2026-08-24 12:50:45.104325-04,12.791,8.005544,7,5043,1,1
763,2,2026-08-24 12:50:46.106255-04,12.782,11.015303,7,5073,1,1
764,2,2026-08-24 12:50:47.104404-04,12.781,10.014371,7,5103,1,1
765,2,2026-08-24 12:50:48.104938-04,12.781,9.015165,7,5133,1,1
766,2,2026-08-24 12:50:49.103085-04,12.78,8.0151,7,5163,1,1
767,2,2026-08-24 12:50:50.105499-04,12.812,11.003476,7,5193,1,1
768,2,2026-08-24 12:50:51.111005-04,12.814,10.005447,7,5223,1,1
769,2,2026-08-24 12:50:52.104218-04,12.815,9.006604,7,5253,1,1
770,2,2026-08-24 12:50:53.10683-04,12.812,8.004341,7,5283,1,1
771,2,2026-08-24 12:50:54.106617-04,12.801,11.014117,7,5313,1,1
772,2,2026-08-24 12:50:55.103204-04,12.803,10.015871,7,5343,1,1
773,2,2026-08-24 12:50:56.103952-04,12.804,9.0167,7,5373,1,1
774,2,2026-08-24 12:50:57.105442-04,12.804,8.017254,7,5403,1,1
775,2,2026-08-24 12:50:58.103993-04,12.814,11.027075,7,5433,1,1
776,2,2026-08-24 12:50:59.103685-04,12.815,10.027848,7,5463,1,1
777,2,2026-08-24 12:51:00.111903-04,12.813,9.026464,7,5493,1,1
778,2,2026-08-24 12:51:01.10458-04,12.812,8.026025,7,5523,1,1
779,2,2026-08-24 12:51:02.104549-04,12.802,10.988271,7,5553,1,1
780,2,2026-08-24 12:51:03.106855-04,12.802,9.988451,7,5583,1,1
781,2,2026-08-24 12:51:04.105789-04,12.801,8.987867,7,5613,1,1
782,2,2026-08-24 12:51:05.10457-04,12.801,7.987877,7,5643,1,1
783,2,2026-08-24 12:51:06.103357-04,12.813,10.999078,7,5673,1,1
784,2,2026-08-24 12:51:07.106402-04,12.815,10.001046,7,5703,1,1
785,2,2026-08-24 12:51:08.11826-04,12.811,8.997816,7,5733,1,1
786,2,2026-08-24 12:51:09.108335-04,12.812,7.998516,7,5762,1,1
787,2,2026-08-24 12:51:10.106499-04,12.797,11.011251,7,5793,1,1
788,2,2026-08-24 12:51:11.105842-04,12.798,10.010518,7,5823,1,1
789,2,2026-08-24 12:51:12.105891-04,12.799,9.011056,7,5853,1,1
790,2,2026-08-24 12:51:13.104039-04,12.788,8.010352,7,5883,1,1
791,2,2026-08-24 12:51:14.105542-04,12.788,10.999897,7,5913,1,1
792,2,2026-08-24 12:51:15.104161-04,12.786,10.000222,7,5943,1,1
793,2,2026-08-24 12:51:16.105303-04,12.786,8.99949,7,5973,1,1
794,2,2026-08-24 12:51:17.104101-04,12.785,7.999588,7,6003,1,1
795,2,2026-08-24 12:51:18.104703-04,12.796,11.009565,7,6033,1,1
796,2,2026-08-24 12:51:19.105253-04,12.795,10.008663,7,6063,1,1
797,2,2026-08-24 12:51:20.115211-04,12.796,9.009087,7,6093,1,1
798,2,2026-08-24 12:51:21.105542-04,12.798,8.010254,7,6123,1,1
799,2,2026-08-24 12:51:22.106392-04,12.807,11.019429,7,6153,1,1
800,2,2026-08-24 12:51:23.106418-04,12.806,10.018555,7,6183,1,1
801,2,2026-08-24 12:51:24.106059-04,12.807,9.018681,7,6213,1,1
802,2,2026-08-24 12:51:25.106143-04,12.808,8.020916,7,6243,1,1
803,2,2026-08-24 12:51:26.105061-04,12.799,10.991346,7,6273,1,1
804,2,2026-08-24 12:51:27.106492-04,12.798,9.991297,7,6303,1,1
805,2,2026-08-24 12:51:28.10463-04,12.798,8.989432,7,6333,1,1
806,2,2026-08-24 12:51:29.106127-04,12.796,7.989149,7,6363,1,1
807,2,2026-08-24 12:51:30.107714-04,12.808,10.998704,7,6393,1,1
808,2,2026-08-24 12:51:31.104529-04,12.808,9.999624,7,6423,1,1
809,2,2026-08-24 12:51:32.105516-04,12.807,8.998057,7,6453,1,1
810,2,2026-08-24 12:51:33.103801-04,12.808,7.999723,7,6483,1,1
811,2,2026-08-24 12:51:34.108511-04,12.796,11.008495,7,6513,1,1
812,2,2026-08-24 12:51:35.107636-04,12.796,10.008105,7,6543,1,1
813,2,2026-08-24 12:51:36.104658-04,12.798,9.009813,7,6573,1,1
814,2,2026-08-24 12:51:37.104046-04,12.799,8.012953,7,6603,1,1
815,2,2026-08-24 12:51:38.10569-04,12.784,10.997622,7,6633,1,1
816,2,2026-08-24 12:51:39.104498-04,12.785,9.998029,7,6663,1,1
817,2,2026-08-24 12:51:40.105369-04,12.787,8.998813,7,6693,1,1
818,2,2026-08-24 12:51:41.103905-04,12.788,8.001185,7,6723,1,1
819,2,2026-08-24 12:51:42.108028-04,12.799,11.011188,7,6753,1,1
820,2,2026-08-24 12:51:43.106294-04,12.799,10.011261,7,6783,1,1
821,2,2026-08-24 12:51:44.104458-04,12.799,9.010763,7,6813,1,1
822,2,2026-08-24 12:51:45.103962-04,12.797,8.010289,7,6843,1,1
823,2,2026-08-24 12:51:46.10365-04,12.807,10.999146,7,6873,1,1
824,2,2026-08-24 12:51:47.105529-04,12.807,9.99793,7,6903,1,1
825,2,2026-08-24 12:51:48.104075-04,12.808,8.998687,7,6933,1,1
826,2,2026-08-24 12:51:49.106188-04,12.795,7.997827,7,6963,1,1
827,2,2026-08-24 12:51:50.10372-04,12.796,11.009132,7,6993,1,1
828,2,2026-08-24 12:51:51.116034-04,12.798,10.009929,7,7023,1,1
829,2,2026-08-24 12:51:52.104819-04,12.798,9.011011,7,7053,1,1
830,2,2026-08-24 12:51:53.104252-04,12.797,8.010109,7,7083,1,1
831,2,2026-08-24 12:51:54.103446-04,12.807,10.99338,7,7113,1,1
832,2,2026-08-24 12:51:55.116086-04,12.808,9.993607,7,7143,1,1
833,2,2026-08-24 12:51:56.112895-04,12.809,8.988683,7,7173,1,1
834,2,2026-08-24 12:51:57.103249-04,12.81,7.996073,7,7203,1,1
835,2,2026-08-24 12:51:58.104731-04,12.799,10.985818,7,7233,1,1
836,2,2026-08-24 12:51:59.106154-04,12.797,9.982646,7,7263,1,1
837,2,2026-08-24 12:52:00.109629-04,12.797,8.98338,7,7293,1,1
838,2,2026-08-24 12:52:01.105755-04,12.782,7.98348,7,7323,1,1
839,2,2026-08-24 12:52:02.10462-04,12.78,10.993439,7,7353,1,1
840,2,2026-08-24 12:52:03.10482-04,12.781,9.993772,7,7383,1,1
841,2,2026-08-24 12:52:04.107196-04,12.78,8.993305,7,7413,1,1
842,2,2026-08-24 12:52:05.107881-04,12.79,7.992818,7,7443,1,1
843,2,2026-08-24 12:52:06.106134-04,12.791,11.024464,7,7473,1,1
844,2,2026-08-24 12:52:07.10603-04,12.791,10.024227,7,7503,1,1
845,2,2026-08-24 12:52:08.105603-04,12.792,9.025215,7,7533,1,1
846,2,2026-08-24 12:52:09.105109-04,12.791,8.025427,7,7563,1,1
847,2,2026-08-24 12:52:10.103516-04,12.781,10.988798,7,7593,1,1
848,2,2026-08-24 12:52:11.105719-04,12.783,9.989864,7,7623,1,1
849,2,2026-08-24 12:52:12.105577-04,12.783,8.990056,7,7653,1,1
850,2,2026-08-24 12:52:13.104694-04,12.783,7.991584,7,7683,1,1
851,2,2026-08-24 12:52:14.104191-04,12.792,11.000302,7,7713,1,1
852,2,2026-08-24 12:52:15.10484-04,12.792,9.998803,7,7743,1,1
853,2,2026-08-24 12:52:16.106676-04,12.792,8.998838,7,7773,1,1
854,2,2026-08-24 12:52:17.105701-04,12.797,7.99834,7,7803,1,1
855,2,2026-08-24 12:52:18.104502-04,12.797,10.988829,7,7833,1,1
856,2,2026-08-24 12:52:19.105739-04,12.796,9.987012,7,7863,1,1
857,2,2026-08-24 12:52:20.108152-04,12.796,8.987741,7,7893,1,1
858,2,2026-08-24 12:52:21.105626-04,12.797,7.989087,7,7923,1,1
859,2,2026-08-24 12:52:22.106256-04,12.788,11.000014,7,7953,1,1
860,2,2026-08-24 12:52:23.107018-04,12.786,9.99853,7,7983,1,1
861,2,2026-08-24 12:52:24.106067-04,12.785,8.997203,7,8013,1,1
862,2,2026-08-24 12:52:25.106761-04,12.796,7.997568,7,8043,1,1
863,2,2026-08-24 12:52:26.105457-04,12.799,11.011343,7,8073,1,1
864,2,2026-08-24 12:52:27.109692-04,12.799,10.011615,7,8103,1,1
865,2,2026-08-24 12:52:28.104907-04,12.8,9.011793,7,8133,1,1
866,2,2026-08-24 12:52:29.105359-04,12.798,8.011145,7,8163,1,1
867,2,2026-08-24 12:52:30.10713-04,12.787,10.999095,7,8193,1,1
868,2,2026-08-24 12:52:31.106277-04,12.787,9.999673,7,8223,1,1
869,2,2026-08-24 12:52:32.105582-04,12.785,8.998475,7,8253,1,1
870,2,2026-08-24 12:52:33.104501-04,12.786,7.999268,7,8283,1,1
871,2,2026-08-24 12:52:34.10525-04,12.795,11.008591,7,8313,1,1
872,2,2026-08-24 12:52:35.104101-04,12.796,10.009089,7,8343,1,1
873,2,2026-08-24 12:52:36.105366-04,12.798,9.01004,7,8373,1,1
874,2,2026-08-24 12:52:37.104507-04,12.799,8.011983,7,8403,1,1
875,2,2026-08-24 12:52:38.103588-04,12.807,11.020478,7,8433,1,1
876,2,2026-08-24 12:52:39.1049-04,12.806,10.018466,7,8463,1,1
877,2,2026-08-24 12:52:40.104826-04,12.808,9.020784,7,8493,1,1
878,2,2026-08-24 12:52:41.108602-04,12.809,8.021204,7,8523,1,1
879,2,2026-08-24 12:52:42.104899-04,12.799,10.990107,7,8553,1,1
880,2,2026-08-24 12:52:43.110121-04,12.799,9.989609,7,8583,1,1
881,2,2026-08-24 12:52:44.105298-04,12.797,8.987621,7,8613,1,1
882,2,2026-08-24 12:52:45.104634-04,12.798,7.990292,7,8643,1,1
883,2,2026-08-24 12:52:46.109913-04,12.809,10.999439,7,8673,1,1
884,2,2026-08-24 12:52:47.105926-04,12.807,9.998083,7,8703,1,1
885,2,2026-08-24 12:52:48.108326-04,12.808,8.998525,7,8733,1,1
886,2,2026-08-24 12:52:49.111676-04,12.807,7.998421,7,8763,1,1
887,2,2026-08-24 12:52:50.105761-04,12.797,11.008706,7,8793,1,1
888,2,2026-08-24 12:52:51.106023-04,12.798,10.009693,7,8823,1,1
889,2,2026-08-24 12:52:52.105358-04,12.798,9.011138,7,8853,1,1
890,2,2026-08-24 12:52:53.104112-04,12.797,8.009735,7,8883,1,1
891,2,2026-08-24 12:52:54.106973-04,12.785,10.99751,7,8913,1,1
892,2,2026-08-24 12:52:55.10699-04,12.787,9.998844,7,8943,1,1
893,2,2026-08-24 12:52:56.10454-04,12.788,9.000976,7,8973,1,1
894,2,2026-08-24 12:52:57.108243-04,12.788,8.001901,7,9003,1,1
895,2,2026-08-24 12:52:58.105973-04,12.799,11.011349,7,9033,1,1
896,2,2026-08-24 12:52:59.104628-04,12.799,10.010763,7,9063,1,1
897,2,2026-08-24 12:53:00.107217-04,12.799,9.01085,7,9093,1,1
898,2,2026-08-24 12:53:01.104755-04,12.798,8.011086,7,9123,1,1
899,2,2026-08-24 12:53:02.107094-04,12.808,10.993137,7,9153,1,1
900,2,2026-08-24 12:53:03.104598-04,12.808,9.993274,7,9183,1,1
901,2,2026-08-24 12:53:04.10481-04,12.807,8.99213,7,9213,1,1
902,2,2026-08-24 12:53:05.106207-04,12.807,7.993135,7,9243,1,1
903,2,2026-08-24 12:53:06.10477-04,12.798,10.983096,7,9273,1,1
904,2,2026-08-24 12:53:07.104818-04,12.799,9.984492,7,9303,1,1
905,2,2026-08-24 12:53:08.105039-04,12.796,8.982995,7,9333,1,1
906,2,2026-08-24 12:53:09.103892-04,12.796,7.982537,7,9363,1,1
907,2,2026-08-24 12:53:10.105709-04,12.781,10.993288,7,9393,1,1
908,2,2026-08-24 12:53:11.106936-04,12.783,9.995257,7,9423,1,1
909,2,2026-08-24 12:53:12.105407-04,12.783,8.995214,7,9453,1,1
910,2,2026-08-24 12:53:13.105276-04,12.783,7.996409,7,9483,1,1
911,2,2026-08-24 12:53:14.108165-04,12.793,10.984092,7,9513,1,1
912,2,2026-08-24 12:53:15.10585-04,12.791,9.981835,7,9543,1,1
913,2,2026-08-24 12:53:16.106055-04,12.792,8.982668,7,9573,1,1
914,2,2026-08-24 12:53:17.105779-04,12.791,7.98288,7,9603,1,1
915,2,2026-08-24 12:53:18.104563-04,12.781,10.993431,7,9633,1,1
916,2,2026-08-24 12:53:19.10592-04,12.78,9.992532,7,9663,1,1
917,2,2026-08-24 12:53:20.105538-04,12.78,8.992486,7,9693,1,1
918,2,2026-08-24 12:53:21.104369-04,12.792,7.994591,7,9723,1,1
919,2,2026-08-24 12:53:22.105844-04,12.794,11.006321,7,9753,1,1
920,2,2026-08-24 12:53:23.105798-04,12.792,10.003759,7,9783,1,1
921,2,2026-08-24 12:53:24.108981-04,12.791,9.002872,7,9813,1,1
922,2,2026-08-24 12:53:25.107627-04,12.78,8.003162,7,9843,1,1
923,2,2026-08-24 12:53:26.10514-04,12.783,10.995468,7,9873,1,1
924,2,2026-08-24 12:53:27.105092-04,12.78,9.99225,7,9903,1,1
925,2,2026-08-24 12:53:28.105424-04,12.783,8.995075,7,9933,1,1
926,2,2026-08-24 12:53:29.133764-04,12.792,7.99387,7,9963,1,1
927,2,2026-08-24 12:53:30.10914-04,12.793,10.984037,7,9993,1,1
928,2,2026-08-24 12:53:31.106654-04,12.793,9.982442,7,10023,1,1
929,2,2026-08-24 12:53:32.104932-04,12.793,8.982693,7,10053,1,1
930,2,2026-08-24 12:53:33.103727-04,12.791,7.983206,7,10083,1,1
931,2,2026-08-24 12:53:34.104637-04,12.803,10.9936,7,10113,1,1
932,2,2026-08-24 12:53:35.106556-04,12.801,9.992111,7,10143,1,1
933,2,2026-08-24 12:53:36.107825-04,12.804,8.993395,7,10173,1,1
934,2,2026-08-24 12:53:37.105523-04,12.804,7.995742,7,10203,1,1
935,2,2026-08-24 12:53:38.104434-04,12.792,11.003778,7,10233,1,1
936,2,2026-08-24 12:53:39.106915-04,12.79,10.002641,7,10263,1,1
937,2,2026-08-24 12:53:40.105402-04,12.792,9.00375,7,10293,1,1
938,2,2026-08-24 12:53:41.107988-04,12.793,8.006658,7,10323,1,1
939,2,2026-08-24 12:53:42.104734-04,12.783,10.995712,7,10353,1,1
940,2,2026-08-24 12:53:43.106336-04,12.783,9.995529,7,10383,1,1
941,2,2026-08-24 12:53:44.10474-04,12.782,8.994484,7,10413,1,1
942,2,2026-08-24 12:53:45.104476-04,12.783,7.996058,7,10443,1,1
943,2,2026-08-24 12:53:46.10475-04,12.792,11.004633,7,10473,1,1
944,2,2026-08-24 12:53:47.105505-04,12.792,10.004468,7,10503,1,1
945,2,2026-08-24 12:53:48.10685-04,12.792,9.003267,7,10533,1,1
946,2,2026-08-24 12:53:49.10767-04,12.79,8.003511,7,10563,1,1
947,2,2026-08-24 12:53:50.106612-04,12.801,10.992232,7,10593,1,1
948,2,2026-08-24 12:53:51.107452-04,12.803,9.99371,7,10623,1,1
949,2,2026-08-24 12:53:52.106372-04,12.804,8.994755,7,10653,1,1
950,2,2026-08-24 12:53:53.107271-04,12.792,7.993033,7,10683,1,1
951,2,2026-08-24 12:53:54.106393-04,12.791,11.003145,7,10713,1,1
952,2,2026-08-24 12:53:55.10706-04,12.793,10.003674,7,10743,1,1
953,2,2026-08-24 12:53:56.105985-04,12.794,9.005837,7,10773,1,1
954,2,2026-08-24 12:53:57.105132-04,12.795,8.006761,7,10803,1,1
955,2,2026-08-24 12:53:58.105378-04,12.804,11.016267,7,10833,1,1
956,2,2026-08-24 12:53:59.105575-04,12.804,10.015961,7,10863,1,1
957,2,2026-08-24 12:54:00.107733-04,12.804,9.016185,7,10893,1,1
958,2,2026-08-24 12:54:01.113328-04,12.803,8.015756,7,10923,1,1
959,2,2026-08-24 12:54:02.115121-04,12.79,11.002459,7,10953,1,1
960,2,2026-08-24 12:54:03.106159-04,12.792,10.003763,7,10983,1,1
961,2,2026-08-24 12:54:04.106377-04,12.791,9.002692,7,11013,1,1
962,2,2026-08-24 12:54:05.105204-04,12.791,8.004017,7,11043,1,1
963,2,2026-08-24 12:54:06.108024-04,12.804,11.014762,7,11073,1,1
964,2,2026-08-24 12:54:07.106652-04,12.804,10.016407,7,11103,1,1
965,2,2026-08-24 12:54:08.104877-04,12.804,9.016626,7,11133,1,1
966,2,2026-08-24 12:54:09.105253-04,12.802,8.015243,7,11163,1,1
967,2,2026-08-24 12:54:10.105266-04,12.813,10.998888,7,11193,1,1
968,2,2026-08-24 12:54:11.105789-04,12.815,10.000593,7,11223,1,1
969,2,2026-08-24 12:54:12.106697-04,12.815,8.999769,7,11253,1,1
970,2,2026-08-24 12:54:13.104306-04,12.815,8.001264,7,11283,1,1
971,2,2026-08-24 12:54:14.105788-04,12.802,10.987547,7,11313,1,1
972,2,2026-08-24 12:54:15.106323-04,12.804,9.988114,7,11343,1,1
973,2,2026-08-24 12:54:16.104939-04,12.802,8.987597,7,11373,1,1
974,2,2026-08-24 12:54:17.105204-04,12.786,7.987982,7,11403,1,1
975,2,2026-08-24 12:54:18.105073-04,12.787,10.998753,7,11433,1,1
976,2,2026-08-24 12:54:19.10651-04,12.786,9.997331,7,11463,1,1
977,2,2026-08-24 12:54:20.106703-04,12.786,8.997711,7,11493,1,1
978,2,2026-08-24 12:54:21.103879-04,12.787,7.999698,7,11523,1,1
979,2,2026-08-24 12:54:22.106245-04,12.799,11.010711,7,11553,1,1
980,2,2026-08-24 12:54:23.107703-04,12.797,10.008811,7,11583,1,1
981,2,2026-08-24 12:54:24.106471-04,12.796,9.007662,7,11613,1,1
982,2,2026-08-24 12:54:25.120537-04,12.787,8.010122,7,11643,1,1
983,2,2026-08-24 12:54:26.105209-04,12.788,11.02168,7,11673,1,1
984,2,2026-08-24 12:54:27.105119-04,12.788,10.021827,7,11703,1,1
985,2,2026-08-24 12:54:28.1042-04,12.789,9.022382,7,11733,1,1
986,2,2026-08-24 12:54:29.107479-04,12.787,8.021825,7,11763,1,1
987,2,2026-08-24 12:54:30.105347-04,12.799,10.984469,7,11793,1,1
988,2,2026-08-24 12:54:31.108121-04,12.797,9.982831,7,11823,1,1
989,2,2026-08-24 12:54:32.106013-04,12.798,8.983217,7,11853,1,1
990,2,2026-08-24 12:54:33.111053-04,12.797,7.983046,7,11883,1,1
991,2,2026-08-24 12:54:34.105025-04,12.808,10.993846,7,11913,1,1
992,2,2026-08-24 12:54:35.106076-04,12.807,9.99252,7,11943,1,1
993,2,2026-08-24 12:54:36.105775-04,12.808,8.993613,7,11973,1,1
994,2,2026-08-24 12:54:37.107321-04,12.794,7.995466,7,12003,1,1
995,2,2026-08-24 12:54:38.173804-04,12.791,10.982311,7,12033,1,1
996,2,2026-08-24 12:54:39.113022-04,12.79,9.981162,7,12063,1,1
997,2,2026-08-24 12:54:40.105076-04,12.792,8.982536,7,12093,1,1
998,2,2026-08-24 12:54:41.11133-04,12.783,7.984546,7,12123,1,1
999,2,2026-08-24 12:54:42.105274-04,12.783,10.995471,7,12153,1,1
1000,2,2026-08-24 12:54:43.105628-04,12.783,9.995186,7,12183,1,1
1001,2,2026-08-24 12:54:44.108409-04,12.782,8.994592,7,12213,1,1
1002,2,2026-08-24 12:54:45.109653-04,12.794,7.994321,7,12243,1,1
1003,2,2026-08-24 12:54:46.105656-04,12.792,11.004239,7,12273,1,1
1004,2,2026-08-24 12:54:47.107523-04,12.793,10.004792,7,12303,1,1
1005,2,2026-08-24 12:54:48.105426-04,12.792,9.003267,7,12333,1,1
1006,2,2026-08-24 12:54:49.105537-04,12.792,8.004317,7,12363,1,1
1007,2,2026-08-24 12:54:50.116832-04,12.781,10.992683,7,12393,1,1
1008,2,2026-08-24 12:54:51.107615-04,12.782,9.993953,7,12423,1,1
1009,2,2026-08-24 12:54:52.107158-04,12.782,8.994342,7,12453,1,1
1010,2,2026-08-24 12:54:53.105374-04,12.795,7.996006,7,12483,1,1
1011,2,2026-08-24 12:54:54.106897-04,12.791,11.002316,7,12513,1,1
1012,2,2026-08-24 12:54:55.10501-04,12.792,10.004502,7,12543,1,1
1013,2,2026-08-24 12:54:56.105861-04,12.794,9.005892,7,12573,1,1
1014,2,2026-08-24 12:54:57.107957-04,12.794,8.006666,7,12603,1,1
1015,2,2026-08-24 12:54:58.105534-04,12.805,11.016059,7,12633,1,1
1016,2,2026-08-24 12:54:59.106179-04,12.804,10.01582,7,12663,1,1
1017,2,2026-08-24 12:55:00.106379-04,12.805,9.015741,7,12693,1,1
1018,2,2026-08-24 12:55:01.105108-04,12.803,8.016195,7,12723,1,1
1019,2,2026-08-24 12:55:02.106556-04,12.793,11.004148,7,12753,1,1
1020,2,2026-08-24 12:55:03.10775-04,12.791,10.003426,7,12783,1,1
1021,2,2026-08-24 12:55:04.106759-04,12.792,9.003808,7,12813,1,1
1022,2,2026-08-24 12:55:05.106277-04,12.791,8.003896,7,12843,1,1
1023,2,2026-08-24 12:55:06.113748-04,12.803,11.014618,7,12873,1,1
1024,2,2026-08-24 12:55:07.105929-04,12.805,10.016786,7,12903,1,1
1025,2,2026-08-24 12:55:08.105248-04,12.802,9.014293,7,12933,1,1
1026,2,2026-08-24 12:55:09.106867-04,12.801,8.014283,7,12963,1,1
1027,2,2026-08-24 12:55:10.109248-04,12.792,11.002797,7,12993,1,1
1028,2,2026-08-24 12:55:11.107654-04,12.794,10.005043,7,13023,1,1
1029,2,2026-08-24 12:55:12.106412-04,12.793,9.005604,7,13053,1,1
1030,2,2026-08-24 12:55:13.107154-04,12.794,8.005778,7,13083,1,1
1031,2,2026-08-24 12:55:14.107233-04,12.803,11.015631,7,13113,1,1
1032,2,2026-08-24 12:55:15.107893-04,12.803,10.014891,7,13143,1,1
1033,2,2026-08-24 12:55:16.106516-04,12.803,9.015598,7,13173,1,1
1034,2,2026-08-24 12:55:17.104718-04,12.803,8.01628,7,13203,1,1
1035,2,2026-08-24 12:55:18.104677-04,12.813,11.003454,7,13233,1,1
1036,2,2026-08-24 12:55:19.105986-04,12.814,10.00337,7,13263,1,1
1037,2,2026-08-24 12:55:20.105305-04,12.812,9.002736,7,13293,1,1
1038,2,2026-08-24 12:55:21.106306-04,12.814,8.004811,7,13323,1,1
1039,2,2026-08-24 12:55:22.106689-04,12.805,11.015878,7,13353,1,1
1040,2,2026-08-24 12:55:23.105154-04,12.802,10.014229,7,13383,1,1
1041,2,2026-08-24 12:55:24.107271-04,12.801,9.013252,7,13413,1,1
1042,2,2026-08-24 12:55:25.105664-04,12.802,8.015478,7,13443,1,1
1043,2,2026-08-24 12:55:26.106583-04,12.815,11.000474,7,13473,1,1
1044,2,2026-08-24 12:55:27.109983-04,12.816,10.000535,7,13503,1,1
1045,2,2026-08-24 12:55:28.10741-04,12.815,9.000842,7,13533,1,1
1046,2,2026-08-24 12:55:29.105823-04,12.813,7.998966,7,13563,1,1
1047,2,2026-08-24 12:55:30.106721-04,12.804,10.988799,7,13593,1,1
1048,2,2026-08-24 12:55:31.107862-04,12.803,9.987755,7,13623,1,1
1049,2,2026-08-24 12:55:32.105592-04,12.803,8.988635,7,13653,1,1
1050,2,2026-08-24 12:55:33.104422-04,12.802,7.987884,7,13683,1,1
1051,2,2026-08-24 12:55:34.104239-04,12.786,10.999599,7,13713,1,1
1052,2,2026-08-24 12:55:35.107276-04,12.785,9.997644,7,13743,1,1
1053,2,2026-08-24 12:55:36.105693-04,12.787,8.99932,7,13773,1,1
1054,2,2026-08-24 12:55:37.108349-04,12.789,8.001851,7,13803,1,1
1055,2,2026-08-24 12:55:38.111683-04,12.799,11.010953,7,13833,1,1
1056,2,2026-08-24 12:55:39.106361-04,12.796,10.007429,7,13863,1,1
1057,2,2026-08-24 12:55:40.128405-04,12.797,9.008908,7,13893,1,1
1058,2,2026-08-24 12:55:41.119386-04,12.799,8.012279,7,13923,1,1
1059,2,2026-08-24 12:55:42.105633-04,12.79,11.001782,7,13953,1,1
1060,2,2026-08-24 12:55:43.105268-04,12.788,10.00053,7,13983,1,1
1061,2,2026-08-24 12:55:44.106368-04,12.788,8.998927,7,14013,1,1
1062,2,2026-08-24 12:55:45.105182-04,12.788,8.000925,7,14043,1,1
1063,2,2026-08-24 12:55:46.105468-04,12.798,11.009207,7,14073,1,1
1064,2,2026-08-24 12:55:47.105178-04,12.798,10.010415,7,14103,1,1
1065,2,2026-08-24 12:55:48.111624-04,12.797,9.009456,7,14133,1,1
1066,2,2026-08-24 12:55:49.105461-04,12.797,8.01018,7,14163,1,1
1067,2,2026-08-24 12:55:50.106411-04,12.807,10.998273,7,14193,1,1
1068,2,2026-08-24 12:55:51.10837-04,12.808,9.998803,7,14223,1,1
1069,2,2026-08-24 12:55:52.115226-04,12.809,9.000035,7,14253,1,1
1070,2,2026-08-24 12:55:53.125462-04,12.81,8.001174,7,14283,1,1
1071,2,2026-08-24 12:55:54.107261-04,12.796,11.007895,7,14313,1,1
1072,2,2026-08-24 12:55:55.106337-04,12.798,10.009023,7,14343,1,1
1073,2,2026-08-24 12:55:56.107262-04,12.799,9.011038,7,14373,1,1
1074,2,2026-08-24 12:55:57.104367-04,12.799,8.012457,7,14403,1,1
1075,2,2026-08-24 12:55:58.105535-04,12.789,11.001926,7,14433,1,1
1076,2,2026-08-24 12:55:59.106395-04,12.788,10.000361,7,14463,1,1
1077,2,2026-08-24 12:56:00.105472-04,12.788,9.000185,7,14493,1,1
1078,2,2026-08-24 12:56:01.1262-04,12.787,7.999915,7,14523,1,1
1079,2,2026-08-24 12:56:02.111856-04,12.798,11.009347,7,14553,1,1
1080,2,2026-08-24 12:56:03.106072-04,12.797,10.008455,7,14583,1,1
1081,2,2026-08-24 12:56:04.108215-04,12.797,9.008624,7,14613,1,1
1082,2,2026-08-24 12:56:05.104592-04,12.796,8.009127,7,14643,1,1
1083,2,2026-08-24 12:56:06.105971-04,12.808,10.999157,7,14673,1,1
1084,2,2026-08-24 12:56:07.107458-04,12.81,9.999607,7,14703,1,1
1085,2,2026-08-24 12:56:08.10535-04,12.808,8.997831,7,14733,1,1
1086,2,2026-08-24 12:56:09.106759-04,12.807,7.998078,7,14763,1,1
1087,2,2026-08-24 12:56:10.105963-04,12.797,11.009461,7,14793,1,1
1088,2,2026-08-24 12:56:11.130198-04,12.799,10.010269,7,14823,1,1
1089,2,2026-08-24 12:56:12.106592-04,12.801,9.011706,7,14853,1,1
1090,2,2026-08-24 12:56:13.106579-04,12.8,8.011997,7,14883,1,1
1091,2,2026-08-24 12:56:14.106286-04,12.809,11.02064,7,14913,1,1
1092,2,2026-08-24 12:56:15.109023-04,12.81,10.020859,7,14943,1,1
1093,2,2026-08-24 12:56:16.104851-04,12.809,9.021513,7,14973,1,1
1094,2,2026-08-24 12:56:17.122417-04,12.809,8.021584,7,15003,1,1
1095,2,2026-08-24 12:56:18.106359-04,12.797,10.982396,7,15033,1,1
1096,2,2026-08-24 12:56:19.10784-04,12.797,9.982792,7,15063,1,1
1097,2,2026-08-24 12:56:20.115108-04,12.797,8.981418,7,15093,1,1
1098,2,2026-08-24 12:56:21.109209-04,12.799,7.98403,7,15123,1,1
1099,2,2026-08-24 12:56:22.105463-04,12.81,10.99486,7,15153,1,1
1100,2,2026-08-24 12:56:23.106291-04,12.808,9.992374,7,15183,1,1
1101,2,2026-08-24 12:56:24.107186-04,12.808,8.993016,7,15213,1,1
1102,2,2026-08-24 12:56:25.105113-04,12.808,7.99427,7,15243,1,1
1103,2,2026-08-24 12:56:26.105783-04,12.794,10.98567,7,15273,1,1
1104,2,2026-08-24 12:56:27.105013-04,12.795,9.986272,7,15303,1,1
1105,2,2026-08-24 12:56:28.106312-04,12.793,8.982576,7,15333,1,1
1106,2,2026-08-24 12:56:29.105345-04,12.792,7.983722,7,15363,1,1
1107,2,2026-08-24 12:56:30.105135-04,12.781,11.01393,7,15393,1,1
1108,2,2026-08-24 12:56:31.104832-04,12.782,10.014652,7,15423,1,1
1109,2,2026-08-24 12:56:32.107034-04,12.782,9.016418,7,15453,1,1
1110,2,2026-08-24 12:56:33.113016-04,12.782,8.015374,7,15483,1,1
1111,2,2026-08-24 12:56:34.107058-04,12.792,11.003227,7,15513,1,1
1112,2,2026-08-24 12:56:35.105472-04,12.791,10.002927,7,15543,1,1
1113,2,2026-08-24 12:56:36.105252-04,12.792,9.004555,7,15573,1,1
1114,2,2026-08-24 12:56:37.105032-04,12.794,8.006909,7,15603,1,1
1115,2,2026-08-24 12:56:38.111081-04,12.781,11.014595,7,15633,1,1
1116,2,2026-08-24 12:56:39.106057-04,12.781,10.013805,7,15663,1,1
1117,2,2026-08-24 12:56:40.104644-04,12.782,9.014534,7,15693,1,1
1118,2,2026-08-24 12:56:41.112848-04,12.783,8.016395,7,15723,1,1
1119,2,2026-08-24 12:56:42.105375-04,12.816,11.00621,7,15753,1,1
1120,2,2026-08-24 12:56:43.105118-04,12.816,10.006084,7,15783,1,1
1121,2,2026-08-24 12:56:44.10705-04,12.816,9.006187,7,15813,1,1
1122,2,2026-08-24 12:56:45.104366-04,12.815,8.005966,7,15843,1,1
1123,2,2026-08-24 12:56:46.105472-04,12.805,11.015947,7,15873,1,1
1124,2,2026-08-24 12:56:47.119247-04,12.803,10.013484,7,15903,1,1
1125,2,2026-08-24 12:56:48.110721-04,12.803,9.01282,7,15933,1,1
1126,2,2026-08-24 12:56:49.107454-04,12.803,8.014897,7,15963,1,1
1127,2,2026-08-24 12:56:50.120648-04,12.812,11.025414,7,15993,1,1
1128,2,2026-08-24 12:56:51.118417-04,12.814,10.025536,7,16023,1,1
1129,2,2026-08-24 12:56:52.10877-04,12.815,9.026024,7,16053,1,1
1130,2,2026-08-24 12:56:53.104165-04,12.813,8.0251,7,16083,1,1
1131,2,2026-08-24 12:56:54.105994-04,12.803,10.987938,7,16113,1,1
1132,2,2026-08-24 12:56:55.112948-04,12.803,9.988495,7,16143,1,1
1133,2,2026-08-24 12:56:56.107694-04,12.805,8.989056,7,16173,1,1
1134,2,2026-08-24 12:56:57.108431-04,12.806,7.991077,7,16203,1,1
1135,2,2026-08-24 12:56:58.106697-04,12.816,11.000617,7,16233,1,1
1136,2,2026-08-24 12:56:59.110402-04,12.815,9.999519,7,16263,1,1
1137,2,2026-08-24 12:57:00.112657-04,12.814,8.999922,7,16293,1,1
1138,2,2026-08-24 12:57:01.105922-04,12.815,8.001202,7,16323,1,1
1139,2,2026-08-24 12:57:02.10747-04,12.798,11.009211,7,16353,1,1
1140,2,2026-08-24 12:57:03.104614-04,12.798,10.010236,7,16383,1,1
1141,2,2026-08-24 12:57:04.107217-04,12.798,9.008986,7,16413,1,1
1142,2,2026-08-24 12:57:05.109839-04,12.797,8.008956,7,16443,1,1
1143,2,2026-08-24 12:57:06.106793-04,12.788,10.998681,7,16473,1,1
1144,2,2026-08-24 12:57:07.106156-04,12.789,10.000203,7,16503,1,1
1145,2,2026-08-24 12:57:08.105616-04,12.788,9.00023,7,16533,1,1
1146,2,2026-08-24 12:57:09.105023-04,12.787,7.999006,7,16563,1,1
1147,2,2026-08-24 12:57:10.104162-04,12.797,11.009522,7,16593,1,1
1148,2,2026-08-24 12:57:11.106683-04,12.799,10.010444,7,16623,1,1
1149,2,2026-08-24 12:57:12.104892-04,12.801,9.012906,7,16653,1,1
1150,2,2026-08-24 12:57:13.104663-04,12.8,8.011765,7,16683,1,1
1151,2,2026-08-24 12:57:14.105646-04,12.808,11.019089,7,16713,1,1
1152,2,2026-08-24 12:57:15.106566-04,12.809,10.019912,7,16743,1,1
1153,2,2026-08-24 12:57:16.106612-04,12.81,9.021012,7,16773,1,1
1154,2,2026-08-24 12:57:17.105953-04,12.809,8.021299,7,16803,1,1
1155,2,2026-08-24 12:57:18.105052-04,12.798,10.988801,7,16833,1,1
1156,2,2026-08-24 12:57:19.107133-04,12.797,9.987145,7,16863,1,1
1157,2,2026-08-24 12:57:20.113217-04,12.797,8.986571,7,16893,1,1
1158,2,2026-08-24 12:57:21.10437-04,12.798,7.988933,7,16923,1,1
1159,2,2026-08-24 12:57:22.107407-04,12.81,11.000322,7,16953,1,1
1160,2,2026-08-24 12:57:23.104922-04,12.808,9.997511,7,16983,1,1
1161,2,2026-08-24 12:57:24.106552-04,12.808,8.999029,7,17013,1,1
1162,2,2026-08-24 12:57:25.105642-04,12.808,7.999301,7,17043,1,1
1163,2,2026-08-24 12:57:26.10845-04,12.799,11.010643,7,17073,1,1
1164,2,2026-08-24 12:57:27.108601-04,12.8,10.011371,7,17103,1,1
1165,2,2026-08-24 12:57:28.104202-04,12.797,9.00925,7,17133,1,1
1166,2,2026-08-24 12:57:29.108956-04,12.8,8.011911,7,17163,1,1
1167,2,2026-08-24 12:57:30.106983-04,12.787,10.999186,7,17193,1,1
1168,2,2026-08-24 12:57:31.107666-04,12.789,10.000006,7,17223,1,1
1169,2,2026-08-24 12:57:32.106294-04,12.788,8.999067,7,17253,1,1
1170,2,2026-08-24 12:57:33.104559-04,12.788,7.999973,7,17283,1,1
1171,2,2026-08-24 12:57:34.107151-04,12.797,11.009555,7,17313,1,1
1172,2,2026-08-24 12:57:35.107419-04,12.797,10.008552,7,17343,1,1
1173,2,2026-08-24 12:57:36.108137-04,12.798,9.00915,7,17373,1,1
1174,2,2026-08-24 12:57:37.109843-04,12.8,8.012027,7,17403,1,1
1175,2,2026-08-24 12:57:38.138178-04,12.808,10.99812,7,17433,1,1
1176,2,2026-08-24 12:57:39.104203-04,12.808,9.9989,7,17463,1,1
1177,2,2026-08-24 12:57:40.104917-04,12.808,8.997919,7,17493,1,1
1178,2,2026-08-24 12:57:41.110257-04,12.81,8.000022,7,17523,1,1
1179,2,2026-08-24 12:57:42.111576-04,12.8,11.011392,7,17553,1,1
1180,2,2026-08-24 12:57:43.105758-04,12.799,10.010399,7,17583,1,1
1181,2,2026-08-24 12:57:44.105891-04,12.8,9.011202,7,17613,1,1
1182,2,2026-08-24 12:57:45.105615-04,12.798,8.009774,7,17643,1,1
1183,2,2026-08-24 12:57:46.105841-04,12.809,10.993153,7,17673,1,1
1184,2,2026-08-24 12:57:47.106439-04,12.809,9.993302,7,17703,1,1
1185,2,2026-08-24 12:57:48.106315-04,12.809,8.993774,7,17733,1,1
1186,2,2026-08-24 12:57:49.108732-04,12.808,7.993545,7,17763,1,1
1187,2,2026-08-24 12:57:50.10697-04,12.797,10.98196,7,17793,1,1
1188,2,2026-08-24 12:57:51.176139-04,12.798,9.983,7,17823,1,1
1189,2,2026-08-24 12:57:52.108814-04,12.799,8.983866,7,17853,1,1
1190,2,2026-08-24 12:57:53.105102-04,12.801,7.98601,7,17883,1,1
1191,2,2026-08-24 12:57:54.107761-04,12.781,10.993464,7,17913,1,1
1192,2,2026-08-24 12:57:55.106946-04,12.782,9.99292,7,17943,1,1
1193,2,2026-08-24 12:57:56.107841-04,12.784,8.994762,7,17973,1,1
1194,2,2026-08-24 12:57:57.104403-04,12.784,7.996112,7,18003,1,1
1195,2,2026-08-24 12:57:58.105422-04,12.794,11.026701,7,18033,1,1
1196,2,2026-08-24 12:57:59.107389-04,12.794,10.027715,7,18063,1,1
1197,3,2026-08-24 13:01:48.149106-04,21.126,17.401134,0,21,1,1.05
1198,3,2026-08-24 13:01:49.156099-04,21.076,16.35105,0,53,1,1.05
1199,3,2026-08-24 13:01:50.148618-04,21.023,15.298417,0,84,1,1.05
1200,3,2026-08-24 13:01:51.148697-04,20.972,14.247541,0,116,1,1.05
1201,3,2026-08-24 13:01:52.148414-04,20.923,13.197793,0,147,1,1.05
1202,3,2026-08-24 13:01:53.149284-04,20.879,12.154329,0,179,1,1.05
1203,3,2026-08-24 13:01:54.150932-04,20.837,17.068996,0,210,1,1.05
1204,3,2026-08-24 13:01:55.152216-04,20.785,16.017088,0,242,1,1.05
1205,3,2026-08-24 13:01:56.14793-04,20.764,14.997765,0,272,1,1
1206,3,2026-08-24 13:01:57.150816-04,20.763,13.995783,0,303,1,1
1207,3,2026-08-24 13:01:58.160602-04,20.762,12.994401,0,333,1,1
1208,3,2026-08-24 13:01:59.150119-04,20.763,11.996812,0,363,1,1
1209,3,2026-08-24 13:02:00.148065-04,20.76,17.014093,0,393,1,1
1210,3,2026-08-24 13:02:01.150929-04,20.762,16.01442,0,423,1,1
1211,3,2026-08-24 13:02:02.148501-04,20.76,15.0143,0,453,1,1
1212,3,2026-08-24 13:02:03.149126-04,20.759,14.012839,0,483,1,1
1213,3,2026-08-24 13:02:04.150605-04,20.76,13.012762,0,513,1,1
1214,3,2026-08-24 13:02:05.151616-04,20.759,12.013648,0,543,1,1
1215,3,2026-08-24 13:02:06.149047-04,20.754,17.02877,0,573,1,1
1216,3,2026-08-24 13:02:07.149245-04,20.753,16.027777,0,603,1,1
1217,3,2026-08-24 13:02:08.148808-04,20.753,15.027989,0,633,1,1
1218,3,2026-08-24 13:02:09.151689-04,20.752,14.027309,0,663,1,1
1219,3,2026-08-24 13:02:10.147424-04,20.752,13.028175,0,693,1,1
1220,3,2026-08-24 13:02:11.148116-04,20.754,12.03019,0,723,1,1
1221,3,2026-08-24 13:02:12.182111-04,20.748,16.996714,0,753,1,1
1222,3,2026-08-24 13:02:13.149454-04,20.747,15.995652,0,783,1,1
1223,3,2026-08-24 13:02:14.151399-04,20.748,14.995725,0,813,1,1
1224,3,2026-08-24 13:02:15.150366-04,20.748,13.996172,0,843,1,1
1225,3,2026-08-24 13:02:16.149667-04,20.75,12.997555,0,873,1,1
1226,3,2026-08-24 13:02:17.151533-04,20.75,11.999182,0,903,1,1
1227,3,2026-08-24 13:02:18.148765-04,20.766,16.993149,0,933,1,1
1228,3,2026-08-24 13:02:19.14921-04,20.765,15.992103,0,963,1,1
1229,3,2026-08-24 13:02:20.148667-04,20.764,14.990686,0,993,1,1
1230,3,2026-08-24 13:02:21.149037-04,20.764,13.991446,0,1023,1,1
1231,3,2026-08-24 13:02:22.148457-04,20.763,12.990507,0,1053,1,1
1232,3,2026-08-24 13:02:23.150654-04,20.763,11.990203,0,1083,1,1
1233,3,2026-08-24 13:02:24.148938-04,20.753,17.006653,0,1113,1,1
1234,3,2026-08-24 13:02:25.15463-04,20.753,16.00673,0,1143,1,1
1235,3,2026-08-24 13:02:26.148812-04,20.752,15.005903,0,1173,1,1
1236,3,2026-08-24 13:02:27.148539-04,20.752,14.006967,0,1203,1,1
1237,3,2026-08-24 13:02:28.151224-04,20.752,13.004826,0,1233,1,1
1238,3,2026-08-24 13:02:29.149497-04,20.753,12.007529,0,1263,1,1
1239,3,2026-08-24 13:02:30.149823-04,20.749,17.002703,0,1293,1,1
1240,3,2026-08-24 13:02:31.151152-04,20.751,16.004568,0,1323,1,1
1241,3,2026-08-24 13:02:32.151405-04,20.75,15.003419,0,1353,1,1
1242,3,2026-08-24 13:02:33.148835-04,20.75,14.004525,0,1383,1,1
1243,3,2026-08-24 13:02:34.150292-04,20.749,13.002537,0,1413,1,1
1244,3,2026-08-24 13:02:35.150281-04,20.748,12.002978,0,1443,1,1
1245,3,2026-08-24 13:02:36.150902-04,20.743,17.01771,0,1473,1,1
1246,3,2026-08-24 13:02:37.14987-04,20.742,16.01712,0,1503,1,1
1247,3,2026-08-24 13:02:38.150854-04,20.743,15.018148,0,1533,1,1
1248,3,2026-08-24 13:02:39.1489-04,20.743,14.019074,0,1563,1,1
1249,3,2026-08-24 13:02:40.147663-04,20.742,13.01717,0,1593,1,1
1250,3,2026-08-24 13:02:41.149573-04,20.744,12.018721,0,1623,1,1
1251,3,2026-08-24 13:02:42.155899-04,20.757,17.010744,0,1653,1,1
1252,3,2026-08-24 13:02:43.147884-04,20.758,16.012033,0,1683,1,1
1253,3,2026-08-24 13:02:44.14788-04,20.758,15.013291,0,1713,1,1
1254,3,2026-08-24 13:02:45.148614-04,20.76,14.01368,0,1743,1,1
1255,3,2026-08-24 13:02:46.149229-04,20.761,13.01522,0,1773,1,1
1256,3,2026-08-24 13:02:47.147988-04,20.76,12.014894,0,1803,1,1
1257,3,2026-08-24 13:02:48.149135-04,20.755,17.009031,0,1833,1,1
1258,3,2026-08-24 13:02:49.151816-04,20.754,16.00803,0,1863,1,1
1259,3,2026-08-24 13:02:50.150195-04,20.753,15.006984,0,1893,1,1
1260,3,2026-08-24 13:02:51.149508-04,20.753,14.007051,0,1923,1,1
1261,3,2026-08-24 13:02:52.149856-04,20.753,13.006358,0,1953,1,1
1262,3,2026-08-24 13:02:53.149657-04,20.753,12.007906,0,1983,1,1
1263,3,2026-08-24 13:02:54.149083-04,20.748,17.023075,0,2013,1,1
1264,3,2026-08-24 13:02:55.150202-04,20.748,16.023401,0,2043,1,1
1265,3,2026-08-24 13:02:56.148665-04,20.747,15.022932,0,2073,1,1
1266,3,2026-08-24 13:02:57.151977-04,20.748,14.021754,0,2103,1,1
1267,3,2026-08-24 13:02:58.150818-04,20.747,13.022179,0,2133,1,1
1268,3,2026-08-24 13:02:59.149303-04,20.748,12.023411,0,2163,1,1
1269,3,2026-08-24 13:03:00.150547-04,20.764,17.01825,0,2193,1,1
1270,3,2026-08-24 13:03:01.148714-04,20.763,16.018269,0,2223,1,1
1271,3,2026-08-24 13:03:02.150897-04,20.766,15.02015,0,2253,1,1
1272,3,2026-08-24 13:03:03.151421-04,20.765,14.017583,0,2283,1,1
1273,3,2026-08-24 13:03:04.150259-04,20.765,13.018411,0,2313,1,1
1274,3,2026-08-24 13:03:05.150501-04,20.764,12.018685,0,2343,1,1
1275,3,2026-08-24 13:03:06.150469-04,20.759,17.033644,0,2373,1,1
1276,3,2026-08-24 13:03:07.150532-04,20.758,16.03243,0,2403,1,1
1277,3,2026-08-24 13:03:08.150103-04,20.76,15.033674,0,2433,1,1
1278,3,2026-08-24 13:03:09.150104-04,20.759,14.034618,0,2463,1,1
1279,3,2026-08-24 13:03:10.149999-04,20.758,13.032767,0,2493,1,1
1280,3,2026-08-24 13:03:11.150613-04,20.758,12.034652,0,2523,1,1
1281,3,2026-08-24 13:03:12.150464-04,20.774,16.999773,0,2553,1,1
1282,3,2026-08-24 13:03:13.149586-04,20.774,16.000925,0,2583,1,1
1283,3,2026-08-24 13:03:14.148648-04,20.774,15.001324,0,2613,1,1
1284,3,2026-08-24 13:03:15.150149-04,20.776,14.002547,0,2643,1,1
1285,3,2026-08-24 13:03:16.149508-04,20.777,13.003967,0,2673,1,1
1286,3,2026-08-24 13:03:17.154802-04,20.776,12.004259,0,2703,1,1
1287,3,2026-08-24 13:03:18.149576-04,20.771,17.019732,0,2733,1,1
1288,3,2026-08-24 13:03:19.148925-04,20.771,16.019188,0,2763,1,1
1289,3,2026-08-24 13:03:20.149057-04,20.771,15.019021,0,2793,1,1
1290,3,2026-08-24 13:03:21.150543-04,20.769,14.01696,0,2823,1,1
1291,3,2026-08-24 13:03:22.150406-04,20.769,13.017124,0,2853,1,1
1292,3,2026-08-24 13:03:23.151969-04,20.769,12.017843,0,2883,1,1
1293,3,2026-08-24 13:03:24.151006-04,20.759,17.011395,0,2913,1,1
1294,3,2026-08-24 13:03:25.150242-04,20.759,16.012173,0,2943,1,1
1295,3,2026-08-24 13:03:26.150844-04,20.758,15.010467,0,2973,1,1
1296,3,2026-08-24 13:03:27.150094-04,20.758,14.010859,0,3003,1,1
1297,3,2026-08-24 13:03:28.149308-04,20.757,13.011075,0,3033,1,1
1298,3,2026-08-24 13:03:29.148853-04,20.758,12.013083,0,3063,1,1
1299,3,2026-08-24 13:03:30.148982-04,20.755,17.02972,0,3093,1,1
1300,3,2026-08-24 13:03:31.149707-04,20.756,16.030725,0,3123,1,1
1301,3,2026-08-24 13:03:32.149603-04,20.755,15.029938,0,3153,1,1
1302,3,2026-08-24 13:03:33.149311-04,20.755,14.030205,0,3183,1,1
1303,3,2026-08-24 13:03:34.149664-04,20.754,13.029095,0,3213,1,1
1304,3,2026-08-24 13:03:35.152877-04,20.755,12.029788,0,3243,1,1
1305,3,2026-08-24 13:03:36.15164-04,20.77,17.02267,0,3273,1,1
1306,3,2026-08-24 13:03:37.15014-04,20.769,16.021591,0,3303,1,1
1307,3,2026-08-24 13:03:38.148474-04,20.769,15.022541,0,3333,1,1
1308,3,2026-08-24 13:03:39.148498-04,20.77,14.024209,0,3363,1,1
1309,3,2026-08-24 13:03:40.148698-04,20.77,13.022426,0,3393,1,1
1310,3,2026-08-24 13:03:41.152799-04,20.77,12.024412,0,3423,1,1
1311,3,2026-08-24 13:03:42.149679-04,20.763,17.01667,0,3453,1,1
1312,3,2026-08-24 13:03:43.150665-04,20.764,16.016766,0,3483,1,1
1313,3,2026-08-24 13:03:44.149276-04,20.763,15.017231,0,3513,1,1
1314,3,2026-08-24 13:03:45.149505-04,20.765,14.01914,0,3543,1,1
1315,3,2026-08-24 13:03:46.151166-04,20.766,13.020282,0,3573,1,1
1316,3,2026-08-24 13:03:47.149955-04,20.766,12.019989,0,3603,1,1
1317,3,2026-08-24 13:03:48.150574-04,20.761,17.01389,0,3633,1,1
1318,3,2026-08-24 13:03:49.151364-04,20.76,16.012999,0,3663,1,1
1319,3,2026-08-24 13:03:50.150255-04,20.759,15.011984,0,3693,1,1
1320,3,2026-08-24 13:03:51.150806-04,20.76,14.012738,0,3723,1,1
1321,3,2026-08-24 13:03:52.151525-04,20.758,13.011933,0,3753,1,1
1322,3,2026-08-24 13:03:53.149546-04,20.758,12.013139,0,3783,1,1
1323,3,2026-08-24 13:03:54.150927-04,20.775,17.027882,0,3813,1,1
1324,3,2026-08-24 13:03:55.151148-04,20.775,16.027657,0,3843,1,1
1325,3,2026-08-24 13:03:56.151683-04,20.774,15.026784,0,3873,1,1
1326,3,2026-08-24 13:03:57.151518-04,20.775,14.027657,0,3903,1,1
1327,3,2026-08-24 13:03:58.153021-04,20.774,13.026091,0,3933,1,1
1328,3,2026-08-24 13:03:59.150046-04,20.776,12.02939,0,3963,1,1
1329,3,2026-08-24 13:04:00.152881-04,20.772,16.997173,0,3993,1,1
1330,3,2026-08-24 13:04:01.151496-04,20.773,15.998531,0,4023,1,1
1331,3,2026-08-24 13:04:02.151977-04,20.77,14.994666,0,4053,1,1
1332,3,2026-08-24 13:04:03.151182-04,20.773,13.998067,0,4083,1,1
1333,3,2026-08-24 13:04:04.15168-04,20.773,12.996678,0,4113,1,1
1334,3,2026-08-24 13:04:05.150123-04,20.772,11.996786,0,4143,1,1
1335,3,2026-08-24 13:04:06.151038-04,20.766,16.9906,0,4173,1,1
1336,3,2026-08-24 13:04:07.152332-04,20.767,15.991674,0,4203,1,1
1337,3,2026-08-24 13:04:08.153895-04,20.766,14.99047,0,4233,1,1
1338,3,2026-08-24 13:04:09.151846-04,20.768,13.991945,0,4263,1,1
1339,3,2026-08-24 13:04:10.151241-04,20.766,12.990509,0,4293,1,1
1340,3,2026-08-24 13:04:11.152667-04,20.767,11.992164,0,4323,1,1
1341,3,2026-08-24 13:04:12.152265-04,20.754,17.00533,0,4353,1,1
1342,3,2026-08-24 13:04:13.152511-04,20.756,16.006353,0,4383,1,1
1343,3,2026-08-24 13:04:14.153974-04,20.756,15.006482,0,4413,1,1
1344,3,2026-08-24 13:04:15.152207-04,20.758,14.008367,0,4443,1,1
1345,3,2026-08-24 13:04:16.152721-04,20.759,13.008361,0,4473,1,1
1346,3,2026-08-24 13:04:17.151985-04,20.757,12.00856,0,4503,1,1
1347,3,2026-08-24 13:04:18.154602-04,20.753,17.024502,0,4533,1,1
1348,3,2026-08-24 13:04:19.152983-04,20.752,16.024055,0,4563,1,1
1349,3,2026-08-24 13:04:20.153538-04,20.752,15.024345,0,4593,1,1
1350,3,2026-08-24 13:04:21.153053-04,20.751,14.022659,0,4623,1,1
1351,3,2026-08-24 13:04:22.152898-04,20.752,13.023239,0,4653,1,1
1352,3,2026-08-24 13:04:23.152168-04,20.75,12.02363,0,4683,1,1
1353,3,2026-08-24 13:04:24.154221-04,20.746,17.017618,0,4713,1,1
1354,3,2026-08-24 13:04:25.154123-04,20.746,16.017067,0,4743,1,1
1355,3,2026-08-24 13:04:26.153251-04,20.744,15.01632,0,4773,1,1
1356,3,2026-08-24 13:04:27.154069-04,20.746,14.016829,0,4803,1,1
1357,3,2026-08-24 13:04:28.16001-04,20.745,13.016984,0,4833,1,1
1358,3,2026-08-24 13:04:29.154532-04,20.746,12.01872,0,4863,1,1
1359,3,2026-08-24 13:04:30.153368-04,20.763,17.034573,0,4893,1,1
1360,3,2026-08-24 13:04:31.154557-04,20.765,16.036036,0,4923,1,1
1361,3,2026-08-24 13:04:32.153925-04,20.764,15.03498,0,4953,1,1
1362,3,2026-08-24 13:04:33.152553-04,20.764,14.035619,0,4983,1,1
1363,3,2026-08-24 13:04:34.154296-04,20.763,13.034389,0,5013,1,1
1364,3,2026-08-24 13:04:35.15379-04,20.764,12.03511,0,5043,1,1
1365,3,2026-08-24 13:04:36.158296-04,20.778,17.00142,0,5073,1,1
1366,3,2026-08-24 13:04:37.154335-04,20.779,16.001413,0,5103,1,1
1367,3,2026-08-24 13:04:38.153766-04,20.778,15.001253,0,5133,1,1
1368,3,2026-08-24 13:04:39.156797-04,20.778,14.000646,0,5163,1,1
1369,3,2026-08-24 13:04:40.151691-04,20.779,13.001787,0,5193,1,1
1370,3,2026-08-24 13:04:41.154298-04,20.778,12.002441,0,5223,1,1
1371,3,2026-08-24 13:04:42.151898-04,20.772,17.016657,0,5253,1,1
1372,3,2026-08-24 13:04:43.155126-04,20.773,16.017582,0,5283,1,1
1373,3,2026-08-24 13:04:44.154868-04,20.772,15.016195,0,5313,1,1
1374,3,2026-08-24 13:04:45.155043-04,20.775,14.018093,0,5343,1,1
1375,3,2026-08-24 13:04:46.155534-04,20.775,13.019837,0,5373,1,1
1376,3,2026-08-24 13:04:47.155077-04,20.773,12.018355,0,5403,1,1
1377,3,2026-08-24 13:04:48.155433-04,20.765,17.013605,0,5433,1,1
1378,3,2026-08-24 13:04:49.15661-04,20.762,16.011154,0,5463,1,1
1379,3,2026-08-24 13:04:50.154269-04,20.764,15.012872,0,5493,1,1
1380,3,2026-08-24 13:04:51.153222-04,20.763,14.013079,0,5523,1,1
1381,3,2026-08-24 13:04:52.155388-04,20.764,13.012365,0,5553,1,1
1382,3,2026-08-24 13:04:53.153614-04,20.762,12.012273,0,5583,1,1
1383,3,2026-08-24 13:04:54.1533-04,20.757,17.028557,0,5613,1,1
1384,3,2026-08-24 13:04:55.154439-04,20.758,16.027943,0,5643,1,1
1385,3,2026-08-24 13:04:56.153085-04,20.757,15.027967,0,5673,1,1
1386,3,2026-08-24 13:04:57.153425-04,20.756,14.027106,0,5703,1,1
1387,3,2026-08-24 13:04:58.153651-04,20.756,13.026948,0,5733,1,1
1388,3,2026-08-24 13:04:59.153296-04,20.757,12.028084,0,5763,1,1
1389,3,2026-08-24 13:05:00.152479-04,20.774,17.025118,0,5793,1,1
1390,3,2026-08-24 13:05:01.155515-04,20.776,16.02497,0,5823,1,1
1391,3,2026-08-24 13:05:02.153988-04,20.775,15.024085,0,5853,1,1
1392,3,2026-08-24 13:05:03.153819-04,20.775,14.0243,0,5883,1,1
1393,3,2026-08-24 13:05:04.156507-04,20.773,13.023038,0,5913,1,1
1394,3,2026-08-24 13:05:05.153143-04,20.774,12.0248,0,5943,1,1
1395,3,2026-08-24 13:05:06.154318-04,20.768,17.017881,0,5973,1,1
1396,3,2026-08-24 13:05:07.153541-04,20.768,16.018047,0,6003,1,1
1397,3,2026-08-24 13:05:08.153395-04,20.767,15.017275,0,6033,1,1
1398,3,2026-08-24 13:05:09.15478-04,20.768,14.018202,0,6063,1,1
1399,3,2026-08-24 13:05:10.15206-04,20.768,13.018002,0,6093,1,1
1400,3,2026-08-24 13:05:11.153443-04,20.768,12.018581,0,6123,1,1
1401,3,2026-08-24 13:05:12.156394-04,20.762,17.01072,0,6153,1,1
1402,3,2026-08-24 13:05:13.152329-04,20.761,16.011097,0,6183,1,1
1403,3,2026-08-24 13:05:14.152969-04,20.763,15.012576,0,6213,1,1
1404,3,2026-08-24 13:05:15.153654-04,20.764,14.013648,0,6243,1,1
1405,3,2026-08-24 13:05:16.152878-04,20.766,13.01535,0,6273,1,1
1406,3,2026-08-24 13:05:17.153625-04,20.764,12.013874,0,6303,1,1
1407,3,2026-08-24 13:05:18.153467-04,20.78,17.008549,0,6333,1,1
1408,3,2026-08-24 13:05:19.15542-04,20.779,16.007675,0,6363,1,1
1409,3,2026-08-24 13:05:20.155458-04,20.779,15.006487,0,6393,1,1
1410,3,2026-08-24 13:05:21.155047-04,20.779,14.007171,0,6423,1,1
1411,3,2026-08-24 13:05:22.155728-04,20.779,13.007038,0,6453,1,1
1412,3,2026-08-24 13:05:23.152886-04,20.778,12.007387,0,6483,1,1
1413,3,2026-08-24 13:05:24.153486-04,20.773,17.02408,0,6513,1,1
1414,3,2026-08-24 13:05:25.155698-04,20.774,16.022839,0,6543,1,1
1415,3,2026-08-24 13:05:26.153865-04,20.773,15.021593,0,6573,1,1
1416,3,2026-08-24 13:05:27.153461-04,20.773,14.021785,0,6603,1,1
1417,3,2026-08-24 13:05:28.157076-04,20.773,13.022808,0,6633,1,1
1418,3,2026-08-24 13:05:29.154991-04,20.773,12.022365,0,6663,1,1
1419,3,2026-08-24 13:05:30.154231-04,20.77,16.992716,0,6693,1,1
1420,3,2026-08-24 13:05:31.154208-04,20.771,15.993767,0,6723,1,1
1421,3,2026-08-24 13:05:32.154071-04,20.77,14.993178,0,6753,1,1
1422,3,2026-08-24 13:05:33.153775-04,20.77,13.993127,0,6783,1,1
1423,3,2026-08-24 13:05:34.155868-04,20.769,12.992496,0,6813,1,1
1424,3,2026-08-24 13:05:35.15367-04,20.769,11.993255,0,6843,1,1
1425,3,2026-08-24 13:05:36.153844-04,20.763,17.007696,0,6873,1,1
1426,3,2026-08-24 13:05:37.154422-04,20.763,16.007711,0,6903,1,1
1427,3,2026-08-24 13:05:38.154037-04,20.763,15.006737,0,6933,1,1
1428,3,2026-08-24 13:05:39.154084-04,20.763,14.007728,0,6963,1,1
1429,3,2026-08-24 13:05:40.152897-04,20.762,13.005901,0,6993,1,1
1430,3,2026-08-24 13:05:41.157571-04,20.763,12.007392,0,7023,1,1
1431,3,2026-08-24 13:05:42.156427-04,20.751,17.020802,0,7053,1,1
1432,3,2026-08-24 13:05:43.157548-04,20.752,16.021856,0,7083,1,1
1433,3,2026-08-24 13:05:44.156482-04,20.751,15.022535,0,7113,1,1
1434,3,2026-08-24 13:05:45.155697-04,20.754,14.023944,0,7143,1,1
1435,3,2026-08-24 13:05:46.154973-04,20.754,13.024137,0,7173,1,1
1436,3,2026-08-24 13:05:47.154999-04,20.754,12.025228,0,7203,1,1
1437,3,2026-08-24 13:05:48.154107-04,20.748,16.99268,0,7233,1,1
1438,3,2026-08-24 13:05:49.156043-04,20.748,15.991437,0,7263,1,1
1439,3,2026-08-24 13:05:50.153884-04,20.748,14.991621,0,7293,1,1
1440,3,2026-08-24 13:05:51.153019-04,20.747,13.991351,0,7323,1,1
1441,3,2026-08-24 13:05:52.153455-04,20.748,12.99122,0,7353,1,1
1442,3,2026-08-24 13:05:53.154702-04,20.746,11.990864,0,7383,1,1
1443,3,2026-08-24 13:05:54.154425-04,20.763,17.007254,0,7413,1,1
1444,3,2026-08-24 13:05:55.155154-04,20.763,16.006407,0,7443,1,1
1445,3,2026-08-24 13:05:56.159254-04,20.763,15.006249,0,7473,1,1
1446,3,2026-08-24 13:05:57.154847-04,20.762,14.005499,0,7503,1,1
1447,3,2026-08-24 13:05:58.154891-04,20.762,13.005067,0,7533,1,1
1448,3,2026-08-24 13:05:59.153917-04,20.763,12.007607,0,7563,1,1
1449,3,2026-08-24 13:06:00.1554-04,20.753,17.002998,0,7593,1,1
1450,3,2026-08-24 13:06:01.154984-04,20.755,16.003561,0,7623,1,1
1451,3,2026-08-24 13:06:02.154557-04,20.754,15.002853,0,7653,1,1
1452,3,2026-08-24 13:06:03.154583-04,20.754,14.003821,0,7683,1,1
1453,3,2026-08-24 13:06:04.153337-04,20.753,13.003164,0,7713,1,1
1454,3,2026-08-24 13:06:05.153236-04,20.754,12.003578,0,7743,1,1
1455,3,2026-08-24 13:06:06.153334-04,20.747,17.01807,0,7773,1,1
1456,3,2026-08-24 13:06:07.153885-04,20.748,16.01792,0,7803,1,1
1457,3,2026-08-24 13:06:08.157482-04,20.746,15.017602,0,7833,1,1
1458,3,2026-08-24 13:06:09.154043-04,20.746,14.016444,0,7863,1,1
1459,3,2026-08-24 13:06:10.152777-04,20.747,13.017557,0,7893,1,1
1460,3,2026-08-24 13:06:11.152793-04,20.747,12.018799,0,7923,1,1
1461,3,2026-08-24 13:06:12.155631-04,20.762,17.011051,0,7953,1,1
1462,3,2026-08-24 13:06:13.153521-04,20.762,16.011263,0,7983,1,1
1463,3,2026-08-24 13:06:14.154266-04,20.762,15.011878,0,8013,1,1
1464,3,2026-08-24 13:06:15.153869-04,20.764,14.012824,0,8043,1,1
1465,3,2026-08-24 13:06:16.153178-04,20.765,13.013862,0,8073,1,1
1466,3,2026-08-24 13:06:17.153214-04,20.765,12.014432,0,8103,1,1
1467,3,2026-08-24 13:06:18.155392-04,20.758,17.00634,0,8133,1,1
1468,3,2026-08-24 13:06:19.15528-04,20.758,16.00731,0,8163,1,1
1469,3,2026-08-24 13:06:20.154134-04,20.759,15.009052,0,8193,1,1
1470,3,2026-08-24 13:06:21.157829-04,20.758,14.008504,0,8223,1,1
1471,3,2026-08-24 13:06:22.154866-04,20.758,13.006976,0,8253,1,1
1472,3,2026-08-24 13:06:23.154283-04,20.757,12.006982,0,8283,1,1
1473,3,2026-08-24 13:06:24.153668-04,20.774,17.001783,0,8313,1,1
1474,3,2026-08-24 13:06:25.153346-04,20.775,16.003298,0,8343,1,1
1475,3,2026-08-24 13:06:26.15611-04,20.773,15.001397,0,8373,1,1
1476,3,2026-08-24 13:06:27.154166-04,20.773,14.000828,0,8403,1,1
1477,3,2026-08-24 13:06:28.156722-04,20.772,12.999988,0,8433,1,1
1478,3,2026-08-24 13:06:29.153304-04,20.773,12.001936,0,8463,1,1
1479,3,2026-08-24 13:06:30.157597-04,20.748,17.01906,0,8493,1,1
1480,3,2026-08-24 13:06:31.154882-04,20.749,16.019632,0,8523,1,1
1481,3,2026-08-24 13:06:32.156068-04,20.746,15.016272,0,8553,1,1
1482,3,2026-08-24 13:06:33.154393-04,20.749,14.018834,0,8583,1,1
1483,3,2026-08-24 13:06:34.154616-04,20.748,13.017945,0,8613,1,1
1484,3,2026-08-24 13:06:35.153576-04,20.747,12.018407,0,8643,1,1
1485,3,2026-08-24 13:06:36.155084-04,20.762,17.005821,0,8673,1,1
1486,3,2026-08-24 13:06:37.15367-04,20.763,16.007544,0,8703,1,1
1487,3,2026-08-24 13:06:38.158322-04,20.762,15.005694,0,8733,1,1
1488,3,2026-08-24 13:06:39.154188-04,20.764,14.007097,0,8763,1,1
1489,3,2026-08-24 13:06:40.152491-04,20.763,13.006965,0,8793,1,1
1490,3,2026-08-24 13:06:41.155758-04,20.763,12.008297,0,8823,1,1
1491,3,2026-08-24 13:06:42.156693-04,20.757,17.001099,0,8853,1,1
1492,3,2026-08-24 13:06:43.154457-04,20.757,16.000912,0,8883,1,1
1493,3,2026-08-24 13:06:44.153903-04,20.757,15.000383,0,8913,1,1
1494,3,2026-08-24 13:06:45.154868-04,20.759,14.002299,0,8943,1,1
1495,3,2026-08-24 13:06:46.156437-04,20.76,13.00484,0,8973,1,1
1496,3,2026-08-24 13:06:47.154535-04,20.76,12.003292,0,9003,1,1
1497,3,2026-08-24 13:06:48.154585-04,20.747,17.01741,0,9033,1,1
1498,3,2026-08-24 13:06:49.155132-04,20.748,16.01805,0,9063,1,1
1499,3,2026-08-24 13:06:50.158582-04,20.749,15.018875,0,9093,1,1
1500,3,2026-08-24 13:06:51.15545-04,20.747,14.017145,0,9123,1,1
1501,3,2026-08-24 13:06:52.154749-04,20.747,13.017636,0,9153,1,1
1502,3,2026-08-24 13:06:53.154381-04,20.747,12.017705,0,9183,1,1
1503,3,2026-08-24 13:06:54.156248-04,20.763,17.011646,0,9213,1,1
1504,3,2026-08-24 13:06:55.154541-04,20.764,16.013268,0,9243,1,1
1505,3,2026-08-24 13:06:56.154793-04,20.763,15.0117,0,9273,1,1
1506,3,2026-08-24 13:06:57.153945-04,20.763,14.011632,0,9303,1,1
1507,3,2026-08-24 13:06:58.155233-04,20.762,13.011291,0,9333,1,1
1508,3,2026-08-24 13:06:59.153391-04,20.763,12.013068,0,9363,1,1
1509,3,2026-08-24 13:07:00.154218-04,20.759,16.986801,0,9393,1,1
1510,3,2026-08-24 13:07:01.155605-04,20.76,15.987212,0,9423,1,1
1511,3,2026-08-24 13:07:02.153631-04,20.761,14.988323,0,9453,1,1
1512,3,2026-08-24 13:07:03.156795-04,20.759,13.986812,0,9483,1,1
1513,3,2026-08-24 13:07:04.155028-04,20.76,12.986451,0,9513,1,1
1514,3,2026-08-24 13:07:05.154599-04,20.76,11.988368,0,9543,1,1
1515,3,2026-08-24 13:07:06.156861-04,20.775,17.00102,0,9573,1,1
1516,3,2026-08-24 13:07:07.156969-04,20.776,16.002058,0,9603,1,1
1517,3,2026-08-24 13:07:08.156494-04,20.774,15.000035,0,9633,1,1
1518,3,2026-08-24 13:07:09.153649-04,20.773,14.00137,0,9663,1,1
1519,3,2026-08-24 13:07:10.151887-04,20.775,13.003373,0,9693,1,1
1520,3,2026-08-24 13:07:11.156768-04,20.775,12.002187,0,9723,1,1
1521,3,2026-08-24 13:07:12.155192-04,20.768,16.994379,0,9753,1,1
1522,3,2026-08-24 13:07:13.15745-04,20.768,15.994969,0,9783,1,1
1523,3,2026-08-24 13:07:14.155805-04,20.769,14.995245,0,9813,1,1
1524,3,2026-08-24 13:07:15.155508-04,20.769,13.995016,0,9843,1,1
1525,3,2026-08-24 13:07:16.153803-04,20.77,12.998513,0,9873,1,1
1526,3,2026-08-24 13:07:17.155356-04,20.774,12.001154,0,9903,1,1
1527,3,2026-08-24 13:07:18.155585-04,20.746,17.01423,0,9933,1,1
1528,3,2026-08-24 13:07:19.161294-04,20.743,16.011984,0,9963,1,1
1529,3,2026-08-24 13:07:20.157446-04,20.744,15.013333,0,9993,1,1
1530,3,2026-08-24 13:07:21.157729-04,20.741,14.010353,0,10023,1,1
1531,3,2026-08-24 13:07:22.158135-04,20.742,13.011629,0,10053,1,1
1532,3,2026-08-24 13:07:23.155504-04,20.742,12.011718,0,10083,1,1
1533,3,2026-08-24 13:07:24.155221-04,20.759,17.00729,0,10113,1,1
1534,3,2026-08-24 13:07:25.156137-04,20.76,16.007835,0,10143,1,1
1535,3,2026-08-24 13:07:26.162689-04,20.757,15.004723,0,10173,1,1
1536,3,2026-08-24 13:07:27.156032-04,20.757,14.005018,0,10203,1,1
1537,3,2026-08-24 13:07:28.156026-04,20.757,13.004663,0,10233,1,1
1538,3,2026-08-24 13:07:29.154378-04,20.759,12.00788,0,10263,1,1
1539,3,2026-08-24 13:07:30.155542-04,20.755,17.024115,0,10293,1,1
1540,3,2026-08-24 13:07:31.156296-04,20.757,16.024727,0,10323,1,1
1541,3,2026-08-24 13:07:32.153672-04,20.755,15.026483,0,10353,1,1
1542,3,2026-08-24 13:07:33.153516-04,20.757,14.026878,0,10383,1,1
1543,3,2026-08-24 13:07:34.155654-04,20.753,13.021626,0,10413,1,1
1544,3,2026-08-24 13:07:35.154813-04,20.755,12.025733,0,10443,1,1
1545,3,2026-08-24 13:07:36.155964-04,20.769,17.016998,0,10473,1,1
1546,3,2026-08-24 13:07:37.156441-04,20.769,16.017138,0,10503,1,1
1547,3,2026-08-24 13:07:38.154581-04,20.77,15.017389,0,10533,1,1
1548,3,2026-08-24 13:07:39.157978-04,20.768,14.015503,0,10563,1,1
1549,3,2026-08-24 13:07:40.153951-04,20.769,13.016598,0,10593,1,1
1550,3,2026-08-24 13:07:41.155588-04,20.769,12.018166,0,10623,1,1
1551,3,2026-08-24 13:07:42.157332-04,20.762,17.031368,0,10653,1,1
1552,3,2026-08-24 13:07:43.156872-04,20.763,16.030998,0,10683,1,1
1553,3,2026-08-24 13:07:44.156173-04,20.764,15.032459,0,10713,1,1
1554,3,2026-08-24 13:07:45.156729-04,20.763,14.03241,0,10743,1,1
1555,3,2026-08-24 13:07:46.155853-04,20.767,13.035907,0,10773,1,1
1556,3,2026-08-24 13:07:47.155624-04,20.769,12.038719,0,10803,1,1
1557,3,2026-08-24 13:07:48.156543-04,20.783,17.004143,0,10833,1,1
1558,3,2026-08-24 13:07:49.156392-04,20.783,16.003025,0,10863,1,1
1559,3,2026-08-24 13:07:50.153393-04,20.782,15.005114,0,10893,1,1
1560,3,2026-08-24 13:07:51.157298-04,20.78,14.001077,0,10923,1,1
1561,3,2026-08-24 13:07:52.156372-04,20.78,13.001127,0,10953,1,1
1562,3,2026-08-24 13:07:53.154421-04,20.779,12.00169,0,10983,1,1
1563,3,2026-08-24 13:07:54.155325-04,20.774,17.016672,0,11013,1,1
1564,3,2026-08-24 13:07:55.155145-04,20.776,16.019396,0,11043,1,1
1565,3,2026-08-24 13:07:56.154836-04,20.773,15.015484,0,11073,1,1
1566,3,2026-08-24 13:07:57.159427-04,20.776,14.017506,0,11103,1,1
1567,3,2026-08-24 13:07:58.157333-04,20.773,13.015456,0,11133,1,1
1568,3,2026-08-24 13:07:59.153418-04,20.772,12.016949,0,11163,1,1
1569,3,2026-08-24 13:08:00.156001-04,20.764,17.032122,0,11193,1,1
1570,3,2026-08-24 13:08:01.156281-04,20.768,16.035679,0,11223,1,1
1571,3,2026-08-24 13:08:02.156149-04,20.768,15.038446,0,11253,1,1
1572,3,2026-08-24 13:08:03.15702-04,20.764,14.032013,0,11283,1,1
1573,3,2026-08-24 13:08:04.154667-04,20.767,13.036096,0,11313,1,1
1574,3,2026-08-24 13:08:05.153557-04,20.763,12.034604,0,11343,1,1
1575,3,2026-08-24 13:08:06.155984-04,20.759,17.00111,0,11373,1,1
1576,3,2026-08-24 13:08:07.153394-04,20.758,16.002497,0,11403,1,1
1577,3,2026-08-24 13:08:08.155154-04,20.757,14.999911,0,11433,1,1
1578,3,2026-08-24 13:08:09.15615-04,20.758,14.001754,0,11463,1,1
1579,3,2026-08-24 13:08:10.154419-04,20.758,13.000387,0,11493,1,1
1580,3,2026-08-24 13:08:11.154694-04,20.759,12.002452,0,11523,1,1
1581,3,2026-08-24 13:08:12.156888-04,20.774,16.994715,0,11553,1,1
1582,3,2026-08-24 13:08:13.155225-04,20.773,15.994382,0,11583,1,1
1583,3,2026-08-24 13:08:14.154923-04,20.774,14.995519,0,11613,1,1
1584,3,2026-08-24 13:08:15.155162-04,20.776,13.997397,0,11643,1,1
1585,3,2026-08-24 13:08:16.155297-04,20.777,12.998618,0,11673,1,1
1586,3,2026-08-24 13:08:17.153185-04,20.779,12.002524,0,11703,1,1
1587,3,2026-08-24 13:08:18.153159-04,20.767,17.016962,0,11733,1,1
1588,3,2026-08-24 13:08:19.159771-04,20.764,16.012108,0,11763,1,1
1589,3,2026-08-24 13:08:20.155168-04,20.766,15.013587,0,11793,1,1
1590,3,2026-08-24 13:08:21.155539-04,20.765,14.011501,0,11823,1,1
1591,3,2026-08-24 13:08:22.152877-04,20.765,13.015114,0,11853,1,1
1592,3,2026-08-24 13:08:23.153941-04,20.763,12.012501,0,11883,1,1
1593,3,2026-08-24 13:08:24.154233-04,20.757,17.007097,0,11913,1,1
1594,3,2026-08-24 13:08:25.155811-04,20.761,16.008385,0,11943,1,1
1595,3,2026-08-24 13:08:26.156589-04,20.757,15.004645,0,11973,1,1
1596,3,2026-08-24 13:08:27.158571-04,20.759,14.005893,0,12003,1,1
1597,3,2026-08-24 13:08:28.156286-04,20.757,13.004804,0,12033,1,1
1598,3,2026-08-24 13:08:29.153658-04,20.758,12.007865,0,12063,1,1
1599,3,2026-08-24 13:08:30.156402-04,20.755,17.024025,0,12093,1,1
1600,3,2026-08-24 13:08:31.157434-04,20.753,16.02095,0,12123,1,1
1601,3,2026-08-24 13:08:32.157537-04,20.757,15.026082,0,12153,1,1
1602,3,2026-08-24 13:08:33.158167-04,20.757,14.025678,0,12183,1,1
1603,3,2026-08-24 13:08:34.156102-04,20.756,13.025409,0,12213,1,1
1604,3,2026-08-24 13:08:35.154983-04,20.756,12.025713,0,12243,1,1
1605,3,2026-08-24 13:08:36.156376-04,20.77,17.016855,0,12273,1,1
1606,3,2026-08-24 13:08:37.156695-04,20.77,16.017195,0,12303,1,1
1607,3,2026-08-24 13:08:38.154318-04,20.768,15.016072,0,12333,1,1
1608,3,2026-08-24 13:08:39.162421-04,20.768,14.015281,0,12363,1,1
1609,3,2026-08-24 13:08:40.155056-04,20.769,13.016167,0,12393,1,1
1610,3,2026-08-24 13:08:41.154635-04,20.768,12.018083,0,12423,1,1
1611,3,2026-08-24 13:08:42.155866-04,20.763,17.010796,0,12453,1,1
1612,3,2026-08-24 13:08:43.154131-04,20.763,16.011703,0,12483,1,1
1613,3,2026-08-24 13:08:44.156582-04,20.762,15.00914,0,12513,1,1
1614,3,2026-08-24 13:08:45.155207-04,20.763,14.011266,0,12543,1,1
1615,3,2026-08-24 13:08:46.158598-04,20.765,13.01201,0,12573,1,1
1616,3,2026-08-24 13:08:47.155448-04,20.767,12.015516,0,12603,1,1
1617,3,2026-08-24 13:08:48.156151-04,20.762,17.009752,0,12633,1,1
1618,3,2026-08-24 13:08:49.157452-04,20.761,16.00832,0,12663,1,1
1619,3,2026-08-24 13:08:50.155569-04,20.759,15.006501,0,12693,1,1
1620,3,2026-08-24 13:08:51.156652-04,20.759,14.005445,0,12723,1,1
1621,3,2026-08-24 13:08:52.156075-04,20.76,13.007608,0,12753,1,1
1622,3,2026-08-24 13:08:53.163196-04,20.757,12.006214,0,12783,1,1
1623,3,2026-08-24 13:08:54.155276-04,20.774,17.02211,0,12813,1,1
1624,3,2026-08-24 13:08:55.156743-04,20.776,16.024233,0,12843,1,1
1625,3,2026-08-24 13:08:56.156361-04,20.774,15.020753,0,12873,1,1
1626,3,2026-08-24 13:08:57.154651-04,20.775,14.02371,0,12903,1,1
1627,3,2026-08-24 13:08:58.155066-04,20.774,13.022579,0,12933,1,1
1628,3,2026-08-24 13:08:59.153336-04,20.773,12.022302,0,12963,1,1
1629,3,2026-08-24 13:09:00.15711-04,20.769,16.989496,0,12993,1,1
1630,3,2026-08-24 13:09:01.157415-04,20.772,15.993538,0,13023,1,1
1631,3,2026-08-24 13:09:02.155673-04,20.774,14.994264,0,13053,1,1
1632,3,2026-08-24 13:09:03.15805-04,20.773,13.99289,0,13083,1,1
1633,3,2026-08-24 13:09:04.152903-04,20.773,12.995124,0,13113,1,1
1634,3,2026-08-24 13:09:05.154196-04,20.771,11.993659,0,13143,1,1
1635,3,2026-08-24 13:09:06.155066-04,20.764,17.006683,0,13173,1,1
1636,3,2026-08-24 13:09:07.155926-04,20.764,16.00599,0,13203,1,1
1637,3,2026-08-24 13:09:08.155356-04,20.764,15.005212,0,13233,1,1
1638,3,2026-08-24 13:09:09.155149-04,20.765,14.006766,0,13263,1,1
1639,3,2026-08-24 13:09:10.154407-04,20.764,13.005981,0,13293,1,1
1640,3,2026-08-24 13:09:11.1539-04,20.764,12.008378,0,13323,1,1
1641,3,2026-08-24 13:09:12.157848-04,20.752,16.998974,0,13353,1,1
1642,3,2026-08-24 13:09:13.157935-04,20.753,16.000063,0,13383,1,1
1643,3,2026-08-24 13:09:14.155806-04,20.752,15.000916,0,13413,1,1
1644,3,2026-08-24 13:09:15.154955-04,20.754,14.00333,0,13443,1,1
1645,3,2026-08-24 13:09:16.155669-04,20.756,13.004092,0,13473,1,1
1646,3,2026-08-24 13:09:17.154903-04,20.756,12.006271,0,13503,1,1
1647,3,2026-08-24 13:09:18.157366-04,20.751,17.019596,0,13533,1,1
1648,3,2026-08-24 13:09:19.15537-04,20.751,16.019514,0,13563,1,1
1649,3,2026-08-24 13:09:20.15634-04,20.75,15.01834,0,13593,1,1
1650,3,2026-08-24 13:09:21.155666-04,20.748,14.017205,0,13623,1,1
1651,3,2026-08-24 13:09:22.158056-04,20.748,13.016605,0,13653,1,1
1652,3,2026-08-24 13:09:23.165415-04,20.748,12.016725,0,13683,1,1
1653,3,2026-08-24 13:09:24.153007-04,20.763,17.012274,0,13713,1,1
1654,3,2026-08-24 13:09:25.156153-04,20.767,16.013474,0,13743,1,1
1655,3,2026-08-24 13:09:26.154944-04,20.763,15.012175,0,13773,1,1
1656,3,2026-08-24 13:09:27.156378-04,20.764,14.013077,0,13803,1,1
1657,3,2026-08-24 13:09:28.156073-04,20.763,13.010099,0,13833,1,1
1658,3,2026-08-24 13:09:29.152753-04,20.764,12.013974,0,13863,1,1
1659,3,2026-08-24 13:09:30.155682-04,20.76,17.007826,0,13893,1,1
1660,3,2026-08-24 13:09:31.154582-04,20.762,16.009983,0,13923,1,1
1661,3,2026-08-24 13:09:32.154002-04,20.764,15.012353,0,13953,1,1
1662,3,2026-08-24 13:09:33.15738-04,20.762,14.009336,0,13983,1,1
1663,3,2026-08-24 13:09:34.154819-04,20.759,13.006263,0,14013,1,1
1664,3,2026-08-24 13:09:35.155894-04,20.762,12.010688,0,14043,1,1
1665,3,2026-08-24 13:09:36.155888-04,20.755,17.024395,0,14073,1,1
1666,3,2026-08-24 13:09:37.158869-04,20.755,16.022688,0,14103,1,1
1667,3,2026-08-24 13:09:38.157432-04,20.753,15.020819,0,14133,1,1
1668,3,2026-08-24 13:09:39.155479-04,20.753,14.020754,0,14163,1,1
1669,3,2026-08-24 13:09:40.15693-04,20.754,13.021892,0,14193,1,1
1670,3,2026-08-24 13:09:41.157926-04,20.754,12.023687,0,14223,1,1
1671,3,2026-08-24 13:09:42.157051-04,20.769,17.015608,0,14253,1,1
1672,3,2026-08-24 13:09:43.157204-04,20.769,16.015379,0,14283,1,1
1673,3,2026-08-24 13:09:44.157268-04,20.769,15.015641,0,14313,1,1
1674,3,2026-08-24 13:09:45.15677-04,20.771,14.018184,0,14343,1,1
1675,3,2026-08-24 13:09:46.157563-04,20.773,13.019584,0,14373,1,1
1676,3,2026-08-24 13:09:47.158934-04,20.773,12.021787,0,14403,1,1
1677,3,2026-08-24 13:09:48.157062-04,20.765,17.032782,0,14433,1,1
1678,3,2026-08-24 13:09:49.15272-04,20.767,16.038353,0,14463,1,1
1679,3,2026-08-24 13:09:50.155722-04,20.764,15.033973,0,14493,1,1
1680,3,2026-08-24 13:09:51.157301-04,20.763,14.03114,0,14523,1,1
1681,3,2026-08-24 13:09:52.157141-04,20.765,13.032807,0,14553,1,1
1682,3,2026-08-24 13:09:53.155316-04,20.763,12.033118,0,14583,1,1
1683,3,2026-08-24 13:09:54.155402-04,20.78,17.000473,0,14613,1,1
1684,3,2026-08-24 13:09:55.156247-04,20.78,16.000614,0,14643,1,1
1685,3,2026-08-24 13:09:56.156509-04,20.78,15.000015,0,14673,1,1
1686,3,2026-08-24 13:09:57.156855-04,20.78,14.000449,0,14703,1,1
1687,3,2026-08-24 13:09:58.155408-04,20.779,12.999199,0,14733,1,1
1688,3,2026-08-24 13:09:59.1535-04,20.78,12.002437,0,14763,1,1
1689,3,2026-08-24 13:10:00.155736-04,20.774,16.995558,0,14793,1,1
1690,3,2026-08-24 13:10:01.159462-04,20.779,15.998673,0,14823,1,1
1691,3,2026-08-24 13:10:02.156377-04,20.778,14.997758,0,14853,1,1
1692,3,2026-08-24 13:10:03.156745-04,20.778,13.998328,0,14883,1,1
1693,3,2026-08-24 13:10:04.154822-04,20.779,12.998872,0,14913,1,1
1694,3,2026-08-24 13:10:05.154181-04,20.774,11.997198,0,14943,1,1
1695,3,2026-08-24 13:10:06.155363-04,20.766,17.013533,0,14973,1,1
1696,3,2026-08-24 13:10:07.156317-04,20.766,16.014555,0,15003,1,1
1697,3,2026-08-24 13:10:08.155934-04,20.764,15.010564,0,15033,1,1
1698,3,2026-08-24 13:10:09.155564-04,20.763,14.009892,0,15063,1,1
1699,3,2026-08-24 13:10:10.154457-04,20.764,13.012743,0,15093,1,1
1700,3,2026-08-24 13:10:11.156266-04,20.765,12.012408,0,15123,1,1
1701,3,2026-08-24 13:10:12.154256-04,20.758,17.006414,0,15153,1,1
1702,3,2026-08-24 13:10:13.156056-04,20.757,16.00617,0,15183,1,1
1703,3,2026-08-24 13:10:14.157884-04,20.759,15.007839,0,15213,1,1
1704,3,2026-08-24 13:10:15.155979-04,20.761,14.007819,0,15243,1,1
1705,3,2026-08-24 13:10:16.154286-04,20.762,13.01086,0,15273,1,1
1706,3,2026-08-24 13:10:17.155-04,20.762,12.011215,0,15303,1,1
1707,3,2026-08-24 13:10:18.156855-04,20.754,17.021915,0,15333,1,1
1708,3,2026-08-24 13:10:19.153342-04,20.757,16.027035,0,15363,1,1
1709,3,2026-08-24 13:10:20.156811-04,20.753,15.021098,0,15393,1,1
1710,3,2026-08-24 13:10:21.156805-04,20.754,14.021863,0,15423,1,1
1711,3,2026-08-24 13:10:22.157134-04,20.754,13.024093,0,15453,1,1
1712,3,2026-08-24 13:10:23.156198-04,20.753,12.022274,0,15483,1,1
1713,3,2026-08-24 13:10:24.155164-04,20.77,17.016796,0,15513,1,1
1714,3,2026-08-24 13:10:25.156796-04,20.771,16.017614,0,15543,1,1
1715,3,2026-08-24 13:10:26.156232-04,20.769,15.015494,0,15573,1,1
1716,3,2026-08-24 13:10:27.15735-04,20.77,14.016422,0,15603,1,1
1717,3,2026-08-24 13:10:28.156098-04,20.768,13.01578,0,15633,1,1
1718,3,2026-08-24 13:10:29.15523-04,20.769,12.01814,0,15663,1,1
1719,3,2026-08-24 13:10:30.15645-04,20.766,17.00759,0,15693,1,1
1720,3,2026-08-24 13:10:31.157062-04,20.767,16.008945,0,15723,1,1
1721,3,2026-08-24 13:10:32.156539-04,20.768,15.009349,0,15753,1,1
1722,3,2026-08-24 13:10:33.157576-04,20.766,14.007073,0,15783,1,1
1723,3,2026-08-24 13:10:34.156516-04,20.768,13.009142,0,15813,1,1
1724,3,2026-08-24 13:10:35.156306-04,20.767,12.009192,0,15843,1,1
1725,3,2026-08-24 13:10:36.156094-04,20.781,17.002157,0,15873,1,1
1726,3,2026-08-24 13:10:37.156762-04,20.781,16.000978,0,15903,1,1
1727,3,2026-08-24 13:10:38.155823-04,20.78,14.99999,0,15933,1,1
1728,3,2026-08-24 13:10:39.156019-04,20.78,13.999837,0,15963,1,1
1729,3,2026-08-24 13:10:40.153112-04,20.78,13.00227,0,15993,1,1
1730,3,2026-08-24 13:10:41.156305-04,20.782,12.003228,0,16023,1,1
1731,3,2026-08-24 13:10:42.156713-04,20.747,17.015642,0,16053,1,1
1732,3,2026-08-24 13:10:43.156345-04,20.749,16.016901,0,16083,1,1
1733,3,2026-08-24 13:10:44.154039-04,20.748,15.018327,0,16113,1,1
1734,3,2026-08-24 13:10:45.155105-04,20.75,14.020028,0,16143,1,1
1735,3,2026-08-24 13:10:46.156695-04,20.752,13.019759,0,16173,1,1
1736,3,2026-08-24 13:10:47.154606-04,20.753,12.022994,0,16203,1,1
1737,3,2026-08-24 13:10:48.15467-04,20.767,17.016104,0,16233,1,1
1738,3,2026-08-24 13:10:49.156378-04,20.768,16.014578,0,16263,1,1
1739,3,2026-08-24 13:10:50.156582-04,20.764,15.01032,0,16293,1,1
1740,3,2026-08-24 13:10:51.155759-04,20.764,14.012333,0,16323,1,1
1741,3,2026-08-24 13:10:52.156208-04,20.765,13.01157,0,16353,1,1
1742,3,2026-08-24 13:10:53.15501-04,20.764,12.011652,0,16383,1,1
1743,3,2026-08-24 13:10:54.154806-04,20.758,17.006485,0,16413,1,1
1744,3,2026-08-24 13:10:55.158322-04,20.761,16.007607,0,16443,1,1
1745,3,2026-08-24 13:10:56.15696-04,20.759,15.00578,0,16473,1,1
1746,3,2026-08-24 13:10:57.15594-04,20.758,14.007212,0,16503,1,1
1747,3,2026-08-24 13:10:58.155066-04,20.758,13.006008,0,16533,1,1
1748,3,2026-08-24 13:10:59.155605-04,20.76,12.008419,0,16563,1,1
1749,3,2026-08-24 13:11:00.156727-04,20.777,17.02358,0,16593,1,1
1750,3,2026-08-24 13:11:01.157011-04,20.779,16.026655,0,16623,1,1
1751,3,2026-08-24 13:11:02.156033-04,20.78,15.028172,0,16653,1,1
1752,3,2026-08-24 13:11:03.15765-04,20.779,14.025604,0,16683,1,1
1753,3,2026-08-24 13:11:04.162542-04,20.775,13.022031,0,16713,1,1
1754,3,2026-08-24 13:11:05.154132-04,20.777,12.026253,0,16743,1,1
1755,3,2026-08-24 13:11:06.154997-04,20.749,17.018658,0,16773,1,1
1756,3,2026-08-24 13:11:07.159117-04,20.749,16.01644,0,16803,1,1
1757,3,2026-08-24 13:11:08.156075-04,20.748,15.015684,0,16833,1,1
1758,3,2026-08-24 13:11:09.156972-04,20.748,14.01708,0,16863,1,1
1759,3,2026-08-24 13:11:10.157462-04,20.749,13.016145,0,16893,1,1
1760,3,2026-08-24 13:11:11.154336-04,20.749,12.018315,0,16923,1,1
1761,3,2026-08-24 13:11:12.156253-04,20.763,17.030895,0,16953,1,1
1762,3,2026-08-24 13:11:13.155004-04,20.764,16.03282,0,16983,1,1
1763,3,2026-08-24 13:11:14.153896-04,20.765,15.033898,0,17013,1,1
1764,3,2026-08-24 13:11:15.157929-04,20.767,14.034721,0,17043,1,1
1765,3,2026-08-24 13:11:16.158376-04,20.768,13.035851,0,17073,1,1
1766,3,2026-08-24 13:11:17.157329-04,20.77,12.038792,0,17103,1,1
1767,3,2026-08-24 13:11:18.15632-04,20.784,17.00415,0,17133,1,1
1768,3,2026-08-24 13:11:19.157559-04,20.782,16.002415,0,17163,1,1
1769,3,2026-08-24 13:11:20.157899-04,20.779,14.999585,0,17193,1,1
1770,3,2026-08-24 13:11:21.157669-04,20.78,13.998737,0,17223,1,1
1771,3,2026-08-24 13:11:22.159782-04,20.781,13.002598,0,17253,1,1
1772,3,2026-08-24 13:11:23.156431-04,20.78,12.000807,0,17283,1,1
1773,3,2026-08-24 13:11:24.157469-04,20.776,17.016489,0,17313,1,1
1774,3,2026-08-24 13:11:25.159366-04,20.777,16.018015,0,17343,1,1
1775,3,2026-08-24 13:11:26.1592-04,20.774,15.015583,0,17373,1,1
1776,3,2026-08-24 13:11:27.156563-04,20.776,14.017188,0,17403,1,1
1777,3,2026-08-24 13:11:28.157149-04,20.774,13.015279,0,17433,1,1
1778,3,2026-08-24 13:11:29.156583-04,20.776,12.018172,0,17463,1,1
1779,3,2026-08-24 13:11:30.157372-04,20.766,17.035551,0,17493,1,1
1780,3,2026-08-24 13:11:31.155256-04,20.768,16.037663,0,17523,1,1
1781,3,2026-08-24 13:11:32.155056-04,20.767,15.036656,0,17553,1,1
1782,3,2026-08-24 13:11:33.15516-04,20.768,14.037202,0,17583,1,1
1783,3,2026-08-24 13:11:34.160049-04,20.768,13.036032,0,17613,1,1
1784,3,2026-08-24 13:11:35.157689-04,20.766,12.035564,0,17643,1,1
1785,3,2026-08-24 13:11:36.15725-04,20.759,17.001074,0,17673,1,1
1786,3,2026-08-24 13:11:37.157108-04,20.76,16.001204,0,17703,1,1
1787,3,2026-08-24 13:11:38.157125-04,20.76,15.001294,0,17733,1,1
1788,3,2026-08-24 13:11:39.157659-04,20.759,14.000364,0,17763,1,1
1789,3,2026-08-24 13:11:40.155709-04,20.759,12.999739,0,17793,1,1
1790,3,2026-08-24 13:11:41.157282-04,20.759,12.001792,0,17823,1,1
1791,4,2026-08-24 13:14:33.953105-04,36.261,29.390789,0,21,1,1.05
1792,4,2026-08-24 13:14:34.948919-04,36.209,28.339268,0,53,1,1.05
1793,4,2026-08-24 13:14:35.949726-04,36.157,27.287327,0,84,1,1.05
1794,4,2026-08-24 13:14:36.949641-04,36.107,26.23703,0,116,1,1.05
1795,4,2026-08-24 13:14:37.966035-04,36.053,25.183407,0,147,1,1.05
1796,4,2026-08-24 13:14:38.957887-04,36.006,24.136856,0,179,1,1.05
1797,4,2026-08-24 13:14:39.950438-04,35.952,23.08189,0,210,1,1.05
1798,4,2026-08-24 13:14:40.960112-04,35.901,22.030792,0,242,1,1.05
1799,4,2026-08-24 13:14:41.951807-04,35.883,21.01305,0,272,1,1
1800,4,2026-08-24 13:14:42.956886-04,35.881,20.013502,0,303,1,1
1801,4,2026-08-24 13:14:43.95046-04,35.883,29.018087,0,333,1,1
1802,4,2026-08-24 13:14:44.95098-04,35.881,28.01645,0,363,1,1
1803,4,2026-08-24 13:14:45.95261-04,35.881,27.016926,0,393,1,1
1804,4,2026-08-24 13:14:46.950743-04,35.882,26.017004,0,423,1,1
1805,4,2026-08-24 13:14:47.95023-04,35.883,25.019188,0,453,1,1
1806,4,2026-08-24 13:14:48.951223-04,35.883,24.018265,0,483,1,1
1807,4,2026-08-24 13:14:49.950004-04,35.884,23.019499,0,513,1,1
1808,4,2026-08-24 13:14:50.950572-04,35.883,22.01978,0,543,1,1
1809,4,2026-08-24 13:14:51.952575-04,35.883,21.01893,0,573,1,1
1810,4,2026-08-24 13:14:52.950315-04,35.881,20.01736,0,603,1,1
1811,4,2026-08-24 13:14:53.949888-04,35.889,29.025776,0,633,1,1
1812,4,2026-08-24 13:14:54.949993-04,35.889,28.024769,0,663,1,1
1813,4,2026-08-24 13:14:55.950945-04,35.889,27.02446,0,693,1,1
1814,4,2026-08-24 13:14:56.950429-04,35.888,26.023907,0,723,1,1
1815,4,2026-08-24 13:14:57.950414-04,35.887,25.022532,0,753,1,1
1816,4,2026-08-24 13:14:58.949524-04,35.888,24.023153,0,783,1,1
1817,4,2026-08-24 13:14:59.948869-04,35.886,23.022635,0,813,1,1
1818,4,2026-08-24 13:15:00.950077-04,35.887,22.022757,0,843,1,1
1819,4,2026-08-24 13:15:01.948894-04,35.887,21.022783,0,873,1,1
1820,4,2026-08-24 13:15:02.949862-04,35.888,20.025536,0,903,1,1
1821,4,2026-08-24 13:15:03.950118-04,35.893,29.006802,0,933,1,1
1822,4,2026-08-24 13:15:04.95102-04,35.894,28.008291,0,963,1,1
1823,4,2026-08-24 13:15:05.95675-04,35.893,27.00814,0,993,1,1
1824,4,2026-08-24 13:15:06.950325-04,35.894,26.007734,0,1023,1,1
1825,4,2026-08-24 13:15:07.950837-04,35.894,25.008144,0,1053,1,1
1826,4,2026-08-24 13:15:08.951374-04,35.894,24.008198,0,1083,1,1
1827,4,2026-08-24 13:15:09.948403-04,35.895,23.008722,0,1113,1,1
1828,4,2026-08-24 13:15:10.951093-04,35.893,22.007504,0,1143,1,1
1829,4,2026-08-24 13:15:11.949676-04,35.894,21.007788,0,1173,1,1
1830,4,2026-08-24 13:15:12.949431-04,35.893,20.007753,0,1203,1,1
1831,4,2026-08-24 13:15:13.949203-04,35.877,29.03362,0,1233,1,1
1832,4,2026-08-24 13:15:14.949108-04,35.876,28.0334,0,1263,1,1
1833,4,2026-08-24 13:15:15.949563-04,35.875,27.032166,0,1293,1,1
1834,4,2026-08-24 13:15:16.948971-04,35.876,26.03393,0,1323,1,1
1835,4,2026-08-24 13:15:17.948988-04,35.878,25.035004,0,1353,1,1
1836,4,2026-08-24 13:15:18.949547-04,35.879,24.035854,0,1383,1,1
1837,4,2026-08-24 13:15:19.949884-04,35.878,23.035107,0,1412,1,1
1838,4,2026-08-24 13:15:20.948915-04,35.878,22.034527,0,1442,1,1
1839,4,2026-08-24 13:15:21.949143-04,35.878,21.034542,0,1472,1,1
1840,4,2026-08-24 13:15:22.95038-04,35.876,20.034,0,1502,1,1
1841,4,2026-08-24 13:15:23.949428-04,35.906,29.014652,0,1532,1,1
1842,4,2026-08-24 13:15:24.948982-04,35.905,28.01409,0,1562,1,1
1843,4,2026-08-24 13:15:25.950364-04,35.905,27.013714,0,1592,1,1
1844,4,2026-08-24 13:15:26.948995-04,35.904,26.013178,0,1622,1,1
1845,4,2026-08-24 13:15:27.949269-04,35.903,25.012096,0,1652,1,1
1846,4,2026-08-24 13:15:28.948833-04,35.904,24.013992,0,1682,1,1
1847,4,2026-08-24 13:15:29.950395-04,35.902,23.011272,0,1712,1,1
1848,4,2026-08-24 13:15:30.951189-04,35.903,22.012705,0,1742,1,1
1849,4,2026-08-24 13:15:31.948971-04,35.903,21.01269,0,1772,1,1
1850,4,2026-08-24 13:15:32.950843-04,35.905,20.015043,0,1802,1,1
1851,4,2026-08-24 13:15:33.949405-04,35.89,29.02044,0,1832,1,1
1852,4,2026-08-24 13:15:34.949506-04,35.888,28.018505,0,1862,1,1
1853,4,2026-08-24 13:15:35.949363-04,35.888,27.017675,0,1892,1,1
1854,4,2026-08-24 13:15:36.949223-04,35.888,26.017757,0,1922,1,1
1855,4,2026-08-24 13:15:37.975259-04,35.889,25.018738,0,1952,1,1
1856,4,2026-08-24 13:15:38.957518-04,35.89,24.020308,0,1982,1,1
1857,4,2026-08-24 13:15:39.951937-04,35.889,23.019209,0,2012,1,1
1858,4,2026-08-24 13:15:40.949726-04,35.888,22.018059,0,2042,1,1
1859,4,2026-08-24 13:15:41.949861-04,35.887,21.017017,0,2072,1,1
1860,4,2026-08-24 13:15:42.951534-04,35.887,20.018578,0,2102,1,1
1861,4,2026-08-24 13:15:43.948806-04,35.888,29.023615,0,2132,1,1
1862,4,2026-08-24 13:15:44.949196-04,35.887,28.0224,0,2162,1,1
1863,4,2026-08-24 13:15:45.951194-04,35.887,27.022938,0,2192,1,1
1864,4,2026-08-24 13:15:46.95022-04,35.887,26.02298,0,2222,1,1
1865,4,2026-08-24 13:15:47.949122-04,35.889,25.02409,0,2253,1,1
1866,4,2026-08-24 13:15:48.948912-04,35.89,24.025377,0,2282,1,1
1867,4,2026-08-24 13:15:49.94926-04,35.89,23.025042,0,2312,1,1
1868,4,2026-08-24 13:15:50.954261-04,35.889,22.024326,0,2342,1,1
1869,4,2026-08-24 13:15:51.951389-04,35.888,21.023916,0,2372,1,1
1870,4,2026-08-24 13:15:52.950047-04,35.887,20.023352,0,2402,1,1
1871,4,2026-08-24 13:15:53.949845-04,35.895,29.009253,0,2432,1,1
1872,4,2026-08-24 13:15:54.949355-04,35.894,28.008644,0,2462,1,1
1873,4,2026-08-24 13:15:55.949001-04,35.894,27.009323,0,2492,1,1
1874,4,2026-08-24 13:15:56.950208-04,35.893,26.00699,0,2522,1,1
1875,4,2026-08-24 13:15:57.952526-04,35.893,25.008451,0,2552,1,1
1876,4,2026-08-24 13:15:58.951004-04,35.893,24.007633,0,2582,1,1
1877,4,2026-08-24 13:15:59.952333-04,35.892,23.005854,0,2612,1,1
1878,4,2026-08-24 13:16:00.951294-04,35.893,22.005981,0,2642,1,1
1879,4,2026-08-24 13:16:01.950952-04,35.892,21.00645,0,2672,1,1
1880,4,2026-08-24 13:16:02.95142-04,35.894,20.009413,0,2702,1,1
1881,4,2026-08-24 13:16:03.95098-04,35.88,29.036737,0,2732,1,1
1882,4,2026-08-24 13:16:04.950112-04,35.879,28.035498,0,2762,1,1
1883,4,2026-08-24 13:16:05.952043-04,35.878,27.035196,0,2792,1,1
1884,4,2026-08-24 13:16:06.950757-04,35.876,26.032948,0,2822,1,1
1885,4,2026-08-24 13:16:07.951394-04,35.878,25.03446,0,2852,1,1
1886,4,2026-08-24 13:16:08.950692-04,35.878,24.035194,0,2882,1,1
1887,4,2026-08-24 13:16:09.957842-04,35.878,23.035133,0,2912,1,1
1888,4,2026-08-24 13:16:10.950293-04,35.877,22.03353,0,2942,1,1
1889,4,2026-08-24 13:16:11.94971-04,35.876,21.033047,0,2972,1,1
1890,4,2026-08-24 13:16:12.951407-04,35.877,20.03459,0,3002,1,1
1891,4,2026-08-24 13:16:13.949878-04,35.904,28.991472,0,3032,1,1
1892,4,2026-08-24 13:16:14.949755-04,35.902,27.989346,0,3062,1,1
1893,4,2026-08-24 13:16:15.949742-04,35.903,26.990423,0,3092,1,1
1894,4,2026-08-24 13:16:16.950367-04,35.903,25.99091,0,3122,1,1
1895,4,2026-08-24 13:16:17.949732-04,35.905,24.992512,0,3152,1,1
1896,4,2026-08-24 13:16:18.950002-04,35.905,23.99251,0,3182,1,1
1897,4,2026-08-24 13:16:19.949005-04,35.905,22.992598,0,3212,1,1
1898,4,2026-08-24 13:16:20.949515-04,35.905,21.99274,0,3242,1,1
1899,4,2026-08-24 13:16:21.950454-04,35.905,20.992138,0,3272,1,1
1900,4,2026-08-24 13:16:22.958807-04,35.903,19.99169,0,3302,1,1
1901,4,2026-08-24 13:16:23.948912-04,35.89,29.020086,0,3332,1,1
1902,4,2026-08-24 13:16:24.949722-04,35.889,28.018822,0,3362,1,1
1903,4,2026-08-24 13:16:25.949952-04,35.889,27.019226,0,3392,1,1
1904,4,2026-08-24 13:16:26.949881-04,35.888,26.017918,0,3422,1,1
1905,4,2026-08-24 13:16:27.950056-04,35.888,25.01722,0,3452,1,1
1906,4,2026-08-24 13:16:28.950245-04,35.887,24.017113,0,3482,1,1
1907,4,2026-08-24 13:16:29.951212-04,35.887,23.01681,0,3512,1,1
1908,4,2026-08-24 13:16:30.950728-04,35.887,22.016615,0,3542,1,1
1909,4,2026-08-24 13:16:31.952365-04,35.887,21.017584,0,3572,1,1
1910,4,2026-08-24 13:16:32.959829-04,35.889,20.020082,0,3602,1,1
1911,4,2026-08-24 13:16:33.950882-04,35.889,29.024399,0,3632,1,1
1912,4,2026-08-24 13:16:34.951584-04,35.887,28.022532,0,3662,1,1
1913,4,2026-08-24 13:16:35.951729-04,35.89,27.025272,0,3692,1,1
1914,4,2026-08-24 13:16:36.951126-04,35.888,26.02385,0,3722,1,1
1915,4,2026-08-24 13:16:37.964095-04,35.889,25.024172,0,3752,1,1
1916,4,2026-08-24 13:16:38.955493-04,35.888,24.023172,0,3782,1,1
1917,4,2026-08-24 13:16:39.95179-04,35.89,23.024124,0,3812,1,1
1918,4,2026-08-24 13:16:40.950569-04,35.888,22.023737,0,3842,1,1
1919,4,2026-08-24 13:16:41.961405-04,35.889,21.023563,0,3872,1,1
1920,4,2026-08-24 13:16:42.950338-04,35.887,20.023771,0,3902,1,1
1921,4,2026-08-24 13:16:43.950654-04,35.872,29.028723,0,3932,1,1
1922,4,2026-08-24 13:16:44.950352-04,35.87,28.026974,0,3962,1,1
1923,4,2026-08-24 13:16:45.949764-04,35.872,27.028406,0,3992,1,1
1924,4,2026-08-24 13:16:46.950022-04,35.871,26.02833,0,4022,1,1
1925,4,2026-08-24 13:16:47.949213-04,35.873,25.03002,0,4052,1,1
1926,4,2026-08-24 13:16:48.950079-04,35.871,24.028164,0,4082,1,1
1927,4,2026-08-24 13:16:49.951157-04,35.874,23.030437,0,4112,1,1
1928,4,2026-08-24 13:16:50.95029-04,35.874,22.030563,0,4142,1,1
1929,4,2026-08-24 13:16:51.952625-04,35.873,21.029444,0,4172,1,1
1930,4,2026-08-24 13:16:52.954143-04,35.873,20.030697,0,4202,1,1
1931,4,2026-08-24 13:16:53.953548-04,35.901,29.008997,0,4232,1,1
1932,4,2026-08-24 13:16:54.952483-04,35.899,28.007774,0,4262,1,1
1933,4,2026-08-24 13:16:55.95475-04,35.899,27.008001,0,4292,1,1
1934,4,2026-08-24 13:16:56.951438-04,35.898,26.006063,0,4322,1,1
1935,4,2026-08-24 13:16:57.953039-04,35.899,25.007032,0,4352,1,1
1936,4,2026-08-24 13:16:58.951984-04,35.898,24.005346,0,4382,1,1
1937,4,2026-08-24 13:16:59.94971-04,35.898,23.00601,0,4412,1,1
1938,4,2026-08-24 13:17:00.950267-04,35.897,22.005964,0,4442,1,1
1939,4,2026-08-24 13:17:01.951204-04,35.898,21.0065,0,4472,1,1
1940,4,2026-08-24 13:17:02.950075-04,35.9,20.009556,0,4502,1,1
1941,4,2026-08-24 13:17:03.949548-04,35.905,29.014051,0,4532,1,1
1942,4,2026-08-24 13:17:04.953103-04,35.906,28.013573,0,4562,1,1
1943,4,2026-08-24 13:17:05.951411-04,35.905,27.014177,0,4592,1,1
1944,4,2026-08-24 13:17:06.950065-04,35.905,26.01357,0,4622,1,1
1945,4,2026-08-24 13:17:07.949655-04,35.905,25.013832,0,4652,1,1
1946,4,2026-08-24 13:17:08.952037-04,35.906,24.014439,0,4682,1,1
1947,4,2026-08-24 13:17:09.955098-04,35.905,23.01379,0,4712,1,1
1948,4,2026-08-24 13:17:10.950527-04,35.904,22.011993,0,4742,1,1
1949,4,2026-08-24 13:17:11.951752-04,35.904,21.013203,0,4772,1,1
1950,4,2026-08-24 13:17:12.950042-04,35.903,20.012205,0,4802,1,1
1951,4,2026-08-24 13:17:13.949894-04,35.883,29.018002,0,4832,1,1
1952,4,2026-08-24 13:17:14.948222-04,35.882,28.017155,0,4862,1,1
1953,4,2026-08-24 13:17:15.949391-04,35.882,27.01772,0,4892,1,1
1954,4,2026-08-24 13:17:16.950834-04,35.882,26.017582,0,4922,1,1
1955,4,2026-08-24 13:17:17.950509-04,35.884,25.01938,0,4952,1,1
1956,4,2026-08-24 13:17:18.952948-04,35.885,24.020247,0,4982,1,1
1957,4,2026-08-24 13:17:19.949824-04,35.884,23.019049,0,5012,1,1
1958,4,2026-08-24 13:17:20.950356-04,35.884,22.019405,0,5042,1,1
1959,4,2026-08-24 13:17:21.950037-04,35.883,21.018927,0,5072,1,1
1960,4,2026-08-24 13:17:22.952585-04,35.883,20.018394,0,5102,1,1
1961,4,2026-08-24 13:17:23.950347-04,35.889,29.02303,0,5132,1,1
1962,4,2026-08-24 13:17:24.950012-04,35.89,28.024326,1,5163,1,1
1963,4,2026-08-24 13:17:25.950761-04,35.89,27.024494,1,5193,1,1
1964,4,2026-08-24 13:17:26.950179-04,35.889,26.023504,1,5223,1,1
1965,4,2026-08-24 13:17:27.950382-04,35.888,25.022451,1,5253,1,1
1966,4,2026-08-24 13:17:28.950281-04,35.888,24.023687,1,5283,1,1
1967,4,2026-08-24 13:17:29.949455-04,35.887,23.022781,1,5313,1,1
1968,4,2026-08-24 13:17:30.949864-04,35.887,22.022709,1,5343,1,1
1969,4,2026-08-24 13:17:31.952639-04,35.888,21.022276,1,5373,1,1
1970,4,2026-08-24 13:17:32.952709-04,35.889,20.025242,1,5403,1,1
1971,4,2026-08-24 13:17:33.953626-04,35.875,29.030437,1,5433,1,1
1972,4,2026-08-24 13:17:34.95184-04,35.873,28.02916,1,5463,1,1
1973,4,2026-08-24 13:17:35.953323-04,35.874,27.030518,1,5493,1,1
1974,4,2026-08-24 13:17:36.95275-04,35.873,26.02876,1,5523,1,1
1975,4,2026-08-24 13:17:37.967727-04,35.873,25.029123,1,5553,1,1
1976,4,2026-08-24 13:17:38.96224-04,35.872,24.028671,1,5583,1,1
1977,4,2026-08-24 13:17:39.951818-04,35.871,23.027096,1,5613,1,1
1978,4,2026-08-24 13:17:40.94946-04,35.874,22.030497,1,5643,1,1
1979,4,2026-08-24 13:17:41.948853-04,35.873,21.029837,1,5673,1,1
1980,4,2026-08-24 13:17:42.953009-04,35.872,20.028927,1,5703,1,1
1981,4,2026-08-24 13:17:43.952463-04,35.899,29.007208,1,5733,1,1
1982,4,2026-08-24 13:17:44.951085-04,35.898,28.00685,1,5763,1,1
1983,4,2026-08-24 13:17:45.951936-04,35.898,27.006796,1,5793,1,1
1984,4,2026-08-24 13:17:46.95203-04,35.898,26.006966,1,5823,1,1
1985,4,2026-08-24 13:17:47.950621-04,35.9,25.008333,1,5853,1,1
1986,4,2026-08-24 13:17:48.953952-04,35.899,24.006626,1,5883,1,1
1987,4,2026-08-24 13:17:49.951344-04,35.898,23.00675,1,5913,1,1
1988,4,2026-08-24 13:17:50.953228-04,35.901,22.008911,1,5943,1,1
1989,4,2026-08-24 13:17:51.952092-04,35.899,21.007328,1,5973,1,1
1990,4,2026-08-24 13:17:52.952784-04,35.899,20.008085,1,6003,1,1
1991,4,2026-08-24 13:17:53.951764-04,35.904,29.034145,1,6033,1,1
1992,4,2026-08-24 13:17:54.95232-04,35.906,28.035133,1,6063,1,1
1993,4,2026-08-24 13:17:55.950646-04,35.906,27.036142,1,6093,1,1
1994,4,2026-08-24 13:17:56.951073-04,35.905,26.034924,1,6123,1,1
1995,4,2026-08-24 13:17:57.953084-04,35.905,25.033745,1,6153,1,1
1996,4,2026-08-24 13:17:58.952741-04,35.904,24.033451,1,6183,1,1
1997,4,2026-08-24 13:17:59.951832-04,35.903,23.03264,1,6213,1,1
1998,4,2026-08-24 13:18:00.951915-04,35.904,22.032875,1,6243,1,1
1999,4,2026-08-24 13:18:01.953478-04,35.904,21.033335,1,6273,1,1
2000,4,2026-08-24 13:18:02.952799-04,35.905,20.03604,1,6303,1,1
2001,4,2026-08-24 13:18:03.95066-04,35.885,28.993708,1,6333,1,1
2002,4,2026-08-24 13:18:04.95042-04,35.884,27.992216,1,6363,1,1
2003,4,2026-08-24 13:18:05.95028-04,35.885,26.992348,1,6393,1,1
2004,4,2026-08-24 13:18:06.949741-04,35.884,25.992355,1,6423,1,1
2005,4,2026-08-24 13:18:07.952299-04,35.884,24.992239,1,6453,1,1
2006,4,2026-08-24 13:18:08.951478-04,35.883,23.99104,1,6483,1,1
2007,4,2026-08-24 13:18:09.950165-04,35.885,22.992367,1,6513,1,1
2008,4,2026-08-24 13:18:10.950757-04,35.885,21.992908,1,6543,1,1
2009,4,2026-08-24 13:18:11.950342-04,35.883,20.992231,1,6573,1,1
2010,4,2026-08-24 13:18:12.950704-04,35.882,19.99083,1,6603,1,1
2011,4,2026-08-24 13:18:13.950582-04,35.888,29.01833,1,6633,1,1
2012,4,2026-08-24 13:18:14.950997-04,35.887,28.016409,1,6663,1,1
2013,4,2026-08-24 13:18:15.952001-04,35.887,27.017363,1,6693,1,1
2014,4,2026-08-24 13:18:16.950913-04,35.888,26.0179,1,6723,1,1
2015,4,2026-08-24 13:18:17.951616-04,35.889,25.018396,1,6753,1,1
2016,4,2026-08-24 13:18:18.956257-04,35.89,24.020632,1,6783,1,1
2017,4,2026-08-24 13:18:19.950119-04,35.889,23.019304,1,6813,1,1
2018,4,2026-08-24 13:18:20.95072-04,35.89,22.019173,1,6843,1,1
2019,4,2026-08-24 13:18:21.953105-04,35.889,21.018864,1,6873,1,1
2020,4,2026-08-24 13:18:22.952533-04,35.889,20.020166,1,6903,1,1
2021,4,2026-08-24 13:18:23.953165-04,35.889,29.02342,1,6933,1,1
2022,4,2026-08-24 13:18:24.95101-04,35.887,28.022472,1,6963,1,1
2023,4,2026-08-24 13:18:25.952269-04,35.888,27.023836,1,6993,1,1
2024,4,2026-08-24 13:18:26.952282-04,35.887,26.021841,1,7023,1,1
2025,4,2026-08-24 13:18:27.949421-04,35.888,25.023277,1,7053,1,1
2026,4,2026-08-24 13:18:28.951362-04,35.888,24.022732,1,7083,1,1
2027,4,2026-08-24 13:18:29.949523-04,35.887,23.02273,1,7113,1,1
2028,4,2026-08-24 13:18:30.949396-04,35.888,22.022594,1,7143,1,1
2029,4,2026-08-24 13:18:31.94946-04,35.888,21.023321,1,7173,1,1
2030,4,2026-08-24 13:18:32.950929-04,35.89,20.02522,1,7203,1,1
2031,4,2026-08-24 13:18:33.949691-04,35.875,29.010138,1,7233,1,1
2032,4,2026-08-24 13:18:34.950368-04,35.874,28.009,1,7263,1,1
2033,4,2026-08-24 13:18:35.950943-04,35.874,27.009134,1,7293,1,1
2034,4,2026-08-24 13:18:36.951048-04,35.873,26.008087,1,7323,1,1
2035,4,2026-08-24 13:18:37.964904-04,35.873,25.008614,1,7353,1,1
2036,4,2026-08-24 13:18:38.952591-04,35.874,24.00854,1,7383,1,1
2037,4,2026-08-24 13:18:39.950566-04,35.874,23.008305,1,7413,1,1
2038,4,2026-08-24 13:18:40.954977-04,35.874,22.009014,1,7442,1,1
2039,4,2026-08-24 13:18:41.950312-04,35.873,21.008318,1,7472,1,1
2040,4,2026-08-24 13:18:42.960635-04,35.871,20.007929,1,7502,1,1
2041,4,2026-08-24 13:18:43.951109-04,35.899,29.033388,1,7532,1,1
2042,4,2026-08-24 13:18:44.951181-04,35.898,28.0328,1,7562,1,1
2043,4,2026-08-24 13:18:45.950043-04,35.898,27.033651,1,7592,1,1
2044,4,2026-08-24 13:18:46.950565-04,35.898,26.033556,1,7622,1,1
2045,4,2026-08-24 13:18:47.950968-04,35.899,25.034895,1,7652,1,1
2046,4,2026-08-24 13:18:48.951522-04,35.9,24.035154,1,7682,1,1
2047,4,2026-08-24 13:18:49.952937-04,35.901,23.035149,1,7712,1,1
2048,4,2026-08-24 13:18:50.951675-04,35.9,22.034557,1,7742,1,1
2049,4,2026-08-24 13:18:51.952287-04,35.9,21.034399,1,7772,1,1
2050,4,2026-08-24 13:18:52.952198-04,35.898,20.034758,1,7802,1,1
2051,4,2026-08-24 13:18:53.951596-04,35.885,28.992357,1,7832,1,1
2052,4,2026-08-24 13:18:54.950863-04,35.885,27.992664,1,7862,1,1
2053,4,2026-08-24 13:18:55.950931-04,35.885,26.993032,1,7892,1,1
2054,4,2026-08-24 13:18:56.950827-04,35.884,25.991667,1,7922,1,1
2055,4,2026-08-24 13:18:57.950118-04,35.884,24.992151,1,7952,1,1
2056,4,2026-08-24 13:18:58.950486-04,35.883,23.99071,1,7982,1,1
2057,4,2026-08-24 13:18:59.949461-04,35.882,22.990543,1,8012,1,1
2058,4,2026-08-24 13:19:00.951254-04,35.882,21.990145,1,8042,1,1
2059,4,2026-08-24 13:19:01.951329-04,35.883,20.9914,1,8072,1,1
2060,4,2026-08-24 13:19:02.951164-04,35.883,19.992844,1,8102,1,1
2061,4,2026-08-24 13:19:03.951652-04,35.888,29.016909,1,8132,1,1
2062,4,2026-08-24 13:19:04.950771-04,35.89,28.018738,1,8162,1,1
2063,4,2026-08-24 13:19:05.951042-04,35.891,27.019705,1,8192,1,1
2064,4,2026-08-24 13:19:06.950731-04,35.889,26.017677,1,8222,1,1
2065,4,2026-08-24 13:19:07.952547-04,35.89,25.019146,1,8252,1,1
2066,4,2026-08-24 13:19:08.951062-04,35.888,24.016855,1,8282,1,1
2067,4,2026-08-24 13:19:09.950071-04,35.89,23.019041,1,8312,1,1
2068,4,2026-08-24 13:19:10.951582-04,35.89,22.019642,1,8342,1,1
2069,4,2026-08-24 13:19:11.950286-04,35.889,21.018896,1,8372,1,1
2070,4,2026-08-24 13:19:12.950597-04,35.889,20.019596,1,8402,1,1
2071,4,2026-08-24 13:19:13.952314-04,35.889,29.002094,1,8432,1,1
2072,4,2026-08-24 13:19:14.951637-04,35.889,28.00209,1,8462,1,1
2073,4,2026-08-24 13:19:15.949977-04,35.888,27.001331,1,8492,1,1
2074,4,2026-08-24 13:19:16.950675-04,35.888,26.00101,1,8522,1,1
2075,4,2026-08-24 13:19:17.95016-04,35.89,25.00294,1,8552,1,1
2076,4,2026-08-24 13:19:18.950152-04,35.89,24.003126,1,8582,1,1
2077,4,2026-08-24 13:19:19.950345-04,35.89,23.003181,1,8612,1,1
2078,4,2026-08-24 13:19:20.95041-04,35.889,22.002127,1,8642,1,1
2079,4,2026-08-24 13:19:21.950638-04,35.889,21.002575,1,8672,1,1
2080,4,2026-08-24 13:19:22.951639-04,35.889,20.003227,1,8702,1,1
2081,4,2026-08-24 13:19:23.950113-04,35.873,29.007309,1,8732,1,1
2082,4,2026-08-24 13:19:24.950217-04,35.874,28.008413,1,8762,1,1
2083,4,2026-08-24 13:19:25.950772-04,35.874,27.00822,1,8792,1,1
2084,4,2026-08-24 13:19:26.950443-04,35.874,26.008263,1,8822,1,1
2085,4,2026-08-24 13:19:27.951159-04,35.873,25.007973,1,8852,1,1
2086,4,2026-08-24 13:19:28.950618-04,35.873,24.007154,1,8882,1,1
2087,4,2026-08-24 13:19:29.953116-04,35.872,23.006008,1,8912,1,1
2088,4,2026-08-24 13:19:30.953683-04,35.872,22.00646,1,8942,1,1
2089,4,2026-08-24 13:19:31.952236-04,35.872,21.006687,1,8972,1,1
2090,4,2026-08-24 13:19:32.953217-04,35.874,20.009554,1,9002,1,1
2091,4,2026-08-24 13:19:33.951426-04,35.902,29.015232,1,9032,1,1
2092,4,2026-08-24 13:19:34.950572-04,35.901,28.01456,1,9062,1,1
2093,4,2026-08-24 13:19:35.95265-04,35.901,27.013775,1,9092,1,1
2094,4,2026-08-24 13:19:36.95219-04,35.899,26.012156,1,9122,1,1
2095,4,2026-08-24 13:19:37.966603-04,35.901,25.013842,1,9152,1,1
2096,4,2026-08-24 13:19:38.963808-04,35.899,24.01216,1,9182,1,1
2097,4,2026-08-24 13:19:39.954954-04,35.901,23.013758,1,9212,1,1
2098,4,2026-08-24 13:19:40.952656-04,35.901,22.014,1,9242,1,1
2099,4,2026-08-24 13:19:41.952167-04,35.899,21.01192,1,9272,1,1
2100,4,2026-08-24 13:19:42.954572-04,35.9,20.014278,1,9302,1,1
2101,4,2026-08-24 13:19:43.954549-04,35.884,29.018074,1,9332,1,1
2102,4,2026-08-24 13:19:44.954628-04,35.884,28.017508,1,9362,1,1
2103,4,2026-08-24 13:19:45.952514-04,35.883,27.0171,1,9392,1,1
2104,4,2026-08-24 13:19:46.958989-04,35.883,26.01725,1,9422,1,1
2105,4,2026-08-24 13:19:47.951471-04,35.884,25.0185,1,9452,1,1
2106,4,2026-08-24 13:19:48.953075-04,35.885,24.019653,1,9482,1,1
2107,4,2026-08-24 13:19:49.951659-04,35.884,23.018763,1,9512,1,1
2108,4,2026-08-24 13:19:50.950534-04,35.884,22.018694,1,9542,1,1
2109,4,2026-08-24 13:19:51.950995-04,35.884,21.018324,1,9572,1,1
2110,4,2026-08-24 13:19:52.953833-04,35.883,20.018465,1,9602,1,1
2111,4,2026-08-24 13:19:53.951304-04,35.889,29.023981,1,9632,1,1
2112,4,2026-08-24 13:19:54.950721-04,35.89,28.025282,1,9662,1,1
2113,4,2026-08-24 13:19:55.950583-04,35.891,27.025093,1,9692,1,1
2114,4,2026-08-24 13:19:56.951269-04,35.889,26.023745,1,9722,1,1
2115,4,2026-08-24 13:19:57.950982-04,35.89,25.02431,1,9752,1,1
2116,4,2026-08-24 13:19:58.951804-04,35.889,24.023129,1,9782,1,1
2117,4,2026-08-24 13:19:59.951211-04,35.888,23.022167,1,9812,1,1
2118,4,2026-08-24 13:20:00.951411-04,35.888,22.022728,1,9842,1,1
2119,4,2026-08-24 13:20:01.950718-04,35.888,21.022934,1,9872,1,1
2120,4,2026-08-24 13:20:02.951185-04,35.89,20.02528,1,9902,1,1
2121,4,2026-08-24 13:20:03.951368-04,35.896,29.025532,1,9932,1,1
2122,4,2026-08-24 13:20:04.950153-04,35.895,28.02422,1,9962,1,1
2123,4,2026-08-24 13:20:05.950222-04,35.896,27.025244,1,9992,1,1
2124,4,2026-08-24 13:20:06.950458-04,35.894,26.022835,1,10022,1,1
2125,4,2026-08-24 13:20:07.950855-04,35.893,25.022644,1,10052,1,1
2126,4,2026-08-24 13:20:08.952249-04,35.893,24.022303,1,10082,1,1
2127,4,2026-08-24 13:20:09.949044-04,35.895,23.025515,1,10112,1,1
2128,4,2026-08-24 13:20:10.951207-04,35.896,22.024977,1,10142,1,1
2129,4,2026-08-24 13:20:11.950991-04,35.895,21.023962,1,10172,1,1
2130,4,2026-08-24 13:20:12.952438-04,35.895,20.025452,1,10202,1,1
2131,4,2026-08-24 13:20:13.950249-04,35.9,29.002047,1,10232,1,1
2132,4,2026-08-24 13:20:14.950085-04,35.9,28.00243,1,10262,1,1
2133,4,2026-08-24 13:20:15.950603-04,35.898,27.000849,1,10292,1,1
2134,4,2026-08-24 13:20:16.949799-04,35.899,26.001614,1,10322,1,1
2135,4,2026-08-24 13:20:17.949467-04,35.901,25.0032,1,10352,1,1
2136,4,2026-08-24 13:20:18.950543-04,35.901,24.0031,1,10382,1,1
2137,4,2026-08-24 13:20:19.950104-04,35.901,23.003162,1,10412,1,1
2138,4,2026-08-24 13:20:20.951819-04,35.9,22.002794,1,10442,1,1
2139,4,2026-08-24 13:20:21.951329-04,35.901,21.002066,1,10472,1,1
2140,4,2026-08-24 13:20:22.951578-04,35.9,20.003647,1,10502,1,1
2141,4,2026-08-24 13:20:23.951669-04,35.879,29.006805,1,10532,1,1
2142,4,2026-08-24 13:20:24.950918-04,35.88,28.00882,1,10562,1,1
2143,4,2026-08-24 13:20:25.95084-04,35.88,27.009062,1,10592,1,1
2144,4,2026-08-24 13:20:26.950849-04,35.879,26.008018,1,10622,1,1
2145,4,2026-08-24 13:20:27.953213-04,35.879,25.008303,1,10652,1,1
2146,4,2026-08-24 13:20:28.953424-04,35.878,24.006626,1,10682,1,1
2147,4,2026-08-24 13:20:29.950034-04,35.877,23.00733,1,10712,1,1
2148,4,2026-08-24 13:20:30.953277-04,35.878,22.006178,1,10742,1,1
2149,4,2026-08-24 13:20:31.951912-04,35.877,21.006657,1,10772,1,1
2150,4,2026-08-24 13:20:32.953161-04,35.879,20.009369,1,10802,1,1
2151,4,2026-08-24 13:20:33.952547-04,35.881,29.014385,1,10832,1,1
2152,4,2026-08-24 13:20:34.952173-04,35.88,28.013111,1,10862,1,1
2153,4,2026-08-24 13:20:35.953713-04,35.88,27.014229,1,10892,1,1
2154,4,2026-08-24 13:20:36.953554-04,35.878,26.011555,1,10922,1,1
2155,4,2026-08-24 13:20:37.962677-04,35.88,25.013105,1,10952,1,1
2156,4,2026-08-24 13:20:38.953769-04,35.879,24.012121,1,10982,1,1
2157,4,2026-08-24 13:20:39.951882-04,35.88,23.01337,1,11012,1,1
2158,4,2026-08-24 13:20:40.951377-04,35.879,22.014915,1,11042,1,1
2159,4,2026-08-24 13:20:41.952811-04,35.877,21.011957,1,11072,1,1
2160,4,2026-08-24 13:20:42.951843-04,35.879,20.014145,1,11102,1,1
2161,4,2026-08-24 13:20:43.950648-04,35.884,29.039337,1,11132,1,1
2162,4,2026-08-24 13:20:44.949711-04,35.884,28.039848,1,11162,1,1
2163,4,2026-08-24 13:20:45.951449-04,35.883,27.038376,1,11192,1,1
2164,4,2026-08-24 13:20:46.95251-04,35.883,26.038652,1,11222,1,1
2165,4,2026-08-24 13:20:47.952378-04,35.885,25.04035,1,11252,1,1
2166,4,2026-08-24 13:20:48.953228-04,35.884,24.039976,1,11282,1,1
2167,4,2026-08-24 13:20:49.951582-04,35.884,23.038548,1,11312,1,1
2168,4,2026-08-24 13:20:50.955447-04,35.884,22.039207,1,11342,1,1
2169,4,2026-08-24 13:20:51.951818-04,35.884,21.040045,1,11372,1,1
2170,4,2026-08-24 13:20:52.953776-04,35.883,20.040022,1,11402,1,1
2171,4,2026-08-24 13:20:53.952993-04,35.889,29.007248,1,11432,1,1
2172,4,2026-08-24 13:20:54.94974-04,35.89,28.009253,1,11462,1,1
2173,4,2026-08-24 13:20:55.952701-04,35.891,27.008204,1,11492,1,1
2174,4,2026-08-24 13:20:56.952582-04,35.889,26.006462,1,11522,1,1
2175,4,2026-08-24 13:20:57.95257-04,35.889,25.00742,1,11552,1,1
2176,4,2026-08-24 13:20:58.953605-04,35.889,24.00667,1,11582,1,1
2177,4,2026-08-24 13:20:59.950476-04,35.888,23.006592,1,11612,1,1
2178,4,2026-08-24 13:21:00.952999-04,35.888,22.006365,1,11642,1,1
2179,4,2026-08-24 13:21:01.951938-04,35.888,21.006796,1,11672,1,1
2180,4,2026-08-24 13:21:02.953383-04,35.889,20.007782,1,11702,1,1
2181,4,2026-08-24 13:21:03.954369-04,35.896,29.014776,1,11732,1,1
2182,4,2026-08-24 13:21:04.952053-04,35.896,28.013569,1,11762,1,1
2183,4,2026-08-24 13:21:05.950083-04,35.895,27.013,1,11792,1,1
2184,4,2026-08-24 13:21:06.951163-04,35.895,26.013132,1,11822,1,1
2185,4,2026-08-24 13:21:07.951203-04,35.896,25.01307,1,11852,1,1
2186,4,2026-08-24 13:21:08.949973-04,35.894,24.0129,1,11882,1,1
2187,4,2026-08-24 13:21:09.950324-04,35.896,23.01339,1,11912,1,1
2188,4,2026-08-24 13:21:10.951669-04,35.895,22.012012,1,11942,1,1
2189,4,2026-08-24 13:21:11.951687-04,35.895,21.012833,1,11972,1,1
2190,4,2026-08-24 13:21:12.951629-04,35.893,20.012953,1,12002,1,1
2191,4,2026-08-24 13:21:13.953354-04,35.884,29.018347,1,12032,1,1
2192,4,2026-08-24 13:21:14.950977-04,35.883,28.01723,1,12062,1,1
2193,4,2026-08-24 13:21:15.951541-04,35.883,27.017385,1,12092,1,1
2194,4,2026-08-24 13:21:16.951638-04,35.883,26.017483,1,12122,1,1
2195,4,2026-08-24 13:21:17.954541-04,35.885,25.018682,1,12152,1,1
2196,4,2026-08-24 13:21:18.955426-04,35.886,24.019558,1,12182,1,1
2197,4,2026-08-24 13:21:19.950917-04,35.885,23.019672,1,12212,1,1
2198,4,2026-08-24 13:21:20.952357-04,35.886,22.019238,1,12242,1,1
2199,4,2026-08-24 13:21:21.952831-04,35.885,21.018444,1,12272,1,1
2200,4,2026-08-24 13:21:22.954835-04,35.885,20.02036,1,12302,1,1
2201,4,2026-08-24 13:21:23.953364-04,35.889,29.001884,1,12332,1,1
2202,4,2026-08-24 13:21:24.95064-04,35.889,28.002504,1,12362,1,1
2203,4,2026-08-24 13:21:25.951944-04,35.891,27.003027,1,12392,1,1
2204,4,2026-08-24 13:21:26.950482-04,35.889,26.002092,1,12422,1,1
2205,4,2026-08-24 13:21:27.951953-04,35.89,25.002758,1,12452,1,1
2206,4,2026-08-24 13:21:28.954114-04,35.888,24.000637,1,12482,1,1
2207,4,2026-08-24 13:21:29.949928-04,35.888,23.00132,1,12512,1,1
2208,4,2026-08-24 13:21:30.950545-04,35.888,22.001171,1,12542,1,1
2209,4,2026-08-24 13:21:31.951943-04,35.889,21.000866,1,12572,1,1
2210,4,2026-08-24 13:21:32.9534-04,35.89,20.004139,1,12602,1,1
2211,4,2026-08-24 13:21:33.950897-04,35.897,29.030584,1,12632,1,1
2212,4,2026-08-24 13:21:34.950469-04,35.896,28.029728,1,12662,1,1
2213,4,2026-08-24 13:21:35.950326-04,35.896,27.030512,1,12692,1,1
2214,4,2026-08-24 13:21:36.950739-04,35.895,26.028765,1,12722,1,1
2215,4,2026-08-24 13:21:37.966988-04,35.894,25.027246,1,12752,1,1
2216,4,2026-08-24 13:21:38.957552-04,35.894,24.028778,1,12782,1,1
2217,4,2026-08-24 13:21:39.954929-04,35.896,23.029346,1,12812,1,1
2218,4,2026-08-24 13:21:40.951986-04,35.894,22.0286,1,12842,1,1
2219,4,2026-08-24 13:21:41.953424-04,35.894,21.027052,1,12872,1,1
2220,4,2026-08-24 13:21:42.955331-04,35.894,20.02905,1,12902,1,1
2221,4,2026-08-24 13:21:43.954205-04,35.878,29.007238,1,12932,1,1
2222,4,2026-08-24 13:21:44.952618-04,35.877,28.005238,1,12962,1,1
2223,4,2026-08-24 13:21:45.953255-04,35.878,27.006487,1,12992,1,1
2224,4,2026-08-24 13:21:46.952527-04,35.878,26.006836,1,13022,1,1
2225,4,2026-08-24 13:21:47.953116-04,35.88,25.007719,1,13052,1,1
2226,4,2026-08-24 13:21:48.953004-04,35.881,24.01053,1,13082,1,1
2227,4,2026-08-24 13:21:49.950385-04,35.88,23.008705,1,13112,1,1
2228,4,2026-08-24 13:21:50.952026-04,35.88,22.00897,1,13142,1,1
2229,4,2026-08-24 13:21:51.954818-04,35.879,21.007856,1,13172,1,1
2230,4,2026-08-24 13:21:52.95374-04,35.879,20.009407,1,13202,1,1
2231,4,2026-08-24 13:21:53.954611-04,35.884,29.012445,1,13232,1,1
2232,4,2026-08-24 13:21:54.954955-04,35.884,28.012722,1,13262,1,1
2233,4,2026-08-24 13:21:55.952754-04,35.885,27.014242,1,13292,1,1
2234,4,2026-08-24 13:21:56.951568-04,35.884,26.013231,1,13322,1,1
2235,4,2026-08-24 13:21:57.95273-04,35.885,25.012941,1,13352,1,1
2236,4,2026-08-24 13:21:58.95265-04,35.883,24.01257,1,13382,1,1
2237,4,2026-08-24 13:21:59.950438-04,35.884,23.012564,1,13412,1,1
2238,4,2026-08-24 13:22:00.951996-04,35.883,22.010672,1,13442,1,1
2239,4,2026-08-24 13:22:01.96092-04,35.884,21.011919,1,13472,1,1
2240,4,2026-08-24 13:22:02.952124-04,35.885,20.014204,1,13502,1,1
2241,4,2026-08-24 13:22:03.952539-04,35.886,28.999184,1,13532,1,1
2242,4,2026-08-24 13:22:04.950539-04,35.887,27.998835,1,13562,1,1
2243,4,2026-08-24 13:22:05.95017-04,35.886,26.998158,1,13592,1,1
2244,4,2026-08-24 13:22:06.951502-04,35.884,25.997538,1,13622,1,1
2245,4,2026-08-24 13:22:07.95227-04,35.885,24.997696,1,13652,1,1
2246,4,2026-08-24 13:22:08.952635-04,35.883,23.996601,1,13682,1,1
2247,4,2026-08-24 13:22:09.950839-04,35.885,22.997648,1,13712,1,1
2248,4,2026-08-24 13:22:10.951504-04,35.884,21.996843,1,13742,1,1
2249,4,2026-08-24 13:22:11.95088-04,35.885,20.9978,1,13772,1,1
2250,4,2026-08-24 13:22:12.953653-04,35.883,19.99653,1,13802,1,1
2251,4,2026-08-24 13:22:13.952216-04,35.889,29.001553,1,13832,1,1
2252,4,2026-08-24 13:22:14.950563-04,35.888,28.000877,1,13862,1,1
2253,4,2026-08-24 13:22:15.951602-04,35.889,27.001684,1,13892,1,1
2254,4,2026-08-24 13:22:16.952394-04,35.888,26.001577,1,13922,1,1
2255,4,2026-08-24 13:22:17.950968-04,35.891,25.002748,1,13952,1,1
2256,4,2026-08-24 13:22:18.953244-04,35.891,24.004473,1,13982,1,1
2257,4,2026-08-24 13:22:19.949706-04,35.892,23.005035,1,14012,1,1
2258,4,2026-08-24 13:22:20.951779-04,35.891,22.003136,1,14042,1,1
2259,4,2026-08-24 13:22:21.952723-04,35.889,21.00089,1,14072,1,1
2260,4,2026-08-24 13:22:22.955751-04,35.89,20.004297,1,14102,1,1
2261,4,2026-08-24 13:22:23.953189-04,35.894,29.00698,1,14132,1,1
2262,4,2026-08-24 13:22:24.952099-04,35.895,28.008078,1,14162,1,1
2263,4,2026-08-24 13:22:25.955176-04,35.896,27.008028,1,14192,1,1
2264,4,2026-08-24 13:22:26.951019-04,35.894,26.00754,1,14222,1,1
2265,4,2026-08-24 13:22:27.951838-04,35.896,25.007757,1,14252,1,1
2266,4,2026-08-24 13:22:28.952858-04,35.894,24.006136,1,14282,1,1
2267,4,2026-08-24 13:22:29.949827-04,35.894,23.00762,1,14312,1,1
2268,4,2026-08-24 13:22:30.952517-04,35.894,22.00602,1,14342,1,1
2269,4,2026-08-24 13:22:31.955536-04,35.894,21.006327,1,14372,1,1
2270,4,2026-08-24 13:22:32.957208-04,35.895,20.008528,1,14402,1,1
2271,4,2026-08-24 13:22:33.952136-04,35.881,29.014437,1,14432,1,1
2272,4,2026-08-24 13:22:34.955216-04,35.882,28.01513,1,14462,1,1
2273,4,2026-08-24 13:22:35.952834-04,35.88,27.014624,1,14492,1,1
2274,4,2026-08-24 13:22:36.954888-04,35.88,26.01321,1,14522,1,1
2275,4,2026-08-24 13:22:37.968385-04,35.877,25.010878,1,14552,1,1
2276,4,2026-08-24 13:22:38.953033-04,35.878,24.012762,1,14582,1,1
2277,4,2026-08-24 13:22:39.950626-04,35.879,23.013988,1,14612,1,1
2278,4,2026-08-24 13:22:40.95313-04,35.879,22.01216,1,14642,1,1
2279,4,2026-08-24 13:22:41.952688-04,35.877,21.011997,1,14672,1,1
2280,4,2026-08-24 13:22:42.952633-04,35.878,20.012741,1,14702,1,1
2281,4,2026-08-24 13:22:43.954956-04,35.885,29.018053,1,14732,1,1
2282,4,2026-08-24 13:22:44.950449-04,35.883,28.017092,1,14762,1,1
2283,4,2026-08-24 13:22:45.953603-04,35.883,27.017944,1,14792,1,1
2284,4,2026-08-24 13:22:46.952476-04,35.884,26.017302,1,14822,1,1
2285,4,2026-08-24 13:22:47.953945-04,35.885,25.018711,1,14852,1,1
2286,4,2026-08-24 13:22:48.954285-04,35.886,24.019693,1,14882,1,1
2287,4,2026-08-24 13:22:49.950722-04,35.887,23.02045,1,14912,1,1
2288,4,2026-08-24 13:22:50.952867-04,35.885,22.018892,1,14942,1,1
2289,4,2026-08-24 13:22:51.950661-04,35.885,21.018585,1,14972,1,1
2290,4,2026-08-24 13:22:52.959266-04,35.884,20.018702,1,15002,1,1
2291,4,2026-08-24 13:22:53.950257-04,35.89,29.018019,1,15032,1,1
2292,4,2026-08-24 13:22:54.95121-04,35.889,28.01676,1,15062,1,1
2293,4,2026-08-24 13:22:55.952203-04,35.891,27.019346,1,15092,1,1
2294,4,2026-08-24 13:22:56.953771-04,35.889,26.01735,1,15122,1,1
2295,4,2026-08-24 13:22:57.951448-04,35.89,25.018389,1,15152,1,1
2296,4,2026-08-24 13:22:58.952707-04,35.889,24.017742,1,15182,1,1
2297,4,2026-08-24 13:22:59.949857-04,35.889,23.018492,1,15212,1,1
2298,4,2026-08-24 13:23:00.95019-04,35.889,22.017563,1,15242,1,1
2299,4,2026-08-24 13:23:01.950466-04,35.894,21.021828,1,15267,1,1
2300,4,2026-08-24 13:23:02.95446-04,35.889,20.018518,6,15302,1,1
2301,4,2026-08-24 13:23:03.953403-04,35.896,29.024551,6,15332,1,1
2302,4,2026-08-24 13:23:04.950425-04,35.897,28.025072,6,15362,1,1
2303,4,2026-08-24 13:23:05.951113-04,35.896,27.024427,6,15392,1,1
2304,4,2026-08-24 13:23:06.950748-04,35.895,26.024546,6,15422,1,1
2305,4,2026-08-24 13:23:07.950249-04,35.895,25.024492,6,15452,1,1
2306,4,2026-08-24 13:23:08.951892-04,35.895,24.023228,6,15482,1,1
2307,4,2026-08-24 13:23:09.949518-04,35.895,23.024527,6,15512,1,1
2308,4,2026-08-24 13:23:10.954181-04,35.895,22.023247,6,15542,1,1
2309,4,2026-08-24 13:23:11.951648-04,35.895,21.023083,6,15572,1,1
2310,4,2026-08-24 13:23:12.952592-04,35.896,20.02533,6,15602,1,1
2311,4,2026-08-24 13:23:13.951113-04,35.873,29.001993,6,15632,1,1
2312,4,2026-08-24 13:23:14.952375-04,35.873,28.001469,6,15662,1,1
2313,4,2026-08-24 13:23:15.951998-04,35.873,27.001291,6,15692,1,1
2314,4,2026-08-24 13:23:16.951836-04,35.873,26.00125,6,15722,1,1
2315,4,2026-08-24 13:23:17.950109-04,35.874,25.003641,6,15752,1,1
2316,4,2026-08-24 13:23:18.953882-04,35.875,24.004438,6,15782,1,1
2317,4,2026-08-24 13:23:19.949492-04,35.876,23.004768,6,15812,1,1
2318,4,2026-08-24 13:23:20.95131-04,35.875,22.003023,6,15842,1,1
2319,4,2026-08-24 13:23:21.950416-04,35.875,21.00277,6,15872,1,1
2320,4,2026-08-24 13:23:22.9531-04,35.873,20.00228,6,15902,1,1
2321,4,2026-08-24 13:23:23.951093-04,35.9,29.00708,6,15932,1,1
2322,4,2026-08-24 13:23:24.950686-04,35.901,28.00826,6,15962,1,1
2323,4,2026-08-24 13:23:25.952758-04,35.902,27.00972,6,15992,1,1
2324,4,2026-08-24 13:23:26.953789-04,35.9,26.006586,6,16022,1,1
2325,4,2026-08-24 13:23:27.953902-04,35.901,25.007841,6,16052,1,1
2326,4,2026-08-24 13:23:28.954138-04,35.9,24.006569,6,16082,1,1
2327,4,2026-08-24 13:23:29.950713-04,35.9,23.006954,6,16112,1,1
2328,4,2026-08-24 13:23:30.952563-04,35.899,22.005896,6,16142,1,1
2329,4,2026-08-24 13:23:31.952442-04,35.9,21.00656,6,16172,1,1
2330,4,2026-08-24 13:23:32.953842-04,35.901,20.008427,6,16202,1,1
2331,4,2026-08-24 13:23:33.953899-04,35.88,29.01368,6,16232,1,1
2332,4,2026-08-24 13:23:34.951616-04,35.882,28.01521,6,16262,1,1
2333,4,2026-08-24 13:23:35.951331-04,35.879,27.013445,6,16292,1,1
2334,4,2026-08-24 13:23:36.952152-04,35.88,26.013014,6,16322,1,1
2335,4,2026-08-24 13:23:37.970918-04,35.878,25.011593,6,16352,1,1
2336,4,2026-08-24 13:23:38.95192-04,35.879,24.012539,6,16382,1,1
2337,4,2026-08-24 13:23:39.951217-04,35.88,23.013653,6,16412,1,1
2338,4,2026-08-24 13:23:40.953187-04,35.881,22.015142,6,16442,1,1
2339,4,2026-08-24 13:23:41.95278-04,35.88,21.013172,6,16472,1,1
2340,4,2026-08-24 13:23:42.963523-04,35.88,20.014162,6,16502,1,1
2341,4,2026-08-24 13:23:43.952152-04,35.884,29.017523,6,16532,1,1
2342,4,2026-08-24 13:23:44.950829-04,35.885,28.01838,6,16562,1,1
2343,4,2026-08-24 13:23:45.95122-04,35.883,27.01685,6,16592,1,1
2344,4,2026-08-24 13:23:46.950326-04,35.884,26.017546,6,16622,1,1
2345,4,2026-08-24 13:23:47.95261-04,35.885,25.018284,6,16652,1,1
2346,4,2026-08-24 13:23:49.076388-04,35.886,24.019968,6,16682,1,1
2347,4,2026-08-24 13:23:49.951592-04,35.886,23.01988,6,16712,1,1
2348,4,2026-08-24 13:23:50.951293-04,35.886,22.019754,6,16742,1,1
2349,4,2026-08-24 13:23:51.953125-04,35.885,21.017887,6,16772,1,1
2350,4,2026-08-24 13:23:52.958754-04,35.886,20.01916,6,16802,1,1
2351,4,2026-08-24 13:23:53.954385-04,35.889,29.022444,6,16832,1,1
2352,4,2026-08-24 13:23:54.9505-04,35.89,28.023155,6,16862,1,1
2353,4,2026-08-24 13:23:55.952548-04,35.891,27.024397,6,16892,1,1
2354,4,2026-08-24 13:23:56.953824-04,35.89,26.02342,6,16922,1,1
2355,4,2026-08-24 13:23:57.952225-04,35.891,25.024002,6,16952,1,1
2356,4,2026-08-24 13:23:58.951755-04,35.889,24.02294,6,16982,1,1
2357,4,2026-08-24 13:23:59.951225-04,35.89,23.02202,6,17012,1,1
2358,4,2026-08-24 13:24:00.952424-04,35.889,22.022396,6,17042,1,1
2359,4,2026-08-24 13:24:01.951317-04,35.89,21.022066,6,17072,1,1
2360,4,2026-08-24 13:24:02.951758-04,35.891,20.025545,6,17102,1,1
2361,4,2026-08-24 13:24:03.950751-04,35.875,29.02986,6,17132,1,1
2362,4,2026-08-24 13:24:04.953421-04,35.876,28.030594,6,17162,1,1
2363,4,2026-08-24 13:24:05.949904-04,35.875,27.030354,6,17192,1,1
2364,4,2026-08-24 13:24:06.94997-04,35.874,26.029259,6,17222,1,1
2365,4,2026-08-24 13:24:07.950675-04,35.873,25.028214,6,17252,1,1
2366,5,2026-08-24 13:43:24.393077-04,10.383,5.461311,0,19,1,1.05
2367,5,2026-08-24 13:43:25.39161-04,10.335,4.413905,0,50,1,1.05
2368,5,2026-08-24 13:43:26.39243-04,10.283,3.360414,0,82,1,1.05
2369,5,2026-08-24 13:43:27.390941-04,10.242,2.320694,0,113,1,1.05
2370,5,2026-08-24 13:43:28.391092-04,10.189,1.267814,0,145,1,1.05
2371,5,2026-08-24 13:43:29.391705-04,10.16,0.239902,0,176,1,1
2372,5,2026-08-24 13:43:30.471108-04,10.149,5.205407,0,206,1,1.05
2373,5,2026-08-24 13:43:31.39236-04,10.097,4.15404,0,238,1,1.05
2374,5,2026-08-24 13:43:32.390563-04,10.058,3.11484,0,269,1,1.05
2375,5,2026-08-24 13:43:33.390717-04,10.008,2.06499,0,301,1,1.05
2376,5,2026-08-24 13:43:34.390443-04,9.955,1.012149,0,332,1,1
2377,5,2026-08-24 13:43:35.394008-04,9.998,0.054922,0,358,2,1
2378,5,2026-08-24 13:43:36.389258-04,9.985,5.063405,4,391,2,1.05
2379,5,2026-08-24 13:43:37.390668-04,9.95,4.028381,4,422,2,1
2380,5,2026-08-24 13:43:38.390365-04,9.951,3.02968,4,453,2,1
2381,5,2026-08-24 13:43:39.391172-04,9.95,2.028527,4,483,2,1
2382,5,2026-08-24 13:43:40.388348-04,9.95,1.028704,4,513,2,1
2383,5,2026-08-24 13:43:41.389379-04,9.991,0.070954,4,538,3,1
2384,5,2026-08-24 13:43:42.390677-04,9.979,5.05721,8,574,3,1.05
2385,5,2026-08-24 13:43:43.391056-04,9.942,4.019429,10,604,3,1
2386,5,2026-08-24 13:43:44.391477-04,9.942,3.019749,10,635,3,1
2387,5,2026-08-24 13:43:45.390673-04,9.941,2.019504,10,665,3,1
2388,5,2026-08-24 13:43:46.390403-04,9.941,1.020166,10,695,3,1
2389,5,2026-08-24 13:43:47.388218-04,9.998,0.077946,10,718,4,1
2390,5,2026-08-24 13:43:48.390436-04,9.995,5.052382,15,754,4,1.05
2391,5,2026-08-24 13:43:49.39112-04,9.951,4.007321,16,786,4,1
2392,5,2026-08-24 13:43:50.390458-04,9.952,3.009179,16,816,4,1
2393,5,2026-08-24 13:43:51.391552-04,9.95,2.006795,16,846,4,1
2394,5,2026-08-24 13:43:52.3907-04,9.951,1.00822,16,876,4,1
2395,5,2026-08-24 13:43:53.389124-04,10.01,0.06769,16,898,5,1
2396,5,2026-08-24 13:43:54.390453-04,10.015,5.072431,18,935,5,1
2397,5,2026-08-24 13:43:55.390893-04,10.017,4.07274,18,965,5,1
2398,5,2026-08-24 13:43:56.390851-04,10.015,3.072605,18,995,5,1
2399,5,2026-08-24 13:43:57.392599-04,10.016,2.07273,18,1025,5,1
2400,5,2026-08-24 13:43:58.391015-04,10.015,1.072001,18,1055,5,1
2401,5,2026-08-24 13:43:59.391121-04,10.021,0.079063,18,1078,6,1
2402,5,2026-08-24 13:44:00.390212-04,10.016,5.09538,19,1115,6,1
2403,5,2026-08-24 13:44:01.390204-04,10.015,4.093954,19,1145,6,1
2404,5,2026-08-24 13:44:02.390303-04,10.016,3.094546,19,1175,6,1
2405,5,2026-08-24 13:44:03.392471-04,10.014,2.092845,19,1205,6,1
2406,5,2026-08-24 13:44:04.391931-04,10.015,1.093314,19,1235,6,1
2407,5,2026-08-24 13:44:05.390867-04,10.014,0.093883,19,1258,6,1
2408,5,2026-08-24 13:44:06.392074-04,10.005,5.062324,19,1295,6,1
2409,5,2026-08-24 13:44:07.393128-04,10.006,4.063313,19,1325,6,1
2410,5,2026-08-24 13:44:08.392599-04,10.006,3.062186,19,1355,6,1
2411,5,2026-08-24 13:44:09.391491-04,10.004,2.061996,19,1385,6,1
2412,5,2026-08-24 13:44:10.391722-04,10.005,1.061731,19,1415,6,1
2413,5,2026-08-24 13:44:11.391388-04,10.006,0.064065,19,1438,6,1
2414,5,2026-08-24 13:44:12.391768-04,10.02,5.09803,19,1474,7,1
2415,5,2026-08-24 13:44:13.390348-04,10.02,4.098662,19,1504,7,1
2416,5,2026-08-24 13:44:14.390874-04,10.02,3.098443,19,1534,7,1
2417,5,2026-08-24 13:44:15.39182-04,10.019,2.097417,19,1564,7,1
2418,5,2026-08-24 13:44:16.390161-04,10.02,1.098053,19,1594,7,1
2419,5,2026-08-24 13:44:17.388748-04,10.019,0.098276,19,1618,7,1
2420,5,2026-08-24 13:44:18.390246-04,10.036,5.115266,19,1654,7,1
2421,5,2026-08-24 13:44:19.3926-04,10.034,4.112521,19,1684,7,1
2422,5,2026-08-24 13:44:20.391766-04,10.035,3.113601,19,1714,7,1
2423,5,2026-08-24 13:44:21.392634-04,10.035,2.11395,19,1744,7,1
2424,5,2026-08-24 13:44:22.393996-04,10.034,1.112482,19,1774,7,1
2425,5,2026-08-24 13:44:23.392091-04,10.033,0.112888,19,1798,7,1
2426,5,2026-08-24 13:44:24.389894-04,10.025,5.081727,19,1834,7,1
2427,5,2026-08-24 13:44:25.389981-04,10.026,4.08278,19,1864,7,1
2428,5,2026-08-24 13:44:26.390184-04,10.025,3.082091,19,1894,7,1
2429,5,2026-08-24 13:44:27.391919-04,10.024,2.08129,19,1924,7,1
2430,5,2026-08-24 13:44:28.388915-04,10.026,1.08375,19,1954,7,1
2431,5,2026-08-24 13:44:29.392475-04,10.025,0.084276,19,1978,7,1
2432,5,2026-08-24 13:44:30.393079-04,10.018,5.096576,19,2014,7,1
2433,5,2026-08-24 13:44:31.391798-04,10.019,4.0977,19,2044,7,1
2434,5,2026-08-24 13:44:32.391228-04,10.02,3.099218,19,2074,7,1
2435,5,2026-08-24 13:44:33.390969-04,10.019,2.098668,19,2104,7,1
2436,5,2026-08-24 13:44:34.393745-04,10.02,1.098449,19,2134,7,1
2437,5,2026-08-24 13:44:35.389786-04,10.019,0.098827,19,2158,7,1
2438,5,2026-08-24 13:44:36.390286-04,10.035,5.093015,19,2194,7,1
2439,5,2026-08-24 13:44:37.390208-04,10.034,4.092132,19,2224,7,1
2440,5,2026-08-24 13:44:38.391943-04,10.033,3.090404,19,2254,7,1
2441,5,2026-08-24 13:44:39.390629-04,10.034,2.092424,19,2284,7,1
2442,5,2026-08-24 13:44:40.391566-04,10.036,1.093866,19,2314,7,1
2443,5,2026-08-24 13:44:41.390161-04,10.037,0.096183,19,2338,7,1
2444,5,2026-08-24 13:44:42.389678-04,10.031,5.109108,19,2374,7,1
2445,5,2026-08-24 13:44:43.393596-04,10.029,4.107739,19,2404,7,1
2446,5,2026-08-24 13:44:44.38989-04,10.029,3.108327,19,2434,7,1
2447,5,2026-08-24 13:44:45.388827-04,10.03,2.109329,19,2464,7,1
2448,5,2026-08-24 13:44:46.399911-04,10.028,1.106795,19,2494,7,1
2449,5,2026-08-24 13:44:47.388905-04,10.03,0.11014,19,2518,7,1
2450,5,2026-08-24 13:44:48.390345-04,10.046,5.103996,19,2554,7,1
2451,5,2026-08-24 13:44:49.39008-04,10.046,4.104395,19,2584,7,1
2452,5,2026-08-24 13:44:50.391798-04,10.045,3.102603,19,2614,7,1
2453,5,2026-08-24 13:44:51.394993-04,10.046,2.102917,19,2644,7,1
2454,5,2026-08-24 13:44:52.39025-04,10.045,1.102296,19,2674,7,1
2455,5,2026-08-24 13:44:53.402808-04,10.045,0.10347,19,2698,7,1
2456,5,2026-08-24 13:44:54.391432-04,10.039,5.118468,19,2734,7,1
2457,5,2026-08-24 13:44:55.389642-04,10.042,4.121254,19,2764,7,1
2458,5,2026-08-24 13:44:56.390725-04,10.041,3.120944,19,2794,7,1
2459,5,2026-08-24 13:44:57.394426-04,10.039,2.117757,19,2824,7,1
2460,5,2026-08-24 13:44:58.392377-04,10.04,1.118249,19,2854,7,1
2461,5,2026-08-24 13:44:59.393628-04,10.04,0.119536,19,2878,7,1
2462,5,2026-08-24 13:45:00.391788-04,10.035,5.092265,19,2914,7,1
2463,5,2026-08-24 13:45:01.391589-04,10.035,4.092269,19,2944,7,1
2464,5,2026-08-24 13:45:02.389402-04,10.034,3.092188,19,2974,7,1
2465,5,2026-08-24 13:45:03.390457-04,10.035,2.093119,19,3004,7,1
2466,5,2026-08-24 13:45:04.389173-04,10.036,1.093671,19,3034,7,1
2467,5,2026-08-24 13:45:05.38791-04,10.034,0.093524,19,3058,7,1
2468,5,2026-08-24 13:45:06.389169-04,10.03,5.109064,19,3094,7,1
2469,5,2026-08-24 13:45:07.389319-04,10.029,4.108117,19,3124,7,1
2470,5,2026-08-24 13:45:08.389775-04,10.029,3.107547,19,3154,7,1
2471,5,2026-08-24 13:45:09.38959-04,10.029,2.108394,19,3184,7,1
2472,5,2026-08-24 13:45:10.394113-04,10.03,1.109983,19,3214,7,1
2473,5,2026-08-24 13:45:11.391233-04,10.032,0.112147,19,3238,7,1
2474,5,2026-08-24 13:45:12.389904-04,10.047,5.126395,19,3274,7,1
2475,5,2026-08-24 13:45:13.389629-04,10.046,4.12593,19,3304,7,1
2476,5,2026-08-24 13:45:14.393147-04,10.047,3.125172,19,3334,7,1
2477,5,2026-08-24 13:45:15.390539-04,10.045,2.124506,19,3364,7,1
2478,5,2026-08-24 13:45:16.389475-04,10.045,1.124198,19,3394,7,1
2479,5,2026-08-24 13:45:17.3891-04,10.045,0.124491,19,3418,7,1
2480,5,2026-08-24 13:45:18.389289-04,10.035,5.093138,19,3454,7,1
2481,5,2026-08-24 13:45:19.389821-04,10.033,4.092585,19,3484,7,1
2482,5,2026-08-24 13:45:20.389283-04,10.035,3.09363,19,3514,7,1
2483,5,2026-08-24 13:45:21.390936-04,10.035,2.092791,19,3544,7,1
2484,5,2026-08-24 13:45:22.393457-04,10.034,1.091095,19,3574,7,1
2485,5,2026-08-24 13:45:23.393179-04,10.034,0.093458,19,3598,7,1
2486,5,2026-08-24 13:45:24.391965-04,10.028,5.086365,19,3634,7,1
2487,5,2026-08-24 13:45:25.389722-04,10.03,4.087809,19,3664,7,1
2488,5,2026-08-24 13:45:26.390824-04,10.031,3.088807,19,3694,7,1
2489,5,2026-08-24 13:45:27.391662-04,10.031,2.088642,19,3724,7,1
2490,5,2026-08-24 13:45:28.392317-04,10.029,1.086841,19,3754,7,1
2491,5,2026-08-24 13:45:29.392744-04,10.031,0.088881,19,3778,7,1
2492,5,2026-08-24 13:45:30.389825-04,10.024,5.103228,19,3814,7,1
2493,5,2026-08-24 13:45:31.390248-04,10.024,4.103854,19,3844,7,1
2494,5,2026-08-24 13:45:32.390276-04,10.025,3.104322,19,3874,7,1
2495,5,2026-08-24 13:45:33.389954-04,10.024,2.103366,19,3904,7,1
2496,5,2026-08-24 13:45:34.390067-04,10.024,1.103826,19,3934,7,1
2497,5,2026-08-24 13:45:35.388696-04,10.024,0.103621,19,3958,7,1
2498,5,2026-08-24 13:45:36.390587-04,10.04,5.098924,19,3994,7,1
2499,5,2026-08-24 13:45:37.391539-04,10.04,4.096694,19,4024,7,1
2500,5,2026-08-24 13:45:38.397021-04,10.039,3.096962,19,4054,7,1
2501,5,2026-08-24 13:45:39.392432-04,10.04,2.097282,19,4084,7,1
2502,5,2026-08-24 13:45:40.391517-04,10.041,1.099952,19,4114,7,1
2503,5,2026-08-24 13:45:41.389843-04,10.041,0.099427,19,4138,7,1
2504,5,2026-08-24 13:45:42.390113-04,10.035,5.071828,19,4174,7,1
2505,5,2026-08-24 13:45:43.389185-04,10.035,4.072077,19,4204,7,1
2506,5,2026-08-24 13:45:44.389788-04,10.035,3.07178,19,4234,7,1
2507,5,2026-08-24 13:45:45.39023-04,10.034,2.070821,19,4264,7,1
2508,5,2026-08-24 13:45:46.389595-04,10.034,1.070798,19,4294,7,1
2509,5,2026-08-24 13:45:47.391398-04,10.034,0.071855,19,4318,7,1
2510,5,2026-08-24 13:45:48.389475-04,10.008,5.088232,19,4354,7,1
2511,5,2026-08-24 13:45:49.389264-04,10.008,4.088437,19,4384,7,1
2512,5,2026-08-24 13:45:50.387744-04,10.007,3.087891,19,4414,7,1
2513,5,2026-08-24 13:45:51.389448-04,10.007,2.087823,19,4444,7,1
2514,5,2026-08-24 13:45:52.39015-04,10.007,1.08638,19,4474,7,1
2515,5,2026-08-24 13:45:53.388988-04,10.007,0.087726,19,4498,7,1
2516,5,2026-08-24 13:45:54.390459-04,10.023,5.102819,19,4534,7,1
2517,5,2026-08-24 13:45:55.389857-04,10.025,4.104505,19,4564,7,1
2518,5,2026-08-24 13:45:56.390577-04,10.026,3.105285,19,4594,7,1
2519,5,2026-08-24 13:45:57.388914-04,10.024,2.1048,19,4624,7,1
2520,5,2026-08-24 13:45:58.388644-04,10.026,1.105265,19,4654,7,1
2521,5,2026-08-24 13:45:59.387237-04,10.024,0.105817,19,4678,7,1
2522,5,2026-08-24 13:46:00.393141-04,10.039,5.097181,19,4714,7,1
2523,5,2026-08-24 13:46:01.390376-04,10.04,4.097741,19,4744,7,1
2524,5,2026-08-24 13:46:02.392663-04,10.038,3.096381,19,4774,7,1
2525,5,2026-08-24 13:46:03.390972-04,10.04,2.098402,19,4804,7,1
2526,5,2026-08-24 13:46:04.391091-04,10.041,1.098856,19,4834,7,1
2527,5,2026-08-24 13:46:05.393536-04,10.039,0.098467,19,4858,7,1
2528,5,2026-08-24 13:46:06.39109-04,10.034,5.113807,19,4894,7,1
2529,5,2026-08-24 13:46:07.392296-04,10.033,4.112403,19,4924,7,1
2530,5,2026-08-24 13:46:08.39175-04,10.034,3.113259,19,4954,7,1
2531,5,2026-08-24 13:46:09.391203-04,10.034,2.113597,19,4984,7,1
2532,5,2026-08-24 13:46:10.391007-04,10.034,1.114791,19,5014,7,1
2533,5,2026-08-24 13:46:11.39333-04,10.036,0.116841,19,5038,7,1
2534,5,2026-08-24 13:46:12.392705-04,10.051,5.10922,19,5074,7,1
2535,5,2026-08-24 13:46:13.390765-04,10.051,4.109013,19,5104,7,1
2536,5,2026-08-24 13:46:14.390972-04,10.049,3.108191,19,5134,7,1
2537,5,2026-08-24 13:46:15.390975-04,10.049,2.108385,19,5164,7,1
2538,5,2026-08-24 13:46:16.392478-04,10.049,1.107337,19,5194,7,1
2539,5,2026-08-24 13:46:17.389535-04,10.049,0.108455,19,5218,7,1
2540,5,2026-08-24 13:46:18.390714-04,10.046,5.125193,19,5254,7,1
2541,5,2026-08-24 13:46:19.390821-04,10.044,4.123815,19,5284,7,1
2542,5,2026-08-24 13:46:20.390624-04,10.045,3.124167,19,5314,7,1
2543,5,2026-08-24 13:46:21.39085-04,10.045,2.12449,19,5344,7,1
2544,5,2026-08-24 13:46:22.389457-04,10.043,1.123992,19,5374,7,1
2545,5,2026-08-24 13:46:23.389089-04,10.044,0.124656,19,5398,7,1
2546,5,2026-08-24 13:46:24.389843-04,10.034,5.092201,19,5434,7,1
2547,5,2026-08-24 13:46:25.388188-04,10.034,4.09304,19,5464,7,1
2548,5,2026-08-24 13:46:26.388964-04,10.034,3.093218,19,5494,7,1
2549,5,2026-08-24 13:46:27.39039-04,10.034,2.093657,19,5524,7,1
2550,5,2026-08-24 13:46:28.39273-04,10.034,1.092365,19,5554,7,1
2551,5,2026-08-24 13:46:29.391745-04,10.035,0.094063,19,5578,7,1
2552,5,2026-08-24 13:46:30.388646-04,10.028,5.107433,19,5614,7,1
2553,5,2026-08-24 13:46:31.390016-04,10.028,4.107846,19,5644,7,1
2554,5,2026-08-24 13:46:32.388923-04,10.027,3.107529,19,5674,7,1
2555,5,2026-08-24 13:46:33.389043-04,10.029,2.109247,19,5704,7,1
2556,5,2026-08-24 13:46:34.394707-04,10.029,1.109496,19,5734,7,1
2557,5,2026-08-24 13:46:35.388318-04,10.028,0.109821,19,5758,7,1
2558,5,2026-08-24 13:46:36.389313-04,10.044,5.124617,19,5794,7,1
2559,5,2026-08-24 13:46:37.388859-04,10.044,4.124072,19,5824,7,1
2560,5,2026-08-24 13:46:38.390323-04,10.044,3.123688,19,5854,7,1
2561,5,2026-08-24 13:46:39.388871-04,10.044,2.124128,19,5884,7,1
2562,5,2026-08-24 13:46:40.390606-04,10.045,1.124231,19,5914,7,1
2563,5,2026-08-24 13:46:41.395273-04,10.047,0.128295,19,5938,7,1
2564,5,2026-08-24 13:46:42.389653-04,10.035,5.093062,19,5974,7,1
2565,5,2026-08-24 13:46:43.391251-04,10.033,4.091158,19,6004,7,1
2566,5,2026-08-24 13:46:44.393121-04,10.033,3.093535,19,6034,7,1
2567,5,2026-08-24 13:46:45.389698-04,10.033,2.092631,19,6064,7,1
2568,5,2026-08-24 13:46:46.388777-04,10.033,1.093623,19,6094,7,1
2569,5,2026-08-24 13:46:47.391868-04,10.033,0.092968,19,6118,7,1
2570,5,2026-08-24 13:46:48.389462-04,10.029,5.088239,19,6154,7,1
2571,5,2026-08-24 13:46:49.389144-04,10.03,4.087742,19,6184,7,1
2572,5,2026-08-24 13:46:50.388129-04,10.028,3.088014,19,6214,7,1
2573,5,2026-08-24 13:46:51.389404-04,10.029,2.086705,19,6244,7,1
2574,5,2026-08-24 13:46:52.388658-04,10.028,1.086067,19,6274,7,1
2575,5,2026-08-24 13:46:53.387162-04,10.028,0.087775,19,6298,7,1
2576,5,2026-08-24 13:46:54.388882-04,10.023,5.081156,19,6334,7,1
2577,5,2026-08-24 13:46:55.388189-04,10.024,4.083415,19,6364,7,1
2578,5,2026-08-24 13:46:56.389349-04,10.024,3.082358,19,6394,7,1
2579,5,2026-08-24 13:46:57.389236-04,10.024,2.083493,19,6424,7,1
2580,5,2026-08-24 13:46:58.388964-04,10.023,1.08186,19,6454,7,1
2581,5,2026-08-24 13:46:59.388437-04,10.024,0.084025,19,6478,7,1
2582,5,2026-08-24 13:47:00.388813-04,10.018,5.098315,19,6514,7,1
2583,5,2026-08-24 13:47:01.390333-04,10.017,4.097832,19,6544,7,1
2584,5,2026-08-24 13:47:02.391255-04,10.018,3.098433,19,6574,7,1
2585,5,2026-08-24 13:47:03.390324-04,10.018,2.098455,19,6604,7,1
2586,5,2026-08-24 13:47:04.390669-04,10.019,1.099283,19,6634,7,1
2587,5,2026-08-24 13:47:05.389678-04,10.017,0.098748,19,6658,7,1
2588,5,2026-08-24 13:47:06.391196-04,10.033,5.092579,19,6694,7,1
2589,5,2026-08-24 13:47:07.400636-04,10.032,4.091037,19,6724,7,1
2590,5,2026-08-24 13:47:08.39284-04,10.033,3.091348,19,6754,7,1
2591,5,2026-08-24 13:47:09.392237-04,10.033,2.092149,19,6784,7,1
2592,5,2026-08-24 13:47:10.39176-04,10.035,1.093116,19,6814,7,1
2593,5,2026-08-24 13:47:11.39076-04,10.034,0.094283,19,6838,7,1
2594,5,2026-08-24 13:47:12.390343-04,10.03,5.109154,19,6874,7,1
2595,5,2026-08-24 13:47:13.389933-04,10.029,4.110444,19,6904,7,1
2596,5,2026-08-24 13:47:14.389643-04,10.029,3.109089,19,6934,7,1
2597,5,2026-08-24 13:47:15.389244-04,10.029,2.109394,19,6964,7,1
2598,5,2026-08-24 13:47:16.389452-04,10.028,1.107723,19,6994,7,1
2599,5,2026-08-24 13:47:17.388343-04,10.028,0.108077,19,7018,7,1
2600,5,2026-08-24 13:47:18.3878-04,10.023,5.104198,19,7054,7,1
2601,5,2026-08-24 13:47:19.389574-04,10.023,4.103893,19,7084,7,1
2602,5,2026-08-24 13:47:20.389458-04,10.022,3.102919,19,7114,7,1
2603,5,2026-08-24 13:47:21.39023-04,10.023,2.103398,19,7144,7,1
2604,5,2026-08-24 13:47:22.388998-04,10.021,1.102872,19,7174,7,1
2605,5,2026-08-24 13:47:23.39166-04,10.023,0.103109,19,7198,7,1
2606,5,2026-08-24 13:47:24.388589-04,10.038,5.097816,19,7234,7,1
2607,5,2026-08-24 13:47:25.386185-04,10.04,4.100265,19,7264,7,1
2608,5,2026-08-24 13:47:26.389654-04,10.039,3.098052,19,7294,7,1
2609,5,2026-08-24 13:47:27.390087-04,10.04,2.099553,19,7324,7,1
2610,5,2026-08-24 13:47:28.394229-04,10.039,1.098216,19,7354,7,1
2611,5,2026-08-24 13:47:29.397743-04,10.039,0.098013,19,7378,7,1
2612,5,2026-08-24 13:47:30.388878-04,10.033,5.113413,19,7414,7,1
2613,5,2026-08-24 13:47:31.39031-04,10.034,4.11409,19,7444,7,1
2614,5,2026-08-24 13:47:32.390153-04,10.032,3.111674,19,7474,7,1
2615,5,2026-08-24 13:47:33.390272-04,10.035,2.115781,19,7504,7,1
2616,5,2026-08-24 13:47:34.390282-04,10.034,1.114432,19,7534,7,1
2617,5,2026-08-24 13:47:35.387911-04,10.033,0.11434,19,7558,7,1
2618,5,2026-08-24 13:47:36.388625-04,10.049,5.109545,19,7594,7,1
2619,5,2026-08-24 13:47:37.390153-04,10.049,4.10699,19,7624,7,1
2620,5,2026-08-24 13:47:38.390142-04,10.049,3.108444,19,7654,7,1
2621,5,2026-08-24 13:47:39.388645-04,10.049,2.108345,19,7684,7,1
2622,5,2026-08-24 13:47:40.387935-04,10.05,1.109272,19,7714,7,1
2623,5,2026-08-24 13:47:41.389877-04,10.051,0.111633,19,7738,7,1
2624,5,2026-08-24 13:47:42.38813-04,10.016,5.096493,19,7774,7,1
2625,5,2026-08-24 13:47:43.387731-04,10.019,4.099419,19,7804,7,1
2626,5,2026-08-24 13:47:44.388288-04,10.017,3.097413,19,7834,7,1
2627,5,2026-08-24 13:47:45.387137-04,10.018,2.098292,19,7864,7,1
2628,5,2026-08-24 13:47:46.388806-04,10.017,1.097203,19,7894,7,1
2629,5,2026-08-24 13:47:47.387868-04,10.017,0.098369,19,7918,7,1
2630,5,2026-08-24 13:47:48.388169-04,10.035,5.09444,19,7954,7,1
2631,5,2026-08-24 13:47:49.389724-04,10.032,4.09136,19,7984,7,1
2632,5,2026-08-24 13:47:50.387952-04,10.033,3.093063,19,8014,7,1
2633,5,2026-08-24 13:47:51.38876-04,10.033,2.092446,19,8044,7,1
2634,5,2026-08-24 13:47:52.388206-04,10.033,1.092924,19,8074,7,1
2635,5,2026-08-24 13:47:53.388046-04,10.032,0.093165,19,8098,7,1
2636,5,2026-08-24 13:47:54.390104-04,10.028,5.108015,19,8134,7,1
2637,5,2026-08-24 13:47:55.38877-04,10.029,4.109546,19,8164,7,1
2638,5,2026-08-24 13:47:56.391145-04,10.03,3.110524,19,8194,7,1
2639,5,2026-08-24 13:47:57.38902-04,10.03,2.110249,19,8224,7,1
2640,5,2026-08-24 13:47:58.387592-04,10.029,1.110503,19,8254,7,1
2641,5,2026-08-24 13:47:59.387232-04,10.028,0.109878,19,8278,7,1
2642,5,2026-08-24 13:48:00.38867-04,10.043,5.102447,19,8314,7,1
2643,5,2026-08-24 13:48:01.389413-04,10.044,4.102702,19,8344,7,1
2644,5,2026-08-24 13:48:02.388575-04,10.043,3.101902,19,8374,7,1
2645,5,2026-08-24 13:48:03.387627-04,10.045,2.105098,19,8404,7,1
2646,5,2026-08-24 13:48:04.388359-04,10.044,1.103278,19,8434,7,1
2647,5,2026-08-24 13:48:05.387815-04,10.044,0.103869,19,8458,7,1
2648,5,2026-08-24 13:48:06.388974-04,10.017,5.097309,19,8494,7,1
2649,5,2026-08-24 13:48:07.388784-04,10.016,4.096763,19,8524,7,1
2650,5,2026-08-24 13:48:08.390077-04,10.016,3.096565,19,8554,7,1
2651,5,2026-08-24 13:48:09.388709-04,10.016,2.097849,19,8584,7,1
2652,5,2026-08-24 13:48:10.387051-04,10.019,1.099028,19,8614,7,1
2653,5,2026-08-24 13:48:11.38644-04,10.016,0.098915,19,8638,7,1
2654,5,2026-08-24 13:48:12.387975-04,10.034,5.115449,19,8674,7,1
2655,5,2026-08-24 13:48:13.388666-04,10.034,4.115727,19,8704,7,1
2656,5,2026-08-24 13:48:14.389858-04,10.033,3.113939,19,8734,7,1
2657,5,2026-08-24 13:48:15.387769-04,10.034,2.11442,19,8764,7,1
2658,5,2026-08-24 13:48:16.388128-04,10.033,1.114204,19,8794,7,1
2659,6,2026-08-24 13:49:57.947459-04,26.283,23.414055,1,22,1,1.05
2660,6,2026-08-24 13:49:58.947291-04,26.233,22.363918,3,53,1,1.05
2661,6,2026-08-24 13:49:59.948346-04,26.182,21.314169,5,85,1,1.05
2662,6,2026-08-24 13:50:00.946283-04,26.13,20.26182,9,116,1,1.05
2663,6,2026-08-24 13:50:01.94617-04,26.079,19.211237,12,148,1,1.05
2664,6,2026-08-24 13:50:02.948243-04,26.037,18.168943,15,179,1,1.05
2665,6,2026-08-24 13:50:03.946285-04,25.981,23.09066,17,211,1,1.05
2666,6,2026-08-24 13:50:04.944711-04,25.927,22.037563,20,242,1,1.05
2667,6,2026-08-24 13:50:05.944646-04,25.895,21.00552,23,273,1,1
2668,6,2026-08-24 13:50:06.944799-04,25.895,20.005266,25,303,1,1
2669,6,2026-08-24 13:50:07.94765-04,25.894,19.003145,25,333,1,1
2670,6,2026-08-24 13:50:08.944949-04,25.894,18.005167,25,363,1,1
2671,6,2026-08-24 13:50:09.945859-04,25.911,23.020748,25,393,1,1
2672,6,2026-08-24 13:50:10.947974-04,25.91,22.019331,25,423,1,1
2673,6,2026-08-24 13:50:11.945192-04,25.911,21.021152,25,453,1,1
2674,6,2026-08-24 13:50:12.944648-04,25.909,20.02037,25,483,1,1
2675,6,2026-08-24 13:50:13.945512-04,25.911,19.021143,25,513,1,1
2676,6,2026-08-24 13:50:14.948808-04,25.912,18.023544,25,543,1,1
2677,6,2026-08-24 13:50:15.945151-04,25.907,23.038633,25,573,1,1
2678,6,2026-08-24 13:50:16.953548-04,25.907,22.03879,25,603,1,1
2679,6,2026-08-24 13:50:17.948199-04,25.907,21.038565,25,633,1,1
2680,6,2026-08-24 13:50:18.945214-04,25.906,20.038,25,663,1,1
2681,6,2026-08-24 13:50:19.944903-04,25.905,19.036934,25,693,1,1
2682,6,2026-08-24 13:50:20.946999-04,25.904,18.037117,25,723,1,1
2683,6,2026-08-24 13:50:21.94603-04,25.899,23.004232,25,753,1,1
2684,6,2026-08-24 13:50:22.949641-04,25.899,22.003788,25,783,1,1
2685,6,2026-08-24 13:50:23.943577-04,25.898,21.004545,25,813,1,1
2686,6,2026-08-24 13:50:24.951413-04,25.9,20.005424,25,843,1,1
2687,6,2026-08-24 13:50:25.944385-04,25.902,19.007723,25,873,1,1
2688,6,2026-08-24 13:50:26.970502-04,25.9,18.004858,25,903,1,1
2689,6,2026-08-24 13:50:27.945642-04,25.893,22.997877,25,933,1,1
2690,6,2026-08-24 13:50:28.945523-04,25.894,21.999546,25,963,1,1
2691,6,2026-08-24 13:50:29.945816-04,25.896,21.000896,25,993,1,1
2692,6,2026-08-24 13:50:30.945074-04,25.896,20.001387,25,1023,1,1
2693,6,2026-08-24 13:50:31.946508-04,25.894,18.99876,25,1053,1,1
2694,6,2026-08-24 13:50:32.946757-04,25.895,18.000036,25,1083,1,1
2695,6,2026-08-24 13:50:33.945-04,25.912,23.017061,25,1113,1,1
2696,6,2026-08-24 13:50:34.946866-04,25.911,22.01575,25,1143,1,1
2697,6,2026-08-24 13:50:35.944893-04,25.91,21.015652,25,1173,1,1
2698,6,2026-08-24 13:50:36.944272-04,25.91,20.01599,25,1203,1,1
2699,6,2026-08-24 13:50:37.946549-04,25.909,19.01469,25,1233,1,1
2700,6,2026-08-24 13:50:38.947698-04,25.91,18.014877,25,1263,1,1
2701,6,2026-08-24 13:50:39.945257-04,25.9,23.010368,25,1293,1,1
2702,6,2026-08-24 13:50:40.94534-04,25.901,22.012768,25,1323,1,1
2703,6,2026-08-24 13:50:41.945923-04,25.899,21.009918,25,1353,1,1
2704,6,2026-08-24 13:50:42.946242-04,25.898,20.008562,25,1383,1,1
2705,6,2026-08-24 13:50:43.94634-04,25.9,19.010078,25,1413,1,1
2706,6,2026-08-24 13:50:44.946762-04,25.901,18.012138,25,1443,1,1
2707,6,2026-08-24 13:50:45.946253-04,25.896,23.027203,25,1473,1,1
2708,6,2026-08-24 13:50:46.945473-04,25.897,22.028336,25,1503,1,1
2709,6,2026-08-24 13:50:47.94684-04,25.895,21.026724,25,1533,1,1
2710,6,2026-08-24 13:50:48.946002-04,25.896,20.027597,25,1563,1,1
2711,6,2026-08-24 13:50:49.946141-04,25.896,19.027384,25,1593,1,1
2712,6,2026-08-24 13:50:50.971409-04,25.893,18.02627,25,1623,1,1
2713,6,2026-08-24 13:50:51.946897-04,25.888,23.020206,25,1653,1,1
2714,6,2026-08-24 13:50:52.946658-04,25.888,22.019445,25,1683,1,1
2715,6,2026-08-24 13:50:53.94668-04,25.888,21.019993,25,1713,1,1
2716,6,2026-08-24 13:50:54.945076-04,25.89,20.021654,25,1743,1,1
2717,6,2026-08-24 13:50:55.946279-04,25.89,19.02172,25,1773,1,1
2718,6,2026-08-24 13:50:56.944722-04,25.888,18.020933,25,1803,1,1
2719,6,2026-08-24 13:50:57.945424-04,25.903,23.014647,25,1833,1,1
2720,6,2026-08-24 13:50:58.944567-04,25.905,22.015406,25,1863,1,1
2721,6,2026-08-24 13:50:59.94527-04,25.906,21.016613,25,1893,1,1
2722,6,2026-08-24 13:51:00.943498-04,25.906,20.017958,25,1923,1,1
2723,6,2026-08-24 13:51:01.945218-04,25.904,19.01447,25,1953,1,1
2724,6,2026-08-24 13:51:02.94457-04,25.905,18.016972,25,1983,1,1
2725,6,2026-08-24 13:51:03.94687-04,25.901,23.032055,25,2013,1,1
2726,6,2026-08-24 13:51:04.94473-04,25.899,22.031204,25,2043,1,1
2727,6,2026-08-24 13:51:05.945847-04,25.9,21.032103,25,2073,1,1
2728,6,2026-08-24 13:51:06.946149-04,25.899,20.030653,25,2103,1,1
2729,6,2026-08-24 13:51:07.946096-04,25.898,19.030031,25,2133,1,1
2730,6,2026-08-24 13:51:08.94627-04,25.899,18.031582,25,2163,1,1
2731,6,2026-08-24 13:51:09.94784-04,25.894,23.02616,25,2193,1,1
2732,6,2026-08-24 13:51:10.947288-04,25.896,22.026875,25,2223,1,1
2733,6,2026-08-24 13:51:11.945157-04,25.894,21.025774,25,2253,1,1
2734,6,2026-08-24 13:51:12.945262-04,25.892,20.025028,25,2283,1,1
2735,6,2026-08-24 13:51:13.945856-04,25.894,19.025757,25,2313,1,1
2736,6,2026-08-24 13:51:14.945327-04,25.896,18.02871,25,2343,1,1
2737,6,2026-08-24 13:51:15.946427-04,25.912,23.044409,25,2373,1,1
2738,6,2026-08-24 13:51:16.946548-04,25.912,22.043966,25,2403,1,1
2739,6,2026-08-24 13:51:17.948113-04,25.911,21.04298,25,2433,1,1
2740,6,2026-08-24 13:51:18.946078-04,25.911,20.043201,25,2463,1,1
2741,6,2026-08-24 13:51:19.944422-04,25.91,19.042238,25,2493,1,1
2742,6,2026-08-24 13:51:20.94616-04,25.911,18.043514,25,2523,1,1
2743,6,2026-08-24 13:51:21.945516-04,25.904,23.009304,25,2553,1,1
2744,6,2026-08-24 13:51:22.945021-04,25.904,22.009373,25,2583,1,1
2745,6,2026-08-24 13:51:23.943788-04,25.903,21.009665,25,2613,1,1
2746,6,2026-08-24 13:51:24.944189-04,25.904,20.010603,25,2643,1,1
2747,6,2026-08-24 13:51:25.94443-04,25.907,19.01199,25,2673,1,1
2748,6,2026-08-24 13:51:26.942976-04,25.907,18.012888,25,2703,1,1
2749,6,2026-08-24 13:51:27.944588-04,25.919,23.024277,25,2733,1,1
2750,6,2026-08-24 13:51:28.945539-04,25.921,22.026081,25,2763,1,1
2751,6,2026-08-24 13:51:29.944957-04,25.922,21.027487,25,2793,1,1
2752,6,2026-08-24 13:51:30.945396-04,25.922,20.027178,25,2823,1,1
2753,6,2026-08-24 13:51:31.946308-04,25.923,19.027885,25,2853,1,1
2754,6,2026-08-24 13:51:32.94572-04,25.921,18.028301,25,2883,1,1
2755,6,2026-08-24 13:51:33.945611-04,25.914,23.019787,25,2913,1,1
2756,6,2026-08-24 13:51:34.945616-04,25.916,22.02087,25,2943,1,1
2757,6,2026-08-24 13:51:35.945598-04,25.916,21.021196,25,2973,1,1
2758,6,2026-08-24 13:51:36.945571-04,25.915,20.020145,25,3003,1,1
2759,6,2026-08-24 13:51:38.008504-04,25.915,19.021557,25,3033,1,1
2760,6,2026-08-24 13:51:38.943319-04,25.914,18.020988,25,3063,1,1
2761,6,2026-08-24 13:51:39.945556-04,25.905,23.036669,25,3093,1,1
2762,6,2026-08-24 13:51:40.944402-04,25.906,22.038712,25,3123,1,1
2763,6,2026-08-24 13:51:41.952943-04,25.904,21.035612,25,3153,1,1
2764,6,2026-08-24 13:51:42.945897-04,25.905,20.036348,25,3183,1,1
2765,6,2026-08-24 13:51:43.943777-04,25.904,19.03691,25,3213,1,1
2766,6,2026-08-24 13:51:44.954906-04,25.906,18.039368,25,3243,1,1
2767,6,2026-08-24 13:51:45.944276-04,25.901,23.034134,25,3273,1,1
2768,6,2026-08-24 13:51:46.944105-04,25.901,22.033756,25,3303,1,1
2769,6,2026-08-24 13:51:47.945654-04,25.9,21.031935,25,3333,1,1
2770,6,2026-08-24 13:51:48.943951-04,25.9,20.032621,25,3363,1,1
2771,6,2026-08-24 13:51:49.944631-04,25.899,19.031199,25,3393,1,1
2772,6,2026-08-24 13:51:50.944631-04,25.899,18.032906,25,3423,1,1
2773,6,2026-08-24 13:51:51.943837-04,25.914,23.025595,25,3453,1,1
2774,6,2026-08-24 13:51:52.944715-04,25.915,22.026085,25,3483,1,1
2775,6,2026-08-24 13:51:53.94642-04,25.913,21.024763,25,3513,1,1
2776,6,2026-08-24 13:51:54.944094-04,25.916,20.026031,25,3543,1,1
2777,6,2026-08-24 13:51:55.944356-04,25.917,19.02823,25,3573,1,1
2778,6,2026-08-24 13:51:56.945581-04,25.916,18.02869,25,3603,1,1
2779,6,2026-08-24 13:51:57.945414-04,25.908,23.019484,25,3633,1,1
2780,6,2026-08-24 13:51:58.945986-04,25.902,22.01203,27,3663,1,1
2781,6,2026-08-24 13:51:59.942049-04,25.903,21.014849,27,3694,1,1
2782,6,2026-08-24 13:52:00.946359-04,25.903,20.01359,27,3724,1,1
2783,6,2026-08-24 13:52:01.945343-04,25.901,19.012863,27,3754,1,1
2784,6,2026-08-24 13:52:02.947449-04,25.902,18.014578,27,3784,1,1
2785,6,2026-08-24 13:52:03.945208-04,25.896,23.028446,27,3814,1,1
2786,6,2026-08-24 13:52:04.945359-04,25.897,22.02844,27,3844,1,1
2787,6,2026-08-24 13:52:05.944294-04,25.895,21.02853,27,3874,1,1
2788,6,2026-08-24 13:52:06.945444-04,25.895,20.028093,27,3904,1,1
2789,6,2026-08-24 13:52:07.945598-04,25.896,19.027786,27,3934,1,1
2790,6,2026-08-24 13:52:08.94574-04,25.895,18.02897,27,3964,1,1
2791,6,2026-08-24 13:52:09.945317-04,25.912,22.997053,27,3994,1,1
2792,6,2026-08-24 13:52:10.945441-04,25.914,21.998123,27,4024,1,1
2793,6,2026-08-24 13:52:11.946458-04,25.912,20.995583,27,4054,1,1
2794,6,2026-08-24 13:52:12.944793-04,25.911,19.99538,27,4084,1,1
2795,6,2026-08-24 13:52:13.94523-04,25.912,18.996105,27,4114,1,1
2796,6,2026-08-24 13:52:14.943729-04,25.913,17.999294,27,4144,1,1
2797,6,2026-08-24 13:52:15.944508-04,25.908,22.991896,27,4174,1,1
2798,6,2026-08-24 13:52:16.943672-04,25.908,21.99326,27,4204,1,1
2799,6,2026-08-24 13:52:17.944376-04,25.907,20.99141,27,4234,1,1
2800,6,2026-08-24 13:52:18.944444-04,25.908,19.991936,27,4264,1,1
2801,6,2026-08-24 13:52:19.943862-04,25.906,18.990536,27,4294,1,1
2802,6,2026-08-24 13:52:20.945336-04,25.907,17.992514,27,4324,1,1
2803,6,2026-08-24 13:52:21.944077-04,25.9,23.006432,27,4354,1,1
2804,6,2026-08-24 13:52:22.94452-04,25.901,22.007635,27,4384,1,1
2805,6,2026-08-24 13:52:23.94419-04,25.9,21.006386,27,4414,1,1
2806,6,2026-08-24 13:52:24.943041-04,25.9,20.006403,27,4444,1,1
2807,6,2026-08-24 13:52:25.947714-04,25.903,19.008738,27,4474,1,1
2808,6,2026-08-24 13:52:26.946754-04,25.901,18.007084,27,4504,1,1
2809,6,2026-08-24 13:52:27.944181-04,25.89,23.02294,27,4534,1,1
2810,6,2026-08-24 13:52:28.944601-04,25.891,22.022377,27,4564,1,1
2811,6,2026-08-24 13:52:29.944203-04,25.892,21.02474,27,4594,1,1
2812,6,2026-08-24 13:52:30.944298-04,25.892,20.025047,27,4624,1,1
2813,6,2026-08-24 13:52:31.944326-04,25.891,19.024202,27,4654,1,1
2814,6,2026-08-24 13:52:32.94409-04,25.892,18.02594,27,4684,1,1
2815,6,2026-08-24 13:52:33.94458-04,25.886,23.017897,27,4714,1,1
2816,6,2026-08-24 13:52:34.944138-04,25.885,22.017685,27,4744,1,1
2817,6,2026-08-24 13:52:35.945325-04,25.884,21.016459,27,4774,1,1
2818,6,2026-08-24 13:52:36.945263-04,25.885,20.016888,27,4804,1,1
2819,6,2026-08-24 13:52:37.957897-04,25.884,19.016975,27,4834,1,1
2820,6,2026-08-24 13:52:38.947642-04,25.885,18.017523,27,4864,1,1
2821,6,2026-08-24 13:52:39.951457-04,25.878,23.033442,27,4894,1,1
2822,6,2026-08-24 13:52:40.949376-04,25.882,22.036089,27,4924,1,1
2823,6,2026-08-24 13:52:41.951472-04,25.879,21.03298,27,4954,1,1
2824,6,2026-08-24 13:52:42.951619-04,25.88,20.03381,27,4984,1,1
2825,6,2026-08-24 13:52:43.945727-04,25.88,19.03381,27,5014,1,1
2826,6,2026-08-24 13:52:44.944541-04,25.881,18.036285,27,5044,1,1
2827,6,2026-08-24 13:52:45.946406-04,25.898,23.003965,27,5074,1,1
2828,6,2026-08-24 13:52:46.944058-04,25.897,22.003145,27,5104,1,1
2829,6,2026-08-24 13:52:47.944318-04,25.896,21.002003,27,5134,1,1
2830,6,2026-08-24 13:52:48.944865-04,25.896,20.002071,27,5164,1,1
2831,6,2026-08-24 13:52:49.94526-04,25.895,19.001629,27,5194,1,1
2832,6,2026-08-24 13:52:50.945414-04,25.896,18.002947,27,5224,1,1
2833,6,2026-08-24 13:52:51.945995-04,25.911,23.01682,27,5254,1,1
2834,6,2026-08-24 13:52:52.943735-04,25.911,22.017563,27,5284,1,1
2835,6,2026-08-24 13:52:53.944921-04,25.911,21.017025,27,5314,1,1
2836,6,2026-08-24 13:52:54.944527-04,25.911,20.018396,27,5344,1,1
2837,6,2026-08-24 13:52:55.944282-04,25.913,19.020418,27,5374,1,1
2838,6,2026-08-24 13:52:56.943453-04,25.914,18.021845,27,5404,1,1
2839,6,2026-08-24 13:52:57.946095-04,25.906,23.011742,27,5434,1,1
2840,6,2026-08-24 13:52:58.943532-04,25.905,22.011206,27,5464,1,1
2841,6,2026-08-24 13:52:59.94436-04,25.908,21.014282,27,5494,1,1
2842,6,2026-08-24 13:53:00.945029-04,25.906,20.011744,27,5524,1,1
2843,6,2026-08-24 13:53:01.947267-04,25.906,19.0124,27,5554,1,1
2844,6,2026-08-24 13:53:02.942756-04,25.908,18.015926,27,5584,1,1
2845,6,2026-08-24 13:53:03.944684-04,25.895,23.028236,27,5614,1,1
2846,6,2026-08-24 13:53:04.944437-04,25.896,22.028809,27,5644,1,1
2847,6,2026-08-24 13:53:05.943952-04,25.895,21.028028,27,5674,1,1
2848,6,2026-08-24 13:53:06.943458-04,25.895,20.027712,27,5704,1,1
2849,6,2026-08-24 13:53:07.943987-04,25.894,19.027134,27,5734,1,1
2850,6,2026-08-24 13:53:08.943567-04,25.894,18.028679,27,5764,1,1
2851,6,2026-08-24 13:53:09.944748-04,25.89,23.02306,27,5794,1,1
2852,6,2026-08-24 13:53:10.942465-04,25.892,22.025677,27,5824,1,1
2853,6,2026-08-24 13:53:11.943197-04,25.889,21.02287,27,5854,1,1
2854,6,2026-08-24 13:53:12.943302-04,25.89,20.02289,27,5884,1,1
2855,6,2026-08-24 13:53:13.944015-04,25.89,19.023151,27,5914,1,1
2856,6,2026-08-24 13:53:14.944711-04,25.891,18.023499,27,5944,1,1
2857,6,2026-08-24 13:53:15.943509-04,25.908,23.020714,27,5974,1,1
2858,6,2026-08-24 13:53:16.942687-04,25.908,22.020304,27,6004,1,1
2859,6,2026-08-24 13:53:17.972188-04,25.908,21.020138,27,6034,1,1
2860,6,2026-08-24 13:53:18.942258-04,25.907,20.020182,27,6064,1,1
2861,6,2026-08-24 13:53:19.942632-04,25.907,19.019384,27,6094,1,1
2862,6,2026-08-24 13:53:20.945496-04,25.906,18.018719,27,6124,1,1
2863,6,2026-08-24 13:53:21.944716-04,25.899,23.01154,27,6154,1,1
2864,6,2026-08-24 13:53:22.944404-04,25.9,22.011683,27,6184,1,1
2865,6,2026-08-24 13:53:23.943649-04,25.899,21.010902,27,6214,1,1
2866,6,2026-08-24 13:53:24.94413-04,25.901,20.012125,27,6244,1,1
2867,6,2026-08-24 13:53:25.943574-04,25.902,19.014584,27,6274,1,1
2868,6,2026-08-24 13:53:26.944897-04,25.899,18.011972,27,6304,1,1
2869,6,2026-08-24 13:53:27.943648-04,25.895,23.006607,27,6334,1,1
2870,6,2026-08-24 13:53:28.952662-04,25.895,22.007286,27,6364,1,1
2871,6,2026-08-24 13:53:29.943903-04,25.896,21.008862,27,6394,1,1
2872,6,2026-08-24 13:53:30.943038-04,25.898,20.010244,27,6424,1,1
2873,6,2026-08-24 13:53:31.943348-04,25.896,19.008524,27,6454,1,1
2874,6,2026-08-24 13:53:32.948714-04,25.897,18.009525,27,6484,1,1
2875,6,2026-08-24 13:53:33.943588-04,25.912,23.023386,27,6514,1,1
2876,6,2026-08-24 13:53:34.943769-04,25.913,22.024271,27,6544,1,1
2877,6,2026-08-24 13:53:35.943356-04,25.91,21.022987,27,6574,1,1
2878,6,2026-08-24 13:53:36.943584-04,25.912,20.023584,27,6604,1,1
2879,6,2026-08-24 13:53:37.946761-04,25.91,19.021835,27,6634,1,1
2880,6,2026-08-24 13:53:38.956009-04,25.911,18.023737,27,6664,1,1
2881,6,2026-08-24 13:53:39.94306-04,25.906,22.99212,27,6694,1,1
2882,6,2026-08-24 13:53:40.94491-04,25.907,21.992804,27,6724,1,1
2883,6,2026-08-24 13:53:41.943306-04,25.905,20.990414,27,6754,1,1
2884,6,2026-08-24 13:53:42.943187-04,25.905,19.99084,27,6784,1,1
2885,6,2026-08-24 13:53:43.944852-04,25.906,18.990685,27,6814,1,1
2886,6,2026-08-24 13:53:44.942622-04,25.907,17.993639,27,6844,1,1
2887,6,2026-08-24 13:53:45.944581-04,25.899,23.006495,27,6874,1,1
2888,6,2026-08-24 13:53:46.944616-04,25.9,22.00619,27,6904,1,1
2889,6,2026-08-24 13:53:47.943474-04,25.901,21.007774,27,6934,1,1
2890,6,2026-08-24 13:53:48.944259-04,25.901,20.008245,27,6964,1,1
2891,6,2026-08-24 13:53:49.944965-04,25.9,19.006975,27,6994,1,1
2892,6,2026-08-24 13:53:50.943165-04,25.901,18.008696,27,7024,1,1
2893,6,2026-08-24 13:53:51.94388-04,25.894,23.022062,27,7054,1,1
2894,6,2026-08-24 13:53:52.943079-04,25.895,22.022388,27,7084,1,1
2895,6,2026-08-24 13:53:53.94407-04,25.893,21.021975,27,7114,1,1
2896,6,2026-08-24 13:53:54.943748-04,25.895,20.023367,27,7144,1,1
2897,6,2026-08-24 13:53:55.943978-04,25.895,19.023462,27,7174,1,1
2898,6,2026-08-24 13:53:56.942666-04,25.898,18.027119,27,7204,1,1
2899,6,2026-08-24 13:53:57.944347-04,25.884,22.990458,27,7234,1,1
2900,6,2026-08-24 13:53:58.944007-04,25.884,21.99048,27,7264,1,1
2901,6,2026-08-24 13:53:59.943772-04,25.885,20.992462,27,7294,1,1
2902,6,2026-08-24 13:54:00.943884-04,25.886,19.993645,27,7324,1,1
2903,6,2026-08-24 13:54:01.945653-04,25.885,18.991154,27,7354,1,1
2904,6,2026-08-24 13:54:02.942266-04,25.886,17.993696,27,7384,1,1
2905,6,2026-08-24 13:54:03.944505-04,25.88,23.007032,27,7414,1,1
2906,6,2026-08-24 13:54:04.945633-04,25.88,22.00927,27,7444,1,1
2907,6,2026-08-24 13:54:05.944005-04,25.879,21.007025,27,7474,1,1
2908,6,2026-08-24 13:54:06.94424-04,25.88,20.00743,27,7504,1,1
2909,6,2026-08-24 13:54:07.9443-04,25.879,19.006071,27,7534,1,1
2910,6,2026-08-24 13:54:08.946899-04,25.879,18.008347,27,7564,1,1
2911,6,2026-08-24 13:54:09.943487-04,25.895,23.002325,27,7594,1,1
2912,6,2026-08-24 13:54:10.943862-04,25.896,22.003345,27,7624,1,1
2913,6,2026-08-24 13:54:11.943606-04,25.894,21.001118,27,7654,1,1
2914,6,2026-08-24 13:54:12.943703-04,25.894,20.001371,27,7684,1,1
2915,6,2026-08-24 13:54:13.944314-04,25.894,19.001362,27,7714,1,1
2916,6,2026-08-24 13:54:14.943239-04,25.896,18.003422,27,7744,1,1
2917,6,2026-08-24 13:54:15.944365-04,25.886,23.018799,27,7774,1,1
2918,6,2026-08-24 13:54:16.944996-04,25.886,22.018902,27,7804,1,1
2919,6,2026-08-24 13:54:17.943249-04,25.885,21.01911,27,7834,1,1
2920,6,2026-08-24 13:54:18.943328-04,25.885,20.01862,27,7864,1,1
2921,6,2026-08-24 13:54:19.943704-04,25.883,19.016968,27,7894,1,1
2922,6,2026-08-24 13:54:20.943194-04,25.885,18.019377,27,7924,1,1
2923,6,2026-08-24 13:54:21.94279-04,25.878,23.011726,27,7954,1,1
2924,6,2026-08-24 13:54:22.94321-04,25.878,22.01172,27,7984,1,1
2925,6,2026-08-24 13:54:23.942818-04,25.877,21.010942,27,8014,1,1
2926,6,2026-08-24 13:54:24.942342-04,25.879,20.01295,27,8044,1,1
2927,6,2026-08-24 13:54:25.943135-04,25.88,19.014,27,8074,1,1
2928,6,2026-08-24 13:54:26.943345-04,25.882,18.016457,27,8104,1,1
2929,6,2026-08-24 13:54:27.942836-04,25.894,23.007515,27,8134,1,1
2930,6,2026-08-24 13:54:28.945046-04,25.895,22.00711,27,8164,1,1
2931,6,2026-08-24 13:54:29.944839-04,25.896,21.008123,27,8194,1,1
2932,6,2026-08-24 13:54:30.942535-04,25.897,20.009892,27,8224,1,1
2933,6,2026-08-24 13:54:31.942633-04,25.896,19.00839,27,8254,1,1
2934,6,2026-08-24 13:54:32.941977-04,25.897,18.010221,27,8284,1,1
2935,6,2026-08-24 13:54:33.951741-04,25.889,23.001604,27,8314,1,1
2936,6,2026-08-24 13:54:34.942837-04,25.891,22.003351,27,8344,1,1
2937,6,2026-08-24 13:54:35.942604-04,25.889,21.001814,27,8374,1,1
2938,6,2026-08-24 13:54:36.942258-04,25.889,20.00273,27,8404,1,1
2939,6,2026-08-24 13:54:37.946374-04,25.888,19.000797,27,8434,1,1
2940,6,2026-08-24 13:54:38.943519-04,25.889,18.002739,27,8464,1,1
2941,6,2026-08-24 13:54:39.944105-04,25.905,23.017662,27,8494,1,1
2942,6,2026-08-24 13:54:40.943295-04,25.906,22.018932,27,8524,1,1
2943,6,2026-08-24 13:54:41.943723-04,25.908,21.020832,27,8554,1,1
2944,6,2026-08-24 13:54:42.943151-04,25.904,20.016804,27,8584,1,1
2945,6,2026-08-24 13:54:43.944867-04,25.905,19.017233,27,8614,1,1
2946,6,2026-08-24 13:54:44.942013-04,25.907,18.020052,27,8644,1,1
2947,6,2026-08-24 13:54:45.944438-04,25.88,23.008862,27,8674,1,1
2948,6,2026-08-24 13:54:46.94395-04,25.88,22.008095,27,8704,1,1
2949,6,2026-08-24 13:54:47.943587-04,25.879,21.007914,27,8734,1,1
2950,6,2026-08-24 13:54:48.943425-04,25.879,20.007664,27,8764,1,1
2951,6,2026-08-24 13:54:49.94288-04,25.879,19.007004,27,8794,1,1
2952,6,2026-08-24 13:54:50.946584-04,25.879,18.008524,27,8824,1,1
2953,7,2026-08-24 14:06:15.083865-04,21.587,16.682966,0,43,1,1.05
2954,7,2026-08-24 14:06:16.087087-04,21.546,15.642513,0,74,1,1.05
2955,7,2026-08-24 14:06:17.080392-04,21.494,14.588725,0,106,1,1.05
2956,7,2026-08-24 14:06:18.085148-04,21.442,13.538095,0,137,1,1.05
2957,7,2026-08-24 14:06:19.283184-04,21.394,12.486299,0,169,1,1.05
2958,7,2026-08-24 14:06:20.080364-04,21.359,17.412003,0,200,1,1.05
2959,7,2026-08-24 14:06:21.078496-04,21.307,16.359905,0,232,1,1.05
2960,7,2026-08-24 14:06:22.081473-04,21.255,15.308676,0,263,1,1.05
2961,7,2026-08-24 14:06:23.092155-04,21.204,14.257439,0,295,1,1.05
2962,7,2026-08-24 14:06:24.091577-04,21.155,13.207712,0,326,1,1.05
2963,7,2026-08-24 14:06:25.113441-04,21.114,12.163136,0,358,1,1.05
2964,7,2026-08-24 14:06:26.078462-04,21.056,17.129763,0,389,1,1.05
2965,7,2026-08-24 14:06:27.079598-04,21.005,16.078642,0,421,1,1.05
2966,7,2026-08-24 14:06:28.080089-04,20.955,15.029182,0,452,1,1
2967,7,2026-08-24 14:06:29.079416-04,20.955,14.028688,0,482,1,1
2968,7,2026-08-24 14:06:30.079634-04,20.954,13.028515,0,512,1,1
2969,7,2026-08-24 14:06:31.096351-04,20.953,12.029024,0,542,1,1
2970,7,2026-08-24 14:06:32.080253-04,20.924,11.003432,0,573,1,1
2971,7,2026-08-24 14:06:33.079936-04,20.925,10.003998,0,603,1,1
2972,7,2026-08-24 14:06:34.101777-04,20.926,15.021048,0,633,1,1
2973,7,2026-08-24 14:06:35.080828-04,20.925,14.020939,0,663,1,1
2974,7,2026-08-24 14:06:36.087746-04,20.925,13.021238,0,693,1,1
2975,7,2026-08-24 14:06:37.136756-04,20.924,12.020958,0,723,1,1
2976,7,2026-08-24 14:06:38.078034-04,20.92,11.021455,0,753,1,1
2977,7,2026-08-24 14:06:39.078511-04,20.922,10.022633,0,783,1,1
2978,7,2026-08-24 14:06:40.099989-04,20.921,9.022319,0,813,1,1
2979,7,2026-08-24 14:06:41.077403-04,20.921,13.990917,0,843,1,1
2980,7,2026-08-24 14:06:42.080964-04,20.92,12.989817,0,873,1,1
2981,7,2026-08-24 14:06:43.078807-04,20.921,11.990753,0,903,1,1
2982,7,2026-08-24 14:06:44.081214-04,20.936,10.988371,0,933,1,1
2983,7,2026-08-24 14:06:45.0783-04,20.935,9.988677,0,963,1,1
2984,7,2026-08-24 14:06:46.081682-04,20.935,8.987629,0,993,1,1
2985,7,2026-08-24 14:06:47.083523-04,20.935,13.982314,0,1023,1,1
2986,7,2026-08-24 14:06:48.082384-04,20.934,12.982629,0,1053,1,1
2987,7,2026-08-24 14:06:49.077759-04,20.936,11.98472,0,1083,1,1
2988,7,2026-08-24 14:06:50.081375-04,20.925,10.982588,0,1113,1,1
2989,7,2026-08-24 14:06:51.080085-04,20.924,9.983095,0,1143,1,1
2990,7,2026-08-24 14:06:52.076911-04,20.924,8.983698,0,1173,1,1
2991,7,2026-08-24 14:06:53.08038-04,20.925,14.0001,0,1203,1,1
2992,7,2026-08-24 14:06:54.081357-04,20.926,13.000081,0,1233,1,1
2993,7,2026-08-24 14:06:55.07892-04,20.927,12.001911,0,1263,1,1
2994,7,2026-08-24 14:06:56.080544-04,20.921,11.000377,0,1293,1,1
2995,7,2026-08-24 14:06:57.081914-04,20.921,10.000445,0,1323,1,1
2996,7,2026-08-24 14:06:58.082397-04,20.92,8.999395,0,1353,1,1
2997,7,2026-08-24 14:06:59.080761-04,20.92,13.99547,0,1383,1,1
2998,7,2026-08-24 14:07:00.079401-04,20.919,12.99335,0,1413,1,1
2999,7,2026-08-24 14:07:01.078313-04,20.919,11.9953,0,1443,1,1
3000,7,2026-08-24 14:07:02.082215-04,20.914,10.993269,0,1473,1,1
3001,7,2026-08-24 14:07:03.081894-04,20.915,16.00988,0,1503,1,1
3002,7,2026-08-24 14:07:04.080921-04,20.915,15.010725,0,1533,1,1
3003,7,2026-08-24 14:07:05.081602-04,20.914,14.009265,0,1563,1,1
3004,7,2026-08-24 14:07:06.081471-04,20.914,13.009421,0,1593,1,1
3005,7,2026-08-24 14:07:07.095067-04,20.913,12.009298,0,1623,1,1
3006,7,2026-08-24 14:07:08.082085-04,20.93,17.004927,0,1653,1,1
3007,7,2026-08-24 14:07:09.079189-04,20.932,16.007776,0,1683,1,1
3008,7,2026-08-24 14:07:10.084289-04,20.931,15.005225,0,1713,1,1
3009,7,2026-08-24 14:07:11.077355-04,20.933,14.007507,0,1743,1,1
3010,7,2026-08-24 14:07:12.085856-04,20.931,13.005837,0,1773,1,1
3011,7,2026-08-24 14:07:13.08017-04,20.931,12.007153,0,1803,1,1
3012,7,2026-08-24 14:07:14.088755-04,20.924,16.998928,0,1833,1,1
3013,7,2026-08-24 14:07:15.080201-04,20.925,15.999958,0,1863,1,1
3014,7,2026-08-24 14:07:16.08186-04,20.923,14.9982,0,1893,1,1
3015,7,2026-08-24 14:07:17.080803-04,20.924,13.998646,0,1923,1,1
3016,7,2026-08-24 14:07:18.081373-04,20.924,12.999176,0,1953,1,1
3017,7,2026-08-24 14:07:19.079231-04,20.925,12.000841,0,1983,1,1
3018,7,2026-08-24 14:07:20.08153-04,20.919,17.01473,0,2013,1,1
3019,7,2026-08-24 14:07:21.079881-04,20.919,16.015476,0,2043,1,1
3020,7,2026-08-24 14:07:22.079876-04,20.918,15.014656,0,2073,1,1
3021,7,2026-08-24 14:07:23.081045-04,20.92,14.015711,0,2103,1,1
3022,7,2026-08-24 14:07:24.080853-04,20.921,13.017234,0,2133,1,1
3023,7,2026-08-24 14:07:25.080305-04,20.922,12.018685,0,2163,1,1
3024,7,2026-08-24 14:07:26.079112-04,20.936,17.011036,0,2193,1,1
3025,7,2026-08-24 14:07:27.102747-04,20.935,16.009983,0,2223,1,1
3026,7,2026-08-24 14:07:28.086586-04,20.935,15.010023,0,2253,1,1
3027,7,2026-08-24 14:07:29.078851-04,20.935,14.011222,0,2283,1,1
3028,7,2026-08-24 14:07:30.081299-04,20.935,13.009866,0,2313,1,1
3029,7,2026-08-24 14:07:31.087774-04,20.935,12.008287,0,2343,1,1
3030,7,2026-08-24 14:07:32.078298-04,20.929,17.024645,0,2373,1,1
3031,7,2026-08-24 14:07:33.082795-04,20.929,16.025223,0,2403,1,1
3032,7,2026-08-24 14:07:34.08042-04,20.93,15.026638,0,2433,1,1
3033,7,2026-08-24 14:07:35.077369-04,20.929,14.025587,0,2463,1,1
3034,7,2026-08-24 14:07:36.146576-04,20.93,13.025403,0,2493,1,1
3035,7,2026-08-24 14:07:37.077783-04,20.929,12.026131,0,2523,1,1
3036,7,2026-08-24 14:07:38.119161-04,20.945,16.993475,0,2553,1,1
3037,7,2026-08-24 14:07:39.081193-04,20.947,15.995528,0,2583,1,1
3038,7,2026-08-24 14:07:40.078509-04,20.948,14.99607,0,2613,1,1
3039,7,2026-08-24 14:07:41.080671-04,20.948,13.996404,0,2643,1,1
3040,7,2026-08-24 14:07:42.080691-04,20.946,12.994413,0,2673,1,1
3041,7,2026-08-24 14:07:43.077045-04,20.947,11.996872,0,2703,1,1
3042,7,2026-08-24 14:07:44.0801-04,20.941,10.994046,0,2733,1,1
3043,7,2026-08-24 14:07:45.080254-04,20.941,9.995498,0,2763,1,1
3044,7,2026-08-24 14:07:46.079316-04,20.94,8.993383,0,2793,1,1
3045,7,2026-08-24 14:07:47.080611-04,20.94,7.993152,0,2823,1,1
3046,7,2026-08-24 14:07:48.080754-04,20.94,13.009524,0,2853,1,1
3047,7,2026-08-24 14:07:49.079259-04,20.94,12.010829,0,2883,1,1
3048,7,2026-08-24 14:07:50.080437-04,20.93,11.01048,0,2913,1,1
3049,7,2026-08-24 14:07:51.078855-04,20.929,10.009661,0,2943,1,1
3050,7,2026-08-24 14:07:52.08005-04,20.929,9.008971,0,2973,1,1
3051,7,2026-08-24 14:07:53.077008-04,20.929,14.003794,0,3003,1,1
3052,7,2026-08-24 14:07:54.079353-04,20.931,13.00604,0,3033,1,1
3053,7,2026-08-24 14:07:55.077113-04,20.932,12.007623,0,3063,1,1
3054,7,2026-08-24 14:07:56.079203-04,20.926,17.022072,0,3093,1,1
3055,7,2026-08-24 14:07:57.080442-04,20.925,16.021488,0,3123,1,1
3056,7,2026-08-24 14:07:58.080428-04,20.925,15.021796,0,3153,1,1
3057,7,2026-08-24 14:07:59.080415-04,20.924,14.020422,0,3183,1,1
3058,7,2026-08-24 14:08:00.079066-04,20.925,13.021818,0,3213,1,1
3059,7,2026-08-24 14:08:01.075695-04,20.924,12.022021,0,3243,1,1
3060,7,2026-08-24 14:08:02.079628-04,20.939,11.019581,0,3273,1,1
3061,7,2026-08-24 14:08:03.080529-04,20.94,10.019804,0,3303,1,1
3062,7,2026-08-24 14:08:04.080991-04,20.94,9.020559,0,3333,1,1
3063,7,2026-08-24 14:08:05.082041-04,20.941,8.020817,0,3363,1,1
3064,7,2026-08-24 14:08:06.07918-04,20.939,13.015211,0,3393,1,1
3065,7,2026-08-24 14:08:07.076973-04,20.939,12.015005,0,3423,1,1
3066,7,2026-08-24 14:08:08.081204-04,20.935,11.016236,0,3453,1,1
3067,7,2026-08-24 14:08:09.080162-04,20.937,10.016676,0,3483,1,1
3068,7,2026-08-24 14:08:10.078897-04,20.936,9.01618,0,3513,1,1
3069,7,2026-08-24 14:08:11.076259-04,20.937,14.012395,0,3543,1,1
3070,7,2026-08-24 14:08:12.07845-04,20.935,13.010143,0,3573,1,1
3071,7,2026-08-24 14:08:13.078749-04,20.936,12.010897,0,3603,1,1
3072,7,2026-08-24 14:08:14.080038-04,20.929,11.010318,0,3633,1,1
3073,7,2026-08-24 14:08:15.080662-04,20.93,10.010924,0,3663,1,1
3074,7,2026-08-24 14:08:16.077911-04,20.928,9.009367,0,3693,1,1
3075,7,2026-08-24 14:08:17.078055-04,20.929,14.005318,0,3723,1,1
3076,7,2026-08-24 14:08:18.080944-04,20.929,13.003668,0,3753,1,1
3077,7,2026-08-24 14:08:19.080403-04,20.93,12.005444,0,3783,1,1
3078,7,2026-08-24 14:08:20.081101-04,20.946,17.020826,0,3813,1,1
3079,7,2026-08-24 14:08:21.07773-04,20.945,16.020529,0,3843,1,1
3080,7,2026-08-24 14:08:22.078382-04,20.944,15.019525,0,3873,1,1
3081,7,2026-08-24 14:08:23.080821-04,20.946,14.020543,0,3903,1,1
3082,7,2026-08-24 14:08:24.079812-04,20.946,13.022252,0,3933,1,1
3083,7,2026-08-24 14:08:25.07708-04,20.949,12.02455,0,3963,1,1
3084,7,2026-08-24 14:08:26.078224-04,20.941,16.9902,0,3993,1,1
3085,7,2026-08-24 14:08:27.078899-04,20.941,15.989559,0,4023,1,1
3086,7,2026-08-24 14:08:28.077914-04,20.94,14.987865,0,4053,1,1
3087,7,2026-08-24 14:08:29.080902-04,20.939,13.987365,0,4083,1,1
3088,7,2026-08-24 14:08:30.085891-04,20.939,12.987491,0,4113,1,1
3089,7,2026-08-24 14:08:31.076444-04,20.939,11.988653,0,4143,1,1
3090,7,2026-08-24 14:08:32.078444-04,20.934,16.982374,0,4173,1,1
3091,7,2026-08-24 14:08:33.07922-04,20.934,15.981876,0,4203,1,1
3092,7,2026-08-24 14:08:34.079281-04,20.935,14.984782,0,4233,1,1
3093,7,2026-08-24 14:08:35.080059-04,20.935,13.983615,0,4263,1,1
3094,7,2026-08-24 14:08:36.077168-04,20.934,12.982598,0,4293,1,1
3095,7,2026-08-24 14:08:37.076797-04,20.935,11.984033,0,4323,1,1
3096,7,2026-08-24 14:08:38.079834-04,20.923,10.983319,0,4353,1,1
3097,7,2026-08-24 14:08:39.079836-04,20.926,9.984405,0,4383,1,1
3098,7,2026-08-24 14:08:40.078566-04,20.926,15.001144,0,4413,1,1
3099,7,2026-08-24 14:08:41.077359-04,20.926,14.000743,0,4443,1,1
3100,7,2026-08-24 14:08:42.080065-04,20.924,13.000059,0,4473,1,1
3101,7,2026-08-24 14:08:43.077308-04,20.925,12.001616,0,4503,1,1
3102,7,2026-08-24 14:08:44.082189-04,20.918,10.999353,0,4533,1,1
3103,7,2026-08-24 14:08:45.079709-04,20.919,9.999684,0,4563,1,1
3104,7,2026-08-24 14:08:46.076665-04,20.918,8.998817,0,4593,1,1
3105,7,2026-08-24 14:08:47.080107-04,20.919,14.015678,0,4623,1,1
3106,7,2026-08-24 14:08:48.079611-04,20.917,13.014275,0,4653,1,1
3107,7,2026-08-24 14:08:49.07714-04,20.919,12.016911,0,4683,1,1
3108,7,2026-08-24 14:08:50.080259-04,20.913,11.015634,0,4713,1,1
3109,7,2026-08-24 14:08:51.076475-04,20.913,10.016155,0,4743,1,1
3110,7,2026-08-24 14:08:52.078881-04,20.913,9.014731,0,4773,1,1
3111,7,2026-08-24 14:08:53.07673-04,20.914,14.010682,0,4803,1,1
3112,7,2026-08-24 14:08:54.084342-04,20.915,13.011922,0,4833,1,1
3113,7,2026-08-24 14:08:55.078256-04,20.916,12.013119,0,4863,1,1
3114,7,2026-08-24 14:08:56.078456-04,20.93,11.011484,0,4893,1,1
3115,7,2026-08-24 14:08:57.080587-04,20.93,16.026762,0,4923,1,1
3116,7,2026-08-24 14:08:58.078778-04,20.929,15.026119,0,4953,1,1
3117,7,2026-08-24 14:08:59.081123-04,20.93,14.025761,0,4983,1,1
3118,7,2026-08-24 14:09:00.080033-04,20.929,13.025877,0,5013,1,1
3119,7,2026-08-24 14:09:01.07852-04,20.929,12.026154,0,5043,1,1
3120,7,2026-08-24 14:09:02.080472-04,20.944,16.993385,0,5073,1,1
3121,7,2026-08-24 14:09:03.080227-04,20.944,15.993206,0,5103,1,1
3122,7,2026-08-24 14:09:04.081539-04,20.945,14.994462,0,5133,1,1
3123,7,2026-08-24 14:09:05.08007-04,20.946,13.994839,0,5163,1,1
3124,7,2026-08-24 14:09:06.076619-04,20.944,12.994467,0,5193,1,1
3125,7,2026-08-24 14:09:07.077154-04,20.945,11.994863,0,5223,1,1
3126,7,2026-08-24 14:09:08.076929-04,20.94,17.011099,0,5253,1,1
3127,7,2026-08-24 14:09:09.077983-04,20.941,16.011724,0,5283,1,1
3128,7,2026-08-24 14:09:10.077579-04,20.941,15.011293,0,5313,1,1
3129,7,2026-08-24 14:09:11.079513-04,20.942,14.012038,0,5343,1,1
3130,7,2026-08-24 14:09:12.07987-04,20.939,13.009924,0,5373,1,1
3131,7,2026-08-24 14:09:13.076376-04,20.941,12.012221,0,5403,1,1
3132,7,2026-08-24 14:09:14.079628-04,20.929,17.004665,0,5433,1,1
3133,7,2026-08-24 14:09:15.0779-04,20.929,16.005003,0,5463,1,1
3134,7,2026-08-24 14:09:16.077207-04,20.928,15.004168,0,5493,1,1
3135,7,2026-08-24 14:09:17.079326-04,20.928,14.005318,0,5523,1,1
3136,7,2026-08-24 14:09:18.07893-04,20.928,13.00361,0,5553,1,1
3137,7,2026-08-24 14:09:19.076586-04,20.93,12.00635,0,5583,1,1
3138,7,2026-08-24 14:09:20.076694-04,20.924,17.021193,0,5613,1,1
3139,7,2026-08-24 14:09:21.079681-04,20.923,16.019894,0,5643,1,1
3140,7,2026-08-24 14:09:22.079171-04,20.923,15.020158,0,5673,1,1
3141,7,2026-08-24 14:09:23.079976-04,20.923,14.020594,0,5703,1,1
3142,7,2026-08-24 14:09:24.080189-04,20.923,13.020619,0,5733,1,1
3143,7,2026-08-24 14:09:25.076756-04,20.925,12.02365,0,5763,1,1
3144,7,2026-08-24 14:09:26.076978-04,20.941,11.022175,0,5793,1,1
3145,7,2026-08-24 14:09:27.079623-04,20.942,16.01745,0,5823,1,1
3146,7,2026-08-24 14:09:28.078499-04,20.941,15.016405,0,5853,1,1
3147,7,2026-08-24 14:09:29.07678-04,20.94,14.015554,0,5883,1,1
3148,7,2026-08-24 14:09:30.08131-04,20.939,13.014656,0,5913,1,1
3149,7,2026-08-24 14:09:31.080236-04,20.939,12.015357,0,5943,1,1
3150,7,2026-08-24 14:09:32.081865-04,20.933,11.013753,0,5973,1,1
3151,7,2026-08-24 14:09:33.079412-04,20.933,10.014246,0,6003,1,1
3152,7,2026-08-24 14:09:34.079925-04,20.934,15.010142,0,6033,1,1
3153,7,2026-08-24 14:09:35.079945-04,20.934,14.010055,0,6063,1,1
3154,7,2026-08-24 14:09:36.079287-04,20.933,13.009233,0,6093,1,1
3155,7,2026-08-24 14:09:37.07634-04,20.934,12.010554,0,6123,1,1
3156,7,2026-08-24 14:09:38.077739-04,20.929,11.010317,0,6153,1,1
3157,7,2026-08-24 14:09:39.082792-04,20.931,10.011711,0,6183,1,1
3158,7,2026-08-24 14:09:40.077116-04,20.93,9.012546,0,6213,1,1
3159,7,2026-08-24 14:09:41.079742-04,20.93,14.006099,0,6243,1,1
3160,7,2026-08-24 14:09:42.076246-04,20.929,13.006308,0,6273,1,1
3161,7,2026-08-24 14:09:43.075825-04,20.93,12.006872,0,6303,1,1
3162,7,2026-08-24 14:09:44.076268-04,20.945,11.004422,0,6333,1,1
3163,7,2026-08-24 14:09:45.079499-04,20.945,10.004878,0,6363,1,1
3164,7,2026-08-24 14:09:46.076512-04,20.943,9.004189,0,6393,1,1
3165,7,2026-08-24 14:09:47.082313-04,20.945,14.000271,0,6423,1,1
3166,7,2026-08-24 14:09:48.078198-04,20.944,12.99803,0,6453,1,1
3167,7,2026-08-24 14:09:49.076755-04,20.944,11.999862,0,6483,1,1
3168,7,2026-08-24 14:09:50.080359-04,20.94,10.999801,0,6513,1,1
3169,7,2026-08-24 14:09:51.076705-04,20.939,9.998994,0,6543,1,1
3170,7,2026-08-24 14:09:52.079575-04,20.939,8.999033,0,6573,1,1
3171,7,2026-08-24 14:09:53.080016-04,20.939,14.015133,0,6603,1,1
3172,7,2026-08-24 14:09:54.078621-04,20.941,13.01799,0,6633,1,1
3173,7,2026-08-24 14:09:55.077113-04,20.942,12.019243,0,6663,1,1
3174,7,2026-08-24 14:09:56.07944-04,20.934,11.015652,0,6693,1,1
3175,7,2026-08-24 14:09:57.080357-04,20.935,10.01582,0,6723,1,1
3176,7,2026-08-24 14:09:58.078648-04,20.934,9.015514,0,6753,1,1
3177,7,2026-08-24 14:09:59.079052-04,20.935,13.985155,0,6783,1,1
3178,7,2026-08-24 14:10:00.08237-04,20.932,12.982638,0,6813,1,1
3179,7,2026-08-24 14:10:01.076774-04,20.928,11.982813,0,6843,1,1
3180,7,2026-08-24 14:10:02.079911-04,20.928,16.998564,0,6873,1,1
3181,7,2026-08-24 14:10:03.076217-04,20.927,15.999532,0,6903,1,1
3182,7,2026-08-24 14:10:04.076903-04,20.928,14.999785,0,6933,1,1
3183,7,2026-08-24 14:10:05.081322-04,20.93,14.000049,0,6963,1,1
3184,7,2026-08-24 14:10:06.080006-04,20.928,12.998519,0,6993,1,1
3185,7,2026-08-24 14:10:07.077591-04,20.928,11.999607,0,7023,1,1
3186,7,2026-08-24 14:10:08.078354-04,20.917,17.015596,0,7053,1,1
3187,7,2026-08-24 14:10:09.079825-04,20.918,16.015905,0,7083,1,1
3188,7,2026-08-24 14:10:10.07662-04,20.918,15.015767,0,7113,1,1
3189,7,2026-08-24 14:10:11.077958-04,20.919,14.016982,0,7143,1,1
3190,7,2026-08-24 14:10:12.077856-04,20.919,13.017105,0,7173,1,1
3191,7,2026-08-24 14:10:13.075715-04,20.919,12.017,0,7203,1,1
3192,7,2026-08-24 14:10:14.080674-04,20.912,16.983183,0,7233,1,1
3193,7,2026-08-24 14:10:15.080173-04,20.913,15.983971,0,7263,1,1
3194,7,2026-08-24 14:10:16.076031-04,20.911,14.983246,0,7293,1,1
3195,7,2026-08-24 14:10:17.079914-04,20.912,13.982666,0,7323,1,1
3196,7,2026-08-24 14:10:18.079126-04,20.912,12.982013,0,7353,1,1
3197,7,2026-08-24 14:10:19.077131-04,20.912,11.984561,0,7383,1,1
3198,7,2026-08-24 14:10:20.079518-04,20.928,16.999825,0,7413,1,1
3199,7,2026-08-24 14:10:21.077959-04,20.928,15.998823,0,7443,1,1
3200,7,2026-08-24 14:10:22.079179-04,20.928,14.999596,0,7473,1,1
3201,7,2026-08-24 14:10:23.079404-04,20.928,13.998956,0,7503,1,1
3202,7,2026-08-24 14:10:24.07933-04,20.929,13.000953,0,7533,1,1
3203,7,2026-08-24 14:10:25.077672-04,20.931,12.003061,0,7563,1,1
3204,7,2026-08-24 14:10:26.078244-04,20.919,16.996721,0,7593,1,1
3205,7,2026-08-24 14:10:27.080189-04,20.918,15.995345,0,7623,1,1
3206,7,2026-08-24 14:10:28.080155-04,20.919,14.995086,0,7653,1,1
3207,7,2026-08-24 14:10:29.077005-04,20.919,13.995859,0,7683,1,1
3208,7,2026-08-24 14:10:30.079276-04,20.917,12.994164,0,7713,1,1
3209,7,2026-08-24 14:10:31.075461-04,20.917,11.994263,0,7743,1,1
3210,7,2026-08-24 14:10:32.076871-04,20.911,17.008392,0,7773,1,1
3211,7,2026-08-24 14:10:33.077536-04,20.911,16.009785,0,7803,1,1
3212,7,2026-08-24 14:10:34.078313-04,20.912,15.010356,0,7833,1,1
3213,7,2026-08-24 14:10:35.075801-04,20.913,14.010794,0,7863,1,1
3214,7,2026-08-24 14:10:36.076841-04,20.912,13.009769,0,7893,1,1
3215,7,2026-08-24 14:10:37.075405-04,20.911,12.010656,0,7923,1,1
3216,7,2026-08-24 14:10:38.085131-04,20.927,11.008649,0,7953,1,1
3217,7,2026-08-24 14:10:39.077761-04,20.93,10.011823,0,7983,1,1
3218,7,2026-08-24 14:10:40.076495-04,20.929,15.006127,0,8013,1,1
3219,7,2026-08-24 14:10:41.078461-04,20.929,14.006044,0,8043,1,1
3220,7,2026-08-24 14:10:42.082668-04,20.928,13.004896,0,8073,1,1
3221,7,2026-08-24 14:10:43.076799-04,20.929,12.006719,0,8103,1,1
3222,7,2026-08-24 14:10:44.080274-04,20.923,11.004085,0,8133,1,1
3223,7,2026-08-24 14:10:45.078849-04,20.924,10.004789,0,8163,1,1
3224,7,2026-08-24 14:10:46.07802-04,20.921,9.003578,0,8193,1,1
3225,7,2026-08-24 14:10:47.079625-04,20.922,13.999281,0,8223,1,1
3226,7,2026-08-24 14:10:48.079576-04,20.921,12.998233,0,8253,1,1
3227,7,2026-08-24 14:10:49.075666-04,20.923,12.000547,0,8283,1,1
3228,7,2026-08-24 14:10:50.077089-04,20.939,16.994434,0,8313,1,1
3229,7,2026-08-24 14:10:51.07833-04,20.938,15.993607,0,8343,1,1
3230,7,2026-08-24 14:10:52.078956-04,20.938,14.993673,0,8373,1,1
3231,7,2026-08-24 14:10:53.078814-04,20.938,13.99373,0,8403,1,1
3232,7,2026-08-24 14:10:54.079189-04,20.94,12.995414,0,8433,1,1
3233,7,2026-08-24 14:10:55.074934-04,20.942,11.998118,0,8463,1,1
3234,7,2026-08-24 14:10:56.076044-04,20.913,10.994998,0,8493,1,1
3235,7,2026-08-24 14:10:57.07745-04,20.914,9.995866,0,8523,1,1
3236,7,2026-08-24 14:10:58.077319-04,20.912,15.010935,0,8553,1,1
3237,7,2026-08-24 14:10:59.077742-04,20.914,14.010854,0,8583,1,1
3238,7,2026-08-24 14:11:00.078383-04,20.911,13.009619,0,8613,1,1
3239,7,2026-08-24 14:11:01.07683-04,20.912,12.011493,0,8643,1,1
3240,7,2026-08-24 14:11:02.078059-04,20.927,11.009495,0,8673,1,1
3241,7,2026-08-24 14:11:03.078175-04,20.927,10.008804,0,8703,1,1
3242,7,2026-08-24 14:11:04.076348-04,20.927,9.009611,0,8733,1,1
3243,7,2026-08-24 14:11:05.076463-04,20.928,13.999288,0,8763,1,1
3244,7,2026-08-24 14:11:06.078267-04,20.928,12.999164,0,8793,1,1
3245,8,2026-08-24 14:19:01.555128-04,20.252,17.36365,2,24,1,1.05
3246,8,2026-08-24 14:19:02.555023-04,20.203,16.31504,3,55,1,1.05
3247,8,2026-08-24 14:19:03.554492-04,20.152,15.264386,7,86,1,1.05
3248,8,2026-08-24 14:19:04.55383-04,20.111,14.223349,10,118,1,1.05
3249,8,2026-08-24 14:19:05.553737-04,20.06,13.173411,12,149,1,1.05
3250,8,2026-08-24 14:19:06.555308-04,20.007,12.119319,14,181,1,1.05
3251,8,2026-08-24 14:19:07.55287-04,19.972,17.041504,16,213,1,1.05
3252,8,2026-08-24 14:19:08.553613-04,19.936,16.004868,17,244,1,1
3253,8,2026-08-24 14:19:09.553013-04,19.937,15.005947,17,274,1,1
3254,8,2026-08-24 14:19:10.55459-04,19.936,14.005696,17,304,1,1
3255,8,2026-08-24 14:19:11.553905-04,19.936,13.004759,17,334,1,1
3256,8,2026-08-24 14:19:12.557268-04,19.936,12.006554,17,364,1,1
3257,8,2026-08-24 14:19:13.552082-04,19.931,17.023224,17,394,1,1
3258,8,2026-08-24 14:19:14.554271-04,19.933,16.023745,17,424,1,1
3259,8,2026-08-24 14:19:15.554136-04,19.933,15.022892,17,454,1,1
3260,8,2026-08-24 14:19:16.553231-04,19.93,14.02065,17,484,1,1
3261,8,2026-08-24 14:19:17.553475-04,19.924,13.013882,18,514,1,1
3262,8,2026-08-24 14:19:18.554596-04,19.925,12.015815,18,544,1,1
3263,8,2026-08-24 14:19:19.554879-04,19.92,11.015189,18,574,1,1
3264,8,2026-08-24 14:19:20.552807-04,19.92,10.01599,18,604,1,1
3265,8,2026-08-24 14:19:21.554374-04,19.92,9.014736,18,634,1,1
3266,8,2026-08-24 14:19:22.553832-04,19.92,14.030745,18,664,1,1
3267,8,2026-08-24 14:19:23.554849-04,19.919,13.029826,18,694,1,1
3268,8,2026-08-24 14:19:24.553254-04,19.918,12.031375,18,724,1,1
3269,8,2026-08-24 14:19:25.55448-04,19.913,11.029257,18,754,1,1
3270,8,2026-08-24 14:19:26.553394-04,19.912,10.028262,18,784,1,1
3271,8,2026-08-24 14:19:27.554346-04,19.912,9.02854,18,814,1,1
3272,8,2026-08-24 14:19:28.553872-04,19.913,13.998346,18,844,1,1
3273,8,2026-08-24 14:19:29.554452-04,19.914,12.999049,18,874,1,1
3274,8,2026-08-24 14:19:30.553324-04,19.915,12.00045,18,904,1,1
3275,8,2026-08-24 14:19:31.553412-04,19.927,10.996281,18,934,1,1
3276,8,2026-08-24 14:19:32.55365-04,19.929,9.997306,18,964,1,1
3277,8,2026-08-24 14:19:33.553694-04,19.93,8.999404,18,994,1,1
3278,8,2026-08-24 14:19:34.554962-04,19.929,13.992587,18,1024,1,1
3279,8,2026-08-24 14:19:35.55304-04,19.931,12.994205,18,1054,1,1
3280,8,2026-08-24 14:19:36.554427-04,19.93,11.993931,18,1084,1,1
3281,8,2026-08-24 14:19:37.554718-04,19.92,10.993531,18,1114,1,1
3282,8,2026-08-24 14:19:38.553892-04,19.918,9.992726,18,1144,1,1
3283,8,2026-08-24 14:19:39.556385-04,19.918,8.993001,18,1174,1,1
3284,8,2026-08-24 14:19:40.553533-04,19.918,14.00754,18,1204,1,1
3285,8,2026-08-24 14:19:41.553959-04,19.918,13.008072,18,1234,1,1
3286,8,2026-08-24 14:19:42.552145-04,19.917,12.007858,18,1264,1,1
3287,8,2026-08-24 14:19:43.552691-04,19.912,11.007643,18,1294,1,1
3288,8,2026-08-24 14:19:44.557535-04,19.914,10.010341,18,1324,1,1
3289,8,2026-08-24 14:19:45.555484-04,19.912,9.007164,18,1353,1,1
3290,8,2026-08-24 14:19:46.55637-04,19.911,8.007435,18,1383,1,1
3291,8,2026-08-24 14:19:47.554332-04,19.912,13.002563,18,1413,1,1
3292,8,2026-08-24 14:19:48.557634-04,19.914,12.005976,18,1443,1,1
3293,8,2026-08-24 14:19:49.557947-04,19.908,11.002897,18,1473,1,1
3294,8,2026-08-24 14:19:50.554477-04,19.909,16.0211,18,1503,1,1
3295,8,2026-08-24 14:19:51.554484-04,19.908,15.019643,18,1533,1,1
3296,8,2026-08-24 14:19:52.554393-04,19.908,14.02056,18,1563,1,1
3297,8,2026-08-24 14:19:53.554796-04,19.907,13.018303,18,1593,1,1
3298,8,2026-08-24 14:19:54.556676-04,19.907,12.020269,18,1623,1,1
3299,8,2026-08-24 14:19:55.559916-04,19.922,17.012794,18,1653,1,1
3300,8,2026-08-24 14:19:56.554175-04,19.922,16.014215,18,1683,1,1
3301,8,2026-08-24 14:19:57.552084-04,19.922,15.012745,18,1713,1,1
3302,8,2026-08-24 14:19:58.553635-04,19.923,14.014506,18,1743,1,1
3303,8,2026-08-24 14:19:59.555191-04,19.925,13.015057,18,1773,1,1
3304,8,2026-08-24 14:20:00.555803-04,19.923,12.015328,18,1803,1,1
3305,8,2026-08-24 14:20:01.554513-04,19.917,17.007355,18,1833,1,1
3306,8,2026-08-24 14:20:02.555096-04,19.918,16.007858,18,1863,1,1
3307,8,2026-08-24 14:20:03.553116-04,19.92,15.009386,18,1893,1,1
3308,8,2026-08-24 14:20:04.555547-04,19.919,14.010035,18,1923,1,1
3309,8,2026-08-24 14:20:05.553858-04,19.919,13.009697,18,1953,1,1
3310,8,2026-08-24 14:20:06.552458-04,19.919,12.010512,18,1983,1,1
3311,8,2026-08-24 14:20:07.553398-04,19.913,17.02466,18,2013,1,1
3312,8,2026-08-24 14:20:08.552885-04,19.912,16.024454,18,2043,1,1
3313,8,2026-08-24 14:20:09.554317-04,19.912,15.023742,18,2073,1,1
3314,8,2026-08-24 14:20:10.557193-04,19.912,14.023892,18,2103,1,1
3315,8,2026-08-24 14:20:11.554702-04,19.911,13.022532,18,2133,1,1
3316,8,2026-08-24 14:20:12.555376-04,19.912,12.023673,18,2163,1,1
3317,8,2026-08-24 14:20:13.554805-04,19.928,17.019196,18,2193,1,1
3318,8,2026-08-24 14:20:14.554621-04,19.929,16.020111,18,2223,1,1
3319,8,2026-08-24 14:20:15.554085-04,19.93,15.02068,18,2253,1,1
3320,8,2026-08-24 14:20:16.555735-04,19.927,14.01729,18,2283,1,1
3321,8,2026-08-24 14:20:17.555669-04,19.929,13.019439,18,2313,1,1
3322,8,2026-08-24 14:20:18.555542-04,19.929,12.020665,18,2343,1,1
3323,8,2026-08-24 14:20:19.557395-04,19.925,17.036346,18,2373,1,1
3324,8,2026-08-24 14:20:20.554464-04,19.925,16.037113,18,2403,1,1
3325,8,2026-08-24 14:20:21.556152-04,19.924,15.034682,18,2433,1,1
3326,8,2026-08-24 14:20:22.558833-04,19.925,14.035737,18,2463,1,1
3327,8,2026-08-24 14:20:23.554327-04,19.923,13.034049,18,2493,1,1
3328,8,2026-08-24 14:20:24.55368-04,19.923,12.036363,18,2523,1,1
3329,8,2026-08-24 14:20:25.553844-04,19.938,17.001572,18,2553,1,1
3330,8,2026-08-24 14:20:26.552665-04,19.939,16.003181,18,2583,1,1
3331,8,2026-08-24 14:20:27.553932-04,19.938,15.001888,18,2613,1,1
3332,8,2026-08-24 14:20:28.55364-04,19.939,14.003388,18,2643,1,1
3333,8,2026-08-24 14:20:29.555426-04,19.94,13.003509,18,2673,1,1
3334,8,2026-08-24 14:20:30.552271-04,19.941,12.006173,18,2703,1,1
3335,8,2026-08-24 14:20:31.553358-04,19.932,11.001891,18,2733,1,1
3336,8,2026-08-24 14:20:32.553692-04,19.934,10.002643,18,2763,1,1
3337,8,2026-08-24 14:20:33.553428-04,19.936,9.004001,18,2793,1,1
3338,8,2026-08-24 14:20:34.552342-04,19.935,8.004963,18,2823,1,1
3339,8,2026-08-24 14:20:35.556263-04,19.935,7.003745,18,2853,1,1
3340,8,2026-08-24 14:20:36.55446-04,19.935,12.021104,18,2883,1,1
3341,8,2026-08-24 14:20:37.557844-04,19.923,11.01783,18,2913,1,1
3342,8,2026-08-24 14:20:38.555421-04,19.923,10.019331,18,2943,1,1
3343,8,2026-08-24 14:20:39.555382-04,19.922,9.017634,18,2973,1,1
3344,8,2026-08-24 14:20:40.553654-04,19.923,14.013394,18,3003,1,1
3345,8,2026-08-24 14:20:41.554615-04,19.922,13.01268,18,3033,1,1
3346,8,2026-08-24 14:20:42.555175-04,19.922,12.013711,18,3063,1,1
3347,8,2026-08-24 14:20:43.553603-04,19.918,17.030159,18,3093,1,1
3348,8,2026-08-24 14:20:44.553604-04,19.919,16.031223,18,3123,1,1
3349,8,2026-08-24 14:20:45.554782-04,19.917,15.028147,18,3153,1,1
3350,8,2026-08-24 14:20:46.553084-04,19.916,14.029576,18,3183,1,1
3351,8,2026-08-24 14:20:47.553004-04,19.917,13.028914,18,3213,1,1
3352,8,2026-08-24 14:20:48.552618-04,19.919,12.032247,18,3243,1,1
3353,8,2026-08-24 14:20:49.55375-04,19.935,11.031041,18,3273,1,1
3354,8,2026-08-24 14:20:50.553576-04,19.936,10.030923,18,3303,1,1
3355,8,2026-08-24 14:20:51.554593-04,19.934,9.029422,18,3333,1,1
3356,8,2026-08-24 14:20:52.556614-04,19.935,8.030362,18,3363,1,1
3357,8,2026-08-24 14:20:53.553329-04,19.933,7.029454,18,3393,1,1
3358,8,2026-08-24 14:20:54.552715-04,19.934,12.025557,18,3423,1,1
3359,8,2026-08-24 14:20:55.553029-04,19.927,11.02309,18,3453,1,1
3360,8,2026-08-24 14:20:56.552769-04,19.929,10.024882,18,3483,1,1
3361,8,2026-08-24 14:20:57.553617-04,19.927,9.022611,18,3513,1,1
3362,8,2026-08-24 14:20:58.553471-04,19.929,14.018931,18,3543,1,1
3363,8,2026-08-24 14:20:59.553354-04,19.93,13.021135,18,3573,1,1
3364,8,2026-08-24 14:21:00.552019-04,19.93,12.021741,18,3603,1,1
3365,8,2026-08-24 14:21:01.55256-04,19.922,11.018959,18,3633,1,1
3366,8,2026-08-24 14:21:02.554559-04,19.923,10.018687,18,3663,1,1
3367,8,2026-08-24 14:21:03.554127-04,19.921,9.018497,18,3693,1,1
3368,8,2026-08-24 14:21:04.555649-04,19.924,8.020584,18,3723,1,1
3369,8,2026-08-24 14:21:05.554331-04,19.924,13.014387,18,3753,1,1
3370,8,2026-08-24 14:21:06.552918-04,19.924,12.016054,18,3783,1,1
3371,8,2026-08-24 14:21:07.554625-04,19.938,17.02908,18,3813,1,1
3372,8,2026-08-24 14:21:08.554155-04,19.939,16.030027,18,3843,1,1
3373,8,2026-08-24 14:21:09.555303-04,19.938,15.028733,18,3873,1,1
3374,8,2026-08-24 14:21:10.556511-04,19.939,14.029931,18,3903,1,1
3375,8,2026-08-24 14:21:11.554344-04,19.938,13.028614,18,3933,1,1
3376,8,2026-08-24 14:21:12.555114-04,19.938,12.028778,18,3963,1,1
3377,8,2026-08-24 14:21:13.554717-04,19.934,16.997957,18,3993,1,1
3378,8,2026-08-24 14:21:14.555008-04,19.934,15.997979,18,4023,1,1
3379,8,2026-08-24 14:21:15.554211-04,19.934,14.998271,18,4053,1,1
3380,8,2026-08-24 14:21:16.555364-04,19.932,13.995566,18,4083,1,1
3381,8,2026-08-24 14:21:17.555176-04,19.934,12.9978,18,4113,1,1
3382,8,2026-08-24 14:21:18.554563-04,19.935,11.998409,18,4143,1,1
3383,8,2026-08-24 14:21:19.553831-04,19.929,16.992603,18,4173,1,1
3384,8,2026-08-24 14:21:20.554407-04,19.93,15.994435,18,4203,1,1
3385,8,2026-08-24 14:21:21.552974-04,19.929,14.99281,18,4233,1,1
3386,8,2026-08-24 14:21:22.553179-04,19.93,13.994059,18,4263,1,1
3387,8,2026-08-24 14:21:23.553676-04,19.928,12.992116,18,4293,1,1
3388,8,2026-08-24 14:21:24.552079-04,19.928,11.993399,18,4323,1,1
3389,8,2026-08-24 14:21:25.552896-04,19.917,10.991682,18,4353,1,1
3390,8,2026-08-24 14:21:26.55343-04,19.918,9.992878,18,4383,1,1
3391,8,2026-08-24 14:21:27.552529-04,19.916,8.991129,18,4413,1,1
3392,8,2026-08-24 14:21:28.552963-04,19.918,14.009077,18,4443,1,1
3393,8,2026-08-24 14:21:29.559815-04,19.918,13.009111,18,4473,1,1
3394,8,2026-08-24 14:21:30.553468-04,19.92,12.011462,18,4503,1,1
3395,8,2026-08-24 14:21:31.553765-04,19.912,11.008093,18,4533,1,1
3396,8,2026-08-24 14:21:32.552245-04,19.912,10.0092,18,4563,1,1
3397,8,2026-08-24 14:21:33.560754-04,19.913,9.009344,18,4593,1,1
3398,8,2026-08-24 14:21:34.552413-04,19.915,14.027926,18,4623,1,1
3399,8,2026-08-24 14:21:35.555524-04,19.913,13.025436,18,4653,1,1
3400,8,2026-08-24 14:21:36.552668-04,19.913,12.026336,18,4683,1,1
3401,8,2026-08-24 14:21:37.553443-04,19.908,11.025283,18,4713,1,1
3402,8,2026-08-24 14:21:38.553114-04,19.907,10.025416,18,4743,1,1
3403,8,2026-08-24 14:21:39.55505-04,19.906,9.023053,18,4773,1,1
3404,8,2026-08-24 14:21:40.557286-04,19.907,14.018763,18,4803,1,1
3405,8,2026-08-24 14:21:41.56148-04,19.906,13.019345,18,4833,1,1
3406,8,2026-08-24 14:21:42.555012-04,19.906,12.018039,18,4863,1,1
3407,8,2026-08-24 14:21:43.554888-04,19.923,11.019361,18,4893,1,1
3408,8,2026-08-24 14:21:44.55284-04,19.924,10.020282,18,4923,1,1
3409,8,2026-08-24 14:21:45.553304-04,19.923,15.035674,18,4953,1,1
3410,8,2026-08-24 14:21:46.556242-04,19.921,14.033083,18,4983,1,1
3411,8,2026-08-24 14:21:47.553609-04,19.923,13.035025,18,5013,1,1
3412,8,2026-08-24 14:21:48.553917-04,19.924,12.036984,18,5043,1,1
3413,8,2026-08-24 14:21:49.558476-04,19.939,17.003489,18,5073,1,1
3414,8,2026-08-24 14:21:50.553118-04,19.94,16.004269,18,5103,1,1
3415,8,2026-08-24 14:21:51.55285-04,19.939,15.002717,18,5133,1,1
3416,8,2026-08-24 14:21:52.553809-04,19.94,14.003807,18,5163,1,1
3417,8,2026-08-24 14:21:53.554041-04,19.938,13.002498,18,5193,1,1
3418,8,2026-08-24 14:21:54.555247-04,19.94,12.004692,18,5223,1,1
3419,8,2026-08-24 14:21:55.55519-04,19.932,17.016972,18,5253,1,1
3420,8,2026-08-24 14:21:56.552397-04,19.933,16.01897,18,5283,1,1
3421,8,2026-08-24 14:21:57.556606-04,19.932,15.017248,18,5313,1,1
3422,8,2026-08-24 14:21:58.557113-04,19.934,14.01904,18,5343,1,1
3423,8,2026-08-24 14:21:59.555148-04,19.936,13.021033,18,5373,1,1
3424,8,2026-08-24 14:22:00.554077-04,19.935,12.021462,18,5403,1,1
3425,8,2026-08-24 14:22:01.561289-04,19.921,17.011723,18,5433,1,1
3426,8,2026-08-24 14:22:02.556915-04,19.923,16.01377,18,5463,1,1
3427,8,2026-08-24 14:22:03.554731-04,19.924,15.014654,18,5493,1,1
3428,8,2026-08-24 14:22:04.55701-04,19.924,14.015314,18,5523,1,1
3429,8,2026-08-24 14:22:05.554271-04,19.924,13.014944,18,5553,1,1
3430,8,2026-08-24 14:22:06.55395-04,19.924,12.015899,18,5583,1,1
3431,8,2026-08-24 14:22:07.552051-04,19.918,17.029835,18,5613,1,1
3432,8,2026-08-24 14:22:08.5556-04,19.917,16.0296,18,5643,1,1
3433,8,2026-08-24 14:22:09.55366-04,19.917,15.029205,18,5673,1,1
3434,8,2026-08-24 14:22:10.552661-04,19.916,14.029522,18,5703,1,1
3435,8,2026-08-24 14:22:11.552094-04,19.916,13.029133,18,5733,1,1
3436,8,2026-08-24 14:22:12.552332-04,19.916,12.029243,18,5763,1,1
3437,8,2026-08-24 14:22:13.553818-04,19.934,11.030018,18,5793,1,1
3438,8,2026-08-24 14:22:14.55605-04,19.936,16.027431,18,5823,1,1
3439,8,2026-08-24 14:22:15.552457-04,19.935,15.026242,18,5853,1,1
3440,8,2026-08-24 14:22:16.553006-04,19.933,14.023777,18,5883,1,1
3441,8,2026-08-24 14:22:17.561535-04,19.933,13.025278,18,5913,1,1
3442,8,2026-08-24 14:22:18.552509-04,19.935,12.026567,18,5943,1,1
3443,8,2026-08-24 14:22:19.552968-04,19.93,11.027323,18,5973,1,1
3444,8,2026-08-24 14:22:20.555768-04,19.93,10.026165,18,6003,1,1
3445,8,2026-08-24 14:22:21.554121-04,19.928,9.023803,18,6033,1,1
3446,8,2026-08-24 14:22:22.55293-04,19.929,14.019773,18,6063,1,1
3447,8,2026-08-24 14:22:23.553244-04,19.928,13.01877,18,6093,1,1
3448,8,2026-08-24 14:22:24.554628-04,19.928,12.020139,18,6123,1,1
3449,8,2026-08-24 14:22:25.553313-04,19.922,11.018037,18,6153,1,1
3450,8,2026-08-24 14:22:26.553297-04,19.923,10.01889,18,6183,1,1
3451,8,2026-08-24 14:22:27.55358-04,19.921,9.017172,18,6213,1,1
3452,8,2026-08-24 14:22:28.557525-04,19.923,8.01933,18,6243,1,1
3453,8,2026-08-24 14:22:29.553649-04,19.924,13.015309,18,6273,1,1
3454,8,2026-08-24 14:22:30.55323-04,19.925,12.01645,18,6303,1,1
3455,8,2026-08-24 14:22:31.554326-04,19.938,11.014143,18,6333,1,1
3456,8,2026-08-24 14:22:32.554593-04,19.939,10.013517,18,6363,1,1
3457,8,2026-08-24 14:22:33.552785-04,19.94,9.016102,18,6393,1,1
3458,8,2026-08-24 14:22:34.553554-04,19.94,14.009316,18,6423,1,1
3459,8,2026-08-24 14:22:35.553129-04,19.94,13.009086,18,6453,1,1
3460,8,2026-08-24 14:22:36.552785-04,19.941,12.011004,18,6483,1,1
3461,8,2026-08-24 14:22:37.553208-04,19.934,11.008787,18,6513,1,1
3462,8,2026-08-24 14:22:38.552769-04,19.934,10.008568,18,6543,1,1
3463,8,2026-08-24 14:22:39.55344-04,19.933,9.008378,18,6573,1,1
3464,8,2026-08-24 14:22:40.554119-04,19.932,14.023201,18,6603,1,1
3465,8,2026-08-24 14:22:41.553208-04,19.932,13.023097,18,6633,1,1
3466,8,2026-08-24 14:22:42.55767-04,19.932,12.024407,18,6663,1,1
3467,8,2026-08-24 14:22:43.554173-04,19.928,11.024572,18,6693,1,1
3468,8,2026-08-24 14:22:44.552964-04,19.93,10.025854,18,6723,1,1
3469,8,2026-08-24 14:22:45.554871-04,19.929,9.025634,18,6753,1,1
3470,8,2026-08-24 14:22:46.566259-04,19.93,13.995346,18,6783,1,1
3471,8,2026-08-24 14:22:47.555673-04,19.927,12.991531,18,6813,1,1
3472,8,2026-08-24 14:22:48.555089-04,19.929,11.995055,18,6843,1,1
3473,8,2026-08-24 14:22:49.56817-04,19.924,17.00966,18,6873,1,1
3474,8,2026-08-24 14:22:50.555236-04,19.924,16.00955,18,6903,1,1
3475,8,2026-08-24 14:22:51.553832-04,19.924,15.009538,18,6933,1,1
3476,8,2026-08-24 14:22:52.554749-04,19.923,14.008953,18,6963,1,1
3477,8,2026-08-24 14:22:53.554719-04,19.922,13.007387,18,6993,1,1
3478,8,2026-08-24 14:22:54.554102-04,19.923,12.009108,18,7023,1,1
3479,8,2026-08-24 14:22:55.554823-04,19.91,17.022549,18,7053,1,1
3480,8,2026-08-24 14:22:56.552412-04,19.912,16.023848,18,7083,1,1
3481,8,2026-08-24 14:22:57.552812-04,19.911,15.024005,18,7113,1,1
3482,8,2026-08-24 14:22:58.554791-04,19.912,14.023846,18,7143,1,1
3483,8,2026-08-24 14:22:59.554226-04,19.913,13.025377,18,7173,1,1
3484,8,2026-08-24 14:23:00.555252-04,19.911,12.023769,18,7203,1,1
3485,8,2026-08-24 14:23:01.553598-04,19.909,16.99541,18,7233,1,1
3486,8,2026-08-24 14:23:02.553777-04,19.906,15.991891,18,7263,1,1
3487,8,2026-08-24 14:23:03.554234-04,19.908,14.993458,18,7293,1,1
3488,8,2026-08-24 14:23:04.554786-04,19.909,13.994676,18,7323,1,1
3489,8,2026-08-24 14:23:05.553456-04,19.907,12.992019,18,7353,1,1
3490,8,2026-08-24 14:23:06.558749-04,19.909,11.995121,18,7383,1,1
3491,8,2026-08-24 14:23:07.554321-04,19.922,17.008766,18,7413,1,1
3492,8,2026-08-24 14:23:08.554022-04,19.923,16.008085,18,7443,1,1
3493,8,2026-08-24 14:23:09.554615-04,19.921,15.006733,18,7473,1,1
3494,8,2026-08-24 14:23:10.556142-04,19.921,14.00789,18,7503,1,1
3495,8,2026-08-24 14:23:11.554395-04,19.921,13.006991,18,7533,1,1
3496,8,2026-08-24 14:23:12.557029-04,19.921,12.007531,18,7563,1,1
3497,8,2026-08-24 14:23:13.557971-04,19.912,17.002798,18,7593,1,1
3498,8,2026-08-24 14:23:14.55297-04,19.914,16.005442,18,7623,1,1
3499,8,2026-08-24 14:23:15.554257-04,19.913,15.004216,18,7653,1,1
3500,8,2026-08-24 14:23:16.5542-04,19.912,14.003096,18,7683,1,1
3501,8,2026-08-24 14:23:17.554201-04,19.911,13.00283,18,7713,1,1
3502,8,2026-08-24 14:23:18.560388-04,19.913,12.004639,18,7743,1,1
3503,8,2026-08-24 14:23:19.553733-04,19.908,17.020967,18,7773,1,1
3504,8,2026-08-24 14:23:20.554028-04,19.908,16.0203,18,7803,1,1
3505,8,2026-08-24 14:23:21.552222-04,19.907,15.020257,18,7833,1,1
3506,8,2026-08-24 14:23:22.553536-04,19.908,14.019885,18,7863,1,1
3507,8,2026-08-24 14:23:23.552931-04,19.906,13.018339,18,7893,1,1
3508,8,2026-08-24 14:23:24.553223-04,19.907,12.019843,18,7923,1,1
3509,8,2026-08-24 14:23:25.553229-04,19.921,11.017666,18,7953,1,1
3510,8,2026-08-24 14:23:26.554626-04,19.922,10.017933,18,7983,1,1
3511,8,2026-08-24 14:23:27.552292-04,19.921,9.017409,18,8013,1,1
3512,8,2026-08-24 14:23:28.553187-04,19.922,14.013273,18,8043,1,1
3513,8,2026-08-24 14:23:29.55266-04,19.924,13.015265,18,8073,1,1
3514,8,2026-08-24 14:23:30.553384-04,19.925,12.016626,18,8103,1,1
3515,8,2026-08-24 14:23:31.552005-04,19.919,11.016407,18,8133,1,1
3516,8,2026-08-24 14:23:32.554106-04,19.917,10.013169,18,8163,1,1
3517,8,2026-08-24 14:23:33.553759-04,19.919,9.014945,18,8193,1,1
3518,8,2026-08-24 14:23:34.552475-04,19.92,8.017065,18,8223,1,1
3519,8,2026-08-24 14:23:35.552706-04,19.919,13.010388,18,8253,1,1
3520,8,2026-08-24 14:23:36.554525-04,19.918,12.011319,18,8283,1,1
3521,8,2026-08-24 14:23:37.55187-04,19.934,17.004042,18,8313,1,1
3522,8,2026-08-24 14:23:38.557483-04,19.933,16.003906,18,8343,1,1
3523,8,2026-08-24 14:23:39.553301-04,19.933,15.003663,18,8373,1,1
3524,8,2026-08-24 14:23:40.556672-04,19.933,14.002227,18,8403,1,1
3525,8,2026-08-24 14:23:41.553142-04,19.932,13.001719,18,8433,1,1
3526,8,2026-08-24 14:23:42.552306-04,19.932,12.002009,18,8463,1,1
3527,8,2026-08-24 14:23:43.620633-04,19.906,11.004175,18,8493,1,1
3528,8,2026-08-24 14:23:44.554494-04,19.908,10.004569,18,8523,1,1
3529,8,2026-08-24 14:23:45.553771-04,19.91,9.005764,18,8553,1,1
3530,8,2026-08-24 14:23:46.553434-04,19.906,14.017859,18,8583,1,1
3531,8,2026-08-24 14:23:47.553274-04,19.906,13.018562,18,8613,1,1
3532,8,2026-08-24 14:23:48.553041-04,19.908,12.019932,18,8643,1,1
3533,8,2026-08-24 14:23:49.55605-04,19.924,11.021204,18,8673,1,1
3534,8,2026-08-24 14:23:50.551888-04,19.924,10.021185,18,8703,1,1
3535,8,2026-08-24 14:23:51.555296-04,19.924,9.021035,18,8733,1,1
3536,8,2026-08-24 14:23:52.551487-04,19.924,14.010002,18,8763,1,1
3537,8,2026-08-24 14:23:53.552962-04,19.923,13.008409,18,8793,1,1
3538,8,2026-08-24 14:23:54.55205-04,19.922,12.009821,18,8823,1,1
3539,9,2026-08-24 14:26:06.141788-04,23.091,17.405209,1,22,1,1.05
3540,9,2026-08-24 14:26:07.141206-04,23.044,16.358063,3,53,1,1.05
3541,9,2026-08-24 14:26:08.141549-04,22.994,15.309329,5,85,1,1.05
3542,9,2026-08-24 14:26:09.141355-04,22.947,14.262647,8,116,1,1.05
3543,9,2026-08-24 14:26:10.13882-04,22.901,13.21518,10,148,1,1.05
3544,9,2026-08-24 14:26:11.143042-04,22.844,12.160582,12,179,1,1.05
3545,9,2026-08-24 14:26:12.143575-04,22.813,17.085632,13,211,1,1.05
3546,9,2026-08-24 14:26:13.140539-04,22.767,16.038956,16,242,1,1.05
3547,9,2026-08-24 14:26:14.139401-04,22.724,14.995554,17,273,1,1
3548,9,2026-08-24 14:26:15.138836-04,22.723,13.995875,17,304,1,1
3549,9,2026-08-24 14:26:16.140164-04,22.723,12.994677,17,334,1,1
3550,9,2026-08-24 14:26:17.145392-04,22.724,11.996313,17,364,1,1
3551,9,2026-08-24 14:26:18.143044-04,22.719,17.011465,17,394,1,1
3552,9,2026-08-24 14:26:19.143673-04,22.72,16.012737,17,424,1,1
3553,9,2026-08-24 14:26:20.1424-04,22.72,15.012562,17,454,1,1
3554,9,2026-08-24 14:26:21.13951-04,22.72,14.013694,17,484,1,1
3555,9,2026-08-24 14:26:22.139726-04,22.719,13.011574,17,514,1,1
3556,9,2026-08-24 14:26:23.139957-04,22.718,12.012052,17,544,1,1
3557,9,2026-08-24 14:26:24.138813-04,22.713,11.010783,17,574,1,1
3558,9,2026-08-24 14:26:25.140282-04,22.712,10.011373,17,604,1,1
3559,9,2026-08-24 14:26:26.141069-04,22.713,9.01248,17,634,1,1
3560,9,2026-08-24 14:26:27.141141-04,22.715,8.012971,17,664,1,1
3561,9,2026-08-24 14:26:28.140105-04,22.714,13.028616,17,694,1,1
3562,9,2026-08-24 14:26:29.139126-04,22.716,12.030928,17,724,1,1
3563,9,2026-08-24 14:26:30.139878-04,22.707,11.027927,17,754,1,1
3564,9,2026-08-24 14:26:31.141093-04,22.707,10.026066,17,784,1,1
3565,9,2026-08-24 14:26:32.139881-04,22.707,9.027635,17,814,1,1
3566,9,2026-08-24 14:26:33.143385-04,22.707,8.026561,17,844,1,1
3567,9,2026-08-24 14:26:34.14038-04,22.708,7.027106,17,874,1,1
3568,9,2026-08-24 14:26:35.140969-04,22.708,11.996795,17,904,1,1
3569,9,2026-08-24 14:26:36.139998-04,22.725,10.997978,17,934,1,1
3570,9,2026-08-24 14:26:37.14035-04,22.726,9.998185,17,964,1,1
3571,9,2026-08-24 14:26:38.13908-04,22.723,8.994598,17,994,1,1
3572,9,2026-08-24 14:26:39.139994-04,22.722,7.994537,17,1024,1,1
3573,9,2026-08-24 14:26:40.137909-04,22.723,6.995431,17,1054,1,1
3574,9,2026-08-24 14:26:41.138469-04,22.723,11.990996,17,1084,1,1
3575,9,2026-08-24 14:26:42.139278-04,22.713,10.990891,17,1114,1,1
3576,9,2026-08-24 14:26:43.145083-04,22.712,9.989912,17,1144,1,1
3577,9,2026-08-24 14:26:44.140476-04,22.713,8.990053,17,1174,1,1
3578,9,2026-08-24 14:26:45.138975-04,22.715,7.993224,17,1204,1,1
3579,9,2026-08-24 14:26:46.141502-04,22.712,6.989422,17,1234,1,1
3580,9,2026-08-24 14:26:47.13978-04,22.712,12.006361,17,1264,1,1
3581,9,2026-08-24 14:26:48.140794-04,22.707,11.005922,17,1294,1,1
3582,9,2026-08-24 14:26:49.141434-04,22.707,10.006156,17,1324,1,1
3583,9,2026-08-24 14:26:50.140563-04,22.708,9.007302,17,1354,1,1
3584,9,2026-08-24 14:26:51.140781-04,22.707,8.005948,17,1384,1,1
3585,9,2026-08-24 14:26:52.141126-04,22.709,7.007342,17,1414,1,1
3586,9,2026-08-24 14:26:53.143342-04,22.71,12.004257,17,1444,1,1
3587,9,2026-08-24 14:26:54.141322-04,22.702,11.001209,17,1474,1,1
3588,9,2026-08-24 14:26:55.141602-04,22.701,9.999331,17,1504,1,1
3589,9,2026-08-24 14:26:56.140961-04,22.701,15.016474,17,1534,1,1
3590,9,2026-08-24 14:26:57.141849-04,22.701,14.016463,17,1564,1,1
3591,9,2026-08-24 14:26:58.143001-04,22.703,13.01743,17,1594,1,1
3592,9,2026-08-24 14:26:59.138924-04,22.702,12.01693,17,1624,1,1
3593,9,2026-08-24 14:27:00.139566-04,22.72,17.01354,17,1654,1,1
3594,9,2026-08-24 14:27:01.140952-04,22.72,16.013674,17,1684,1,1
3595,9,2026-08-24 14:27:02.140856-04,22.717,15.010991,17,1714,1,1
3596,9,2026-08-24 14:27:03.139581-04,22.717,14.011044,17,1744,1,1
3597,9,2026-08-24 14:27:04.138547-04,22.718,13.011439,17,1774,1,1
3598,9,2026-08-24 14:27:05.139618-04,22.717,12.012162,17,1804,1,1
3599,9,2026-08-24 14:27:06.140192-04,22.713,17.007154,17,1834,1,1
3600,9,2026-08-24 14:27:07.139322-04,22.713,16.006626,17,1864,1,1
3601,9,2026-08-24 14:27:08.143236-04,22.714,15.008248,17,1894,1,1
3602,9,2026-08-24 14:27:09.138699-04,22.715,14.00914,17,1924,1,1
3603,9,2026-08-24 14:27:10.138567-04,22.713,13.005649,17,1954,1,1
3604,9,2026-08-24 14:27:11.14034-04,22.711,12.00622,17,1984,1,1
3605,9,2026-08-24 14:27:12.141074-04,22.707,17.021181,17,2014,1,1
3606,9,2026-08-24 14:27:13.141347-04,22.707,16.021704,17,2044,1,1
3607,9,2026-08-24 14:27:14.141595-04,22.708,15.022497,17,2074,1,1
3608,9,2026-08-24 14:27:15.14181-04,22.706,14.021507,17,2104,1,1
3609,9,2026-08-24 14:27:16.140305-04,22.709,13.024016,17,2134,1,1
3610,9,2026-08-24 14:27:17.139555-04,22.71,12.026103,17,2164,1,1
3611,9,2026-08-24 14:27:18.143308-04,22.724,17.016956,17,2194,1,1
3612,9,2026-08-24 14:27:19.140467-04,22.722,16.016052,17,2224,1,1
3613,9,2026-08-24 14:27:20.140494-04,22.723,15.016971,17,2254,1,1
3614,9,2026-08-24 14:27:21.141716-04,22.723,14.016387,17,2284,1,1
3615,9,2026-08-24 14:27:22.141046-04,22.724,13.017724,17,2314,1,1
3616,9,2026-08-24 14:27:23.14114-04,22.724,12.018746,17,2344,1,1
3617,9,2026-08-24 14:27:24.139771-04,22.72,17.034801,17,2374,1,1
3618,9,2026-08-24 14:27:25.141184-04,22.72,16.034628,17,2404,1,1
3619,9,2026-08-24 14:27:26.139628-04,22.718,15.033348,17,2434,1,1
3620,9,2026-08-24 14:27:27.140168-04,22.717,14.031861,17,2464,1,1
3621,9,2026-08-24 14:27:28.144472-04,22.718,13.033053,17,2494,1,1
3622,9,2026-08-24 14:27:29.150054-04,22.718,12.033057,17,2524,1,1
3623,9,2026-08-24 14:27:30.139244-04,22.735,17.002043,17,2554,1,1
3624,9,2026-08-24 14:27:31.139628-04,22.735,16.001038,17,2584,1,1
3625,9,2026-08-24 14:27:32.139456-04,22.736,15.002033,17,2614,1,1
3626,9,2026-08-24 14:27:33.139173-04,22.737,14.003996,17,2644,1,1
3627,9,2026-08-24 14:27:34.139896-04,22.735,13.000831,17,2674,1,1
3628,9,2026-08-24 14:27:35.138114-04,22.733,12.000637,17,2704,1,1
3629,9,2026-08-24 14:27:36.140926-04,22.728,11.000177,17,2734,1,1
3630,9,2026-08-24 14:27:37.141311-04,22.729,10.000359,17,2764,1,1
3631,9,2026-08-24 14:27:38.140141-04,22.73,9.001047,17,2794,1,1
3632,9,2026-08-24 14:27:39.141232-04,22.729,8.000823,17,2824,1,1
3633,9,2026-08-24 14:27:40.139598-04,22.73,7.002787,17,2854,1,1
3634,9,2026-08-24 14:27:41.14074-04,22.732,6.004149,17,2884,1,1
3635,9,2026-08-24 14:27:42.141656-04,22.717,11.015518,17,2914,1,1
3636,9,2026-08-24 14:27:43.139291-04,22.717,10.016396,17,2944,1,1
3637,9,2026-08-24 14:27:44.139777-04,22.718,9.016309,17,2974,1,1
3638,9,2026-08-24 14:27:45.140056-04,22.718,8.016867,17,3004,1,1
3639,9,2026-08-24 14:27:46.141672-04,22.719,7.017452,17,3034,1,1
3640,9,2026-08-24 14:27:47.138385-04,22.718,12.013226,17,3064,1,1
3641,9,2026-08-24 14:27:48.139457-04,22.768,17.029448,17,3094,1,1
3642,9,2026-08-24 14:27:49.141971-04,22.769,16.030014,17,3124,1,1
3643,9,2026-08-24 14:27:50.13973-04,22.766,15.027759,17,3154,1,1
3644,9,2026-08-24 14:27:51.139861-04,22.765,14.026329,17,3184,1,1
3645,9,2026-08-24 14:27:52.147459-04,22.766,13.027398,17,3214,1,1
3646,9,2026-08-24 14:27:53.139435-04,22.766,12.027842,17,3244,1,1
3647,9,2026-08-24 14:27:54.138997-04,22.73,11.028837,17,3274,1,1
3648,9,2026-08-24 14:27:55.139833-04,22.729,10.028474,17,3304,1,1
3649,9,2026-08-24 14:27:56.139762-04,22.73,9.029119,17,3334,1,1
3650,9,2026-08-24 14:27:57.139736-04,22.731,8.030142,17,3364,1,1
3651,9,2026-08-24 14:27:58.139283-04,22.729,7.027895,17,3394,1,1
3652,9,2026-08-24 14:27:59.138185-04,22.728,6.028135,17,3424,1,1
3653,9,2026-08-24 14:28:00.140349-04,22.723,11.022349,17,3454,1,1
3654,9,2026-08-24 14:28:01.139171-04,22.723,10.022228,17,3484,1,1
3655,9,2026-08-24 14:28:02.138487-04,22.723,9.02119,17,3514,1,1
3656,9,2026-08-24 14:28:03.140996-04,22.724,8.023325,17,3544,1,1
3657,9,2026-08-24 14:28:04.140221-04,22.725,7.024404,17,3574,1,1
3658,9,2026-08-24 14:28:05.144786-04,22.725,12.019674,17,3604,1,1
3659,9,2026-08-24 14:28:06.142991-04,22.766,11.017547,17,3634,1,1
3660,9,2026-08-24 14:28:07.144482-04,22.765,10.016377,17,3664,1,1
3661,9,2026-08-24 14:28:08.143225-04,22.766,9.017041,17,3694,1,1
3662,9,2026-08-24 14:28:09.141806-04,22.766,8.016667,17,3724,1,1
3663,9,2026-08-24 14:28:10.14052-04,22.766,7.017137,17,3754,1,1
3664,9,2026-08-24 14:28:11.141884-04,22.766,12.012967,17,3784,1,1
3665,9,2026-08-24 14:28:12.142021-04,22.735,17.029188,17,3814,1,1
3666,9,2026-08-24 14:28:13.140661-04,22.735,16.029287,17,3844,1,1
3667,9,2026-08-24 14:28:14.143161-04,22.735,15.028601,17,3874,1,1
3668,9,2026-08-24 14:28:15.141025-04,22.733,14.026593,17,3904,1,1
3669,9,2026-08-24 14:28:16.140484-04,22.734,13.027369,17,3934,1,1
3670,9,2026-08-24 14:28:17.139847-04,22.733,12.028083,17,3964,1,1
3671,9,2026-08-24 14:28:18.140406-04,22.728,16.995323,17,3994,1,1
3672,9,2026-08-24 14:28:19.140577-04,22.73,15.996739,17,4024,1,1
3673,9,2026-08-24 14:28:20.139946-04,22.731,14.997761,17,4054,1,1
3674,9,2026-08-24 14:28:21.141226-04,22.729,13.995673,17,4084,1,1
3675,9,2026-08-24 14:28:22.140212-04,22.729,12.994714,17,4114,1,1
3676,9,2026-08-24 14:28:23.14216-04,22.727,11.995445,17,4144,1,1
3677,9,2026-08-24 14:28:24.139091-04,22.722,16.989424,17,4174,1,1
3678,9,2026-08-24 14:28:25.139555-04,22.723,15.990518,17,4204,1,1
3679,9,2026-08-24 14:28:26.140381-04,22.723,14.990096,17,4234,1,1
3680,9,2026-08-24 14:28:27.140171-04,22.724,13.990707,17,4264,1,1
3681,9,2026-08-24 14:28:28.139349-04,22.725,12.992343,17,4294,1,1
3682,9,2026-08-24 14:28:29.139258-04,22.723,11.991616,17,4324,1,1
3683,9,2026-08-24 14:28:30.140832-04,22.713,10.989876,17,4354,1,1
3684,9,2026-08-24 14:28:31.139139-04,22.712,9.990015,17,4384,1,1
3685,9,2026-08-24 14:28:32.139365-04,22.712,8.990029,17,4414,1,1
3686,9,2026-08-24 14:28:33.140846-04,22.713,7.990334,17,4444,1,1
3687,9,2026-08-24 14:28:34.138768-04,22.712,13.007127,17,4474,1,1
3688,9,2026-08-24 14:28:35.139638-04,22.712,12.006592,17,4504,1,1
3689,9,2026-08-24 14:28:36.139727-04,22.708,11.007028,17,4534,1,1
3690,9,2026-08-24 14:28:37.139315-04,22.709,10.008186,17,4564,1,1
3691,9,2026-08-24 14:28:38.141095-04,22.707,9.005897,17,4594,1,1
3692,9,2026-08-24 14:28:39.14168-04,22.707,8.005116,17,4624,1,1
3693,9,2026-08-24 14:28:40.138307-04,22.706,7.005586,17,4654,1,1
3694,9,2026-08-24 14:28:41.140749-04,22.708,12.02271,17,4684,1,1
3695,9,2026-08-24 14:28:42.14699-04,22.702,11.022007,17,4714,1,1
3696,9,2026-08-24 14:28:43.140441-04,22.703,10.023151,17,4744,1,1
3697,9,2026-08-24 14:28:44.141735-04,22.704,9.023589,17,4774,1,1
3698,9,2026-08-24 14:28:45.141538-04,22.705,8.02508,17,4804,1,1
3699,9,2026-08-24 14:28:46.14006-04,22.702,7.022414,17,4834,1,1
3700,9,2026-08-24 14:28:47.140631-04,22.701,12.017611,17,4864,1,1
3701,9,2026-08-24 14:28:48.141968-04,22.718,11.01754,17,4894,1,1
3702,9,2026-08-24 14:28:49.140365-04,22.718,10.016783,17,4924,1,1
3703,9,2026-08-24 14:28:50.141138-04,22.718,15.032724,17,4954,1,1
3704,9,2026-08-24 14:28:51.139606-04,22.717,14.032642,17,4984,1,1
3705,9,2026-08-24 14:28:52.139617-04,22.717,13.032541,17,5014,1,1
3706,9,2026-08-24 14:28:53.138454-04,22.719,12.035529,17,5044,1,1
3707,9,2026-08-24 14:28:54.138544-04,22.734,17.000961,17,5074,1,1
3708,9,2026-08-24 14:28:55.140617-04,22.733,16.00041,17,5104,1,1
3709,9,2026-08-24 14:28:56.141009-04,22.734,15.000462,17,5134,1,1
3710,9,2026-08-24 14:28:57.140075-04,22.734,14.001205,17,5164,1,1
3711,9,2026-08-24 14:28:58.141035-04,22.733,13.000577,17,5194,1,1
3712,9,2026-08-24 14:28:59.141693-04,22.734,12.002585,17,5224,1,1
3713,9,2026-08-24 14:29:00.141035-04,22.729,17.01763,17,5254,1,1
3714,9,2026-08-24 14:29:01.141715-04,22.73,16.018679,17,5284,1,1
3715,9,2026-08-24 14:29:02.140137-04,22.728,15.016732,17,5314,1,1
3716,9,2026-08-24 14:29:03.140658-04,22.728,14.016648,17,5344,1,1
3717,9,2026-08-24 14:29:04.140384-04,22.728,13.016967,17,5374,1,1
3718,9,2026-08-24 14:29:05.140105-04,22.729,12.018143,17,5404,1,1
3719,9,2026-08-24 14:29:06.140857-04,22.718,17.011515,17,5434,1,1
3720,9,2026-08-24 14:29:07.140109-04,22.719,16.012543,17,5464,1,1
3721,9,2026-08-24 14:29:08.139872-04,22.72,15.013955,17,5494,1,1
3722,9,2026-08-24 14:29:09.1404-04,22.72,14.013676,17,5524,1,1
3723,9,2026-08-24 14:29:10.145359-04,22.718,13.012255,17,5554,1,1
3724,9,2026-08-24 14:29:11.14228-04,22.717,12.012175,17,5584,1,1
3725,9,2026-08-24 14:29:12.139393-04,22.713,17.027779,17,5614,1,1
3726,9,2026-08-24 14:29:13.139375-04,22.713,16.02786,17,5644,1,1
3727,9,2026-08-24 14:29:14.145268-04,22.712,15.027316,17,5674,1,1
3728,9,2026-08-24 14:29:15.13968-04,22.712,14.027518,17,5704,1,1
3729,9,2026-08-24 14:29:16.139316-04,22.714,13.029517,17,5734,1,1
3730,9,2026-08-24 14:29:17.137791-04,22.714,12.030768,17,5764,1,1
3731,9,2026-08-24 14:29:18.139484-04,22.729,11.02896,17,5794,1,1
3732,9,2026-08-24 14:29:19.139705-04,22.728,10.026753,17,5824,1,1
3733,9,2026-08-24 14:29:20.137928-04,22.728,15.023186,17,5854,1,1
3734,9,2026-08-24 14:29:21.141942-04,22.727,14.021536,17,5884,1,1
3735,9,2026-08-24 14:29:22.143548-04,22.728,13.021861,17,5914,1,1
3736,9,2026-08-24 14:29:23.139007-04,22.729,12.023437,17,5944,1,1
3737,9,2026-08-24 14:29:24.140879-04,22.724,11.022691,17,5974,1,1
3738,9,2026-08-24 14:29:25.139153-04,22.725,10.024163,17,6004,1,1
3739,9,2026-08-24 14:29:26.138955-04,22.724,9.023342,17,6034,1,1
3740,9,2026-08-24 14:29:27.139664-04,22.722,8.021184,17,6064,1,1
3741,9,2026-08-24 14:29:28.144674-04,22.723,13.017226,17,6094,1,1
3742,9,2026-08-24 14:29:29.139484-04,22.721,12.01621,17,6124,1,1
3743,9,2026-08-24 14:29:30.138688-04,22.717,11.017347,17,6154,1,1
3744,9,2026-08-24 14:29:31.141442-04,22.719,10.017995,17,6184,1,1
3745,9,2026-08-24 14:29:32.138903-04,22.718,9.017665,17,6214,1,1
3746,9,2026-08-24 14:29:33.1409-04,22.72,8.019176,17,6244,1,1
3747,9,2026-08-24 14:29:34.140829-04,22.718,7.017219,17,6274,1,1
3748,9,2026-08-24 14:29:35.141517-04,22.717,12.012816,17,6304,1,1
3749,9,2026-08-24 14:29:36.139595-04,22.733,11.010759,17,6334,1,1
3750,9,2026-08-24 14:29:37.140337-04,22.733,10.010517,17,6364,1,1
3751,9,2026-08-24 14:29:38.138997-04,22.734,9.011675,17,6394,1,1
3752,9,2026-08-24 14:29:39.139055-04,22.734,8.013068,17,6424,1,1
3753,9,2026-08-24 14:29:40.138908-04,22.735,7.014039,17,6454,1,1
3754,9,2026-08-24 14:29:41.142823-04,22.736,12.008234,17,6484,1,1
3755,9,2026-08-24 14:29:42.140675-04,22.729,11.007284,17,6514,1,1
3756,9,2026-08-24 14:29:43.139804-04,22.728,10.005351,17,6544,1,1
3757,9,2026-08-24 14:29:44.139851-04,22.728,9.005478,17,6574,1,1
3758,9,2026-08-24 14:29:45.140721-04,22.727,8.004815,17,6604,1,1
3759,9,2026-08-24 14:29:46.138885-04,22.729,7.006383,17,6634,1,1
3760,9,2026-08-24 14:29:47.141552-04,22.728,12.022791,17,6664,1,1
3761,9,2026-08-24 14:29:48.140931-04,22.724,11.022815,17,6694,1,1
3762,9,2026-08-24 14:29:49.141858-04,22.725,10.02435,17,6724,1,1
3763,9,2026-08-24 14:29:50.140286-04,22.724,9.023239,17,6754,1,1
3764,9,2026-08-24 14:29:51.141362-04,22.722,8.021562,17,6784,1,1
3765,9,2026-08-24 14:29:52.140146-04,22.723,7.021935,17,6814,1,1
3766,9,2026-08-24 14:29:53.141833-04,22.722,11.990346,17,6844,1,1
3767,9,2026-08-24 14:29:54.140991-04,22.718,17.00638,17,6874,1,1
3768,9,2026-08-24 14:29:55.14054-04,22.718,16.007925,17,6904,1,1
3769,9,2026-08-24 14:29:56.140513-04,22.718,15.006189,17,6934,1,1
3770,9,2026-08-24 14:29:57.139857-04,22.72,14.008476,17,6964,1,1
3771,9,2026-08-24 14:29:58.14017-04,22.718,13.006419,17,6994,1,1
3772,9,2026-08-24 14:29:59.139775-04,22.716,12.005802,17,7024,1,1
3773,9,2026-08-24 14:30:00.140535-04,22.706,17.021336,17,7054,1,1
3774,9,2026-08-24 14:30:01.140466-04,22.706,16.02087,17,7084,1,1
3775,9,2026-08-24 14:30:02.140262-04,22.707,15.021914,17,7114,1,1
3776,9,2026-08-24 14:30:03.140158-04,22.708,14.023424,17,7144,1,1
3777,9,2026-08-24 14:30:04.137087-04,22.706,13.023398,17,7174,1,1
3778,9,2026-08-24 14:30:05.143272-04,22.709,12.025566,17,7204,1,1
3779,9,2026-08-24 14:30:06.13975-04,22.702,16.991783,17,7234,1,1
3780,9,2026-08-24 14:30:07.139252-04,22.702,15.991034,17,7264,1,1
3781,9,2026-08-24 14:30:08.139996-04,22.702,14.991181,17,7294,1,1
3782,9,2026-08-24 14:30:09.139532-04,22.701,13.989292,17,7324,1,1
3783,9,2026-08-24 14:30:10.139314-04,22.702,12.990582,17,7354,1,1
3784,9,2026-08-24 14:30:11.14449-04,22.703,11.992591,17,7384,1,1
3785,9,2026-08-24 14:30:12.139573-04,22.718,17.006998,17,7414,1,1
3786,9,2026-08-24 14:30:13.141278-04,22.719,16.008862,17,7444,1,1
3787,9,2026-08-24 14:30:14.140816-04,22.718,15.006786,17,7474,1,1
3788,9,2026-08-24 14:30:15.144638-04,22.717,14.005713,17,7504,1,1
3789,9,2026-08-24 14:30:16.143435-04,22.717,13.006941,17,7534,1,1
3790,9,2026-08-24 14:30:17.139942-04,22.717,12.006352,17,7564,1,1
3791,9,2026-08-24 14:30:18.141224-04,22.707,17.000526,17,7594,1,1
3792,9,2026-08-24 14:30:19.140301-04,22.708,16.0023,17,7624,1,1
3793,9,2026-08-24 14:30:20.143515-04,22.708,15.001771,17,7654,1,1
3794,9,2026-08-24 14:30:21.140375-04,22.709,14.002866,17,7684,1,1
3795,9,2026-08-24 14:30:22.139092-04,22.707,13.001263,17,7714,1,1
3796,9,2026-08-24 14:30:23.140122-04,22.707,12.001417,17,7744,1,1
3797,9,2026-08-24 14:30:24.139878-04,22.702,17.017294,17,7774,1,1
3798,9,2026-08-24 14:30:25.15045-04,22.701,16.01607,17,7804,1,1
3799,9,2026-08-24 14:30:26.142154-04,22.702,15.016775,17,7834,1,1
3800,9,2026-08-24 14:30:27.141033-04,22.703,14.017876,17,7864,1,1
3801,9,2026-08-24 14:30:28.139146-04,22.703,13.018148,17,7894,1,1
3802,9,2026-08-24 14:30:29.1391-04,22.704,12.019925,17,7924,1,1
3803,9,2026-08-24 14:30:30.139828-04,22.719,11.017736,17,7954,1,1
3804,9,2026-08-24 14:30:31.141943-04,22.718,10.016843,17,7984,1,1
3805,9,2026-08-24 14:30:32.138798-04,22.717,9.016153,17,8014,1,1
3806,9,2026-08-24 14:30:33.140913-04,22.716,8.015665,17,8044,1,1
3807,9,2026-08-24 14:30:34.139503-04,22.718,13.01134,17,8074,1,1
3808,9,2026-08-24 14:30:35.138378-04,22.719,12.013844,17,8104,1,1
3809,9,2026-08-24 14:30:36.139504-04,22.713,11.012288,17,8134,1,1
3810,9,2026-08-24 14:30:37.139886-04,22.715,10.013773,17,8164,1,1
3811,9,2026-08-24 14:30:38.139037-04,22.712,9.011357,17,8194,1,1
3812,9,2026-08-24 14:30:39.141696-04,22.712,8.010917,17,8224,1,1
3813,9,2026-08-24 14:30:40.139219-04,22.712,7.012311,17,8254,1,1
3814,9,2026-08-24 14:30:41.148565-04,22.711,12.006863,17,8284,1,1
3815,9,2026-08-24 14:30:42.137615-04,22.728,17.001585,17,8314,1,1
3816,9,2026-08-24 14:30:43.140358-04,22.728,16.001513,17,8344,1,1
3817,9,2026-08-24 14:30:44.139213-04,22.73,15.002593,17,8374,1,1
3818,9,2026-08-24 14:30:45.139433-04,22.73,14.003624,17,8404,1,1
3819,9,2026-08-24 14:30:46.138602-04,22.729,13.002615,17,8434,1,1
3820,9,2026-08-24 14:30:47.139264-04,22.728,12.001527,17,8464,1,1
3821,9,2026-08-24 14:30:48.14105-04,22.702,11.001226,17,8494,1,1
3822,9,2026-08-24 14:30:49.139303-04,22.701,9.999672,17,8524,1,1
3823,9,2026-08-24 14:30:50.141235-04,22.702,9.000782,17,8554,1,1
3824,9,2026-08-24 14:30:51.152158-04,22.703,8.003173,17,8584,1,1
3825,9,2026-08-24 14:30:52.14486-04,22.703,13.018191,17,8614,1,1
3826,9,2026-08-24 14:30:53.137478-04,22.704,12.020666,17,8644,1,1
3827,9,2026-08-24 14:30:54.140774-04,22.719,11.017743,17,8674,1,1
3828,9,2026-08-24 14:30:55.139481-04,22.717,10.016928,17,8704,1,1
3829,9,2026-08-24 14:30:56.140787-04,22.718,9.017316,17,8734,1,1
3830,9,2026-08-24 14:30:57.139795-04,22.717,8.015736,17,8764,1,1
3831,10,2026-08-24 14:32:49.146659-04,22.009,17.392042,0,21,1,1.05
3832,10,2026-08-24 14:32:50.148007-04,21.964,16.346735,0,53,1,1.05
3833,10,2026-08-24 14:32:51.149463-04,21.917,15.300001,0,84,1,1.05
3834,10,2026-08-24 14:32:52.15216-04,21.867,14.250456,0,116,1,1.05
3835,10,2026-08-24 14:32:53.146633-04,21.809,13.192523,0,147,1,1.05
3836,10,2026-08-24 14:32:54.153562-04,21.762,12.145755,0,179,1,1.05
3837,10,2026-08-24 14:32:55.147197-04,21.731,17.07167,0,210,1,1.05
3838,10,2026-08-24 14:32:56.147669-04,21.683,16.023975,0,242,1,1.05
3839,10,2026-08-24 14:32:57.154499-04,21.66,15.000485,0,272,1,1
3840,10,2026-08-24 14:32:58.146994-04,21.66,14.000552,0,299,1,1
3841,10,2026-08-24 14:32:59.14731-04,21.661,13.001335,5,332,1,1
3842,10,2026-08-24 14:33:00.144003-04,21.659,12.000716,5,362,1,1
3843,10,2026-08-24 14:33:01.145486-04,21.654,17.015566,5,392,1,1
3844,10,2026-08-24 14:33:02.148256-04,21.653,16.014776,5,422,1,1
3845,10,2026-08-24 14:33:03.146641-04,21.655,15.016716,5,452,1,1
3846,10,2026-08-24 14:33:04.146528-04,21.654,14.01594,5,482,1,1
3847,10,2026-08-24 14:33:05.145613-04,21.655,13.017304,5,512,1,1
3848,10,2026-08-24 14:33:06.145316-04,21.655,12.017826,5,542,1,1
3849,10,2026-08-24 14:33:07.151315-04,21.65,17.033585,5,572,1,1
3850,10,2026-08-24 14:33:08.166245-04,21.648,16.031502,5,602,1,1
3851,10,2026-08-24 14:33:09.147154-04,21.649,15.031801,5,632,1,1
3852,10,2026-08-24 14:33:10.148532-04,21.647,14.030572,5,662,1,1
3853,10,2026-08-24 14:33:11.147217-04,21.648,13.03116,5,692,1,1
3854,10,2026-08-24 14:33:12.14611-04,21.648,12.032577,5,722,1,1
3855,10,2026-08-24 14:33:13.145794-04,21.645,17.001413,5,752,1,1
3856,10,2026-08-24 14:33:14.14633-04,21.645,16.001192,5,782,1,1
3857,10,2026-08-24 14:33:15.148168-04,21.646,15.002175,5,812,1,1
3858,10,2026-08-24 14:33:16.148361-04,21.643,13.999919,5,842,1,1
3859,10,2026-08-24 14:33:17.146265-04,21.643,12.999791,5,872,1,1
3860,10,2026-08-24 14:33:18.147651-04,21.643,11.999119,5,902,1,1
3861,10,2026-08-24 14:33:19.147714-04,21.66,16.995155,5,932,1,1
3862,10,2026-08-24 14:33:20.145832-04,21.66,15.9949,5,962,1,1
3863,10,2026-08-24 14:33:21.146496-04,21.661,14.995864,5,992,1,1
3864,10,2026-08-24 14:33:22.146664-04,21.66,13.995091,5,1022,1,1
3865,10,2026-08-24 14:33:23.147256-04,21.661,12.997051,5,1052,1,1
3866,10,2026-08-24 14:33:24.148501-04,21.659,11.995106,5,1082,1,1
3867,10,2026-08-24 14:33:25.145666-04,21.647,17.009533,5,1112,1,1
3868,10,2026-08-24 14:33:26.145885-04,21.648,16.009829,5,1142,1,1
3869,10,2026-08-24 14:33:27.146737-04,21.649,15.010736,5,1172,1,1
3870,10,2026-08-24 14:33:28.145994-04,21.647,14.010146,5,1202,1,1
3871,10,2026-08-24 14:33:29.146467-04,21.65,13.012043,5,1232,1,1
3872,10,2026-08-24 14:33:30.146242-04,21.649,12.012125,5,1262,1,1
3873,10,2026-08-24 14:33:31.146585-04,21.645,17.007254,5,1292,1,1
3874,10,2026-08-24 14:33:32.14609-04,21.643,16.00512,5,1322,1,1
3875,10,2026-08-24 14:33:33.146556-04,21.642,15.0037,5,1352,1,1
3876,10,2026-08-24 14:33:34.147647-04,21.642,14.005281,5,1382,1,1
3877,10,2026-08-24 14:33:35.145883-04,21.644,13.00599,5,1412,1,1
3878,10,2026-08-24 14:33:36.148456-04,21.644,12.00642,5,1442,1,1
3879,10,2026-08-24 14:33:37.147994-04,21.636,17.019333,5,1472,1,1
3880,10,2026-08-24 14:33:38.149428-04,21.639,16.022476,5,1502,1,1
3881,10,2026-08-24 14:33:39.148297-04,21.64,15.023715,5,1532,1,1
3882,10,2026-08-24 14:33:40.145555-04,21.636,14.01956,5,1562,1,1
3883,10,2026-08-24 14:33:41.149419-04,21.636,13.019299,5,1592,1,1
3884,10,2026-08-24 14:33:42.147065-04,21.637,12.019959,5,1622,1,1
3885,10,2026-08-24 14:33:43.145739-04,21.655,17.016361,5,1652,1,1
3886,10,2026-08-24 14:33:44.146179-04,21.654,16.01622,5,1682,1,1
3887,10,2026-08-24 14:33:45.148494-04,21.654,15.016236,5,1712,1,1
3888,10,2026-08-24 14:33:46.148037-04,21.653,14.01514,5,1742,1,1
3889,10,2026-08-24 14:33:47.14805-04,21.656,13.018175,5,1772,1,1
3890,10,2026-08-24 14:33:48.147235-04,21.654,12.016566,5,1802,1,1
3891,10,2026-08-24 14:33:49.14696-04,21.647,17.00944,5,1832,1,1
3892,10,2026-08-24 14:33:50.145414-04,21.647,16.009148,5,1862,1,1
3893,10,2026-08-24 14:33:51.147975-04,21.649,15.010988,5,1892,1,1
3894,10,2026-08-24 14:33:52.147625-04,21.649,14.010417,5,1922,1,1
3895,10,2026-08-24 14:33:53.147111-04,21.649,13.01089,5,1952,1,1
3896,10,2026-08-24 14:33:54.146114-04,21.648,12.012104,5,1982,1,1
3897,10,2026-08-24 14:33:55.147039-04,21.645,17.028412,5,2012,1,1
3898,10,2026-08-24 14:33:56.14539-04,21.643,16.026693,5,2042,1,1
3899,10,2026-08-24 14:33:57.146638-04,21.642,15.02536,5,2072,1,1
3900,10,2026-08-24 14:33:58.146638-04,21.643,14.025758,5,2102,1,1
3901,10,2026-08-24 14:33:59.145027-04,21.643,13.027607,5,2132,1,1
3902,10,2026-08-24 14:34:00.147047-04,21.642,12.026158,5,2162,1,1
3903,10,2026-08-24 14:34:01.148196-04,21.659,17.021318,5,2192,1,1
3904,10,2026-08-24 14:34:02.147186-04,21.659,16.020487,5,2222,1,1
3905,10,2026-08-24 14:34:03.147052-04,21.661,15.023201,5,2252,1,1
3906,10,2026-08-24 14:34:04.147015-04,21.659,14.020871,5,2282,1,1
3907,10,2026-08-24 14:34:05.146723-04,21.658,13.020461,5,2312,1,1
3908,10,2026-08-24 14:34:06.146115-04,21.658,12.020479,5,2342,1,1
3909,10,2026-08-24 14:34:07.148352-04,21.654,17.037617,5,2372,1,1
3910,10,2026-08-24 14:34:08.14611-04,21.654,16.036861,5,2402,1,1
3911,10,2026-08-24 14:34:09.14659-04,21.653,15.036348,5,2432,1,1
3912,10,2026-08-24 14:34:10.145607-04,21.655,14.038726,5,2462,1,1
3913,10,2026-08-24 14:34:11.146162-04,21.656,13.039615,5,2492,1,1
3914,10,2026-08-24 14:34:12.144955-04,21.654,12.037785,5,2522,1,1
3915,10,2026-08-24 14:34:13.146319-04,21.669,17.003675,5,2552,1,1
3916,10,2026-08-24 14:34:14.145865-04,21.669,16.004866,5,2582,1,1
3917,10,2026-08-24 14:34:15.148196-04,21.671,15.006493,5,2612,1,1
3918,10,2026-08-24 14:34:16.146172-04,21.67,14.00478,5,2642,1,1
3919,10,2026-08-24 14:34:17.145813-04,21.669,13.005609,5,2672,1,1
3920,10,2026-08-24 14:34:18.145582-04,21.67,12.006651,5,2702,1,1
3921,10,2026-08-24 14:34:19.146598-04,21.666,17.022404,5,2732,1,1
3922,10,2026-08-24 14:34:20.145399-04,21.664,16.020197,5,2762,1,1
3923,10,2026-08-24 14:34:21.147217-04,21.663,15.020204,5,2792,1,1
3924,10,2026-08-24 14:34:22.145971-04,21.664,14.020456,5,2822,1,1
3925,10,2026-08-24 14:34:23.146527-04,21.665,13.021827,5,2852,1,1
3926,10,2026-08-24 14:34:24.145881-04,21.664,12.022783,5,2882,1,1
3927,10,2026-08-24 14:34:25.146976-04,21.654,17.01589,5,2912,1,1
3928,10,2026-08-24 14:34:26.146777-04,21.655,16.016857,5,2942,1,1
3929,10,2026-08-24 14:34:27.145584-04,21.656,15.018154,5,2972,1,1
3930,10,2026-08-24 14:34:28.146907-04,21.654,14.015375,5,3002,1,1
3931,10,2026-08-24 14:34:29.147322-04,21.653,13.014358,5,3032,1,1
3932,10,2026-08-24 14:34:30.146315-04,21.653,12.015842,5,3062,1,1
3933,10,2026-08-24 14:34:31.146522-04,21.648,17.031221,5,3092,1,1
3934,10,2026-08-24 14:34:32.146642-04,21.649,16.031992,5,3122,1,1
3935,10,2026-08-24 14:34:33.146485-04,21.649,15.0329,5,3152,1,1
3936,10,2026-08-24 14:34:34.146603-04,21.65,14.032946,5,3182,1,1
3937,10,2026-08-24 14:34:35.146976-04,21.651,13.034099,5,3212,1,1
3938,10,2026-08-24 14:34:36.145419-04,21.649,12.032739,5,3242,1,1
3939,10,2026-08-24 14:34:37.146024-04,21.664,17.025505,5,3272,1,1
3940,10,2026-08-24 14:34:38.146898-04,21.663,16.025887,5,3302,1,1
3941,10,2026-08-24 14:34:39.146095-04,21.664,15.026557,5,3332,1,1
3942,10,2026-08-24 14:34:40.145623-04,21.664,14.026163,5,3362,1,1
3943,10,2026-08-24 14:34:41.146157-04,21.665,13.026694,5,3392,1,1
3944,10,2026-08-24 14:34:42.149019-04,21.664,12.026434,5,3422,1,1
3945,10,2026-08-24 14:34:43.146745-04,21.661,17.023321,5,3452,1,1
3946,10,2026-08-24 14:34:44.146292-04,21.659,16.021002,5,3482,1,1
3947,10,2026-08-24 14:34:45.147819-04,21.658,15.019776,5,3512,1,1
3948,10,2026-08-24 14:34:46.147034-04,21.658,14.020983,5,3542,1,1
3949,10,2026-08-24 14:34:47.149084-04,21.659,13.02111,5,3572,1,1
3950,10,2026-08-24 14:34:48.148142-04,21.658,12.020811,5,3602,1,1
3951,10,2026-08-24 14:34:49.148324-04,21.654,17.016253,5,3632,1,1
3952,10,2026-08-24 14:34:50.148156-04,21.655,16.017117,5,3662,1,1
3953,10,2026-08-24 14:34:51.146183-04,21.655,15.016963,5,3692,1,1
3954,10,2026-08-24 14:34:52.145141-04,21.654,14.016441,5,3722,1,1
3955,10,2026-08-24 14:34:53.147596-04,21.653,13.014399,5,3752,1,1
3956,10,2026-08-24 14:34:54.148659-04,21.652,12.015774,5,3782,1,1
3957,10,2026-08-24 14:34:55.148479-04,21.67,17.031809,5,3812,1,1
3958,10,2026-08-24 14:34:56.146287-04,21.668,16.030643,5,3842,1,1
3959,10,2026-08-24 14:34:57.148597-04,21.669,15.031134,5,3872,1,1
3960,10,2026-08-24 14:34:58.149873-04,21.671,14.032346,5,3902,1,1
3961,10,2026-08-24 14:34:59.147737-04,21.669,13.030573,5,3932,1,1
3962,10,2026-08-24 14:35:00.145088-04,21.669,12.032304,5,3962,1,1
3963,10,2026-08-24 14:35:01.147984-04,21.663,16.998537,5,3992,1,1
3964,10,2026-08-24 14:35:02.148541-04,21.663,15.998349,5,4022,1,1
3965,10,2026-08-24 14:35:03.151499-04,21.665,15.000533,5,4052,1,1
3966,10,2026-08-24 14:35:04.146097-04,21.664,13.999298,5,4082,1,1
3967,10,2026-08-24 14:35:05.145759-04,21.664,13.000372,5,4112,1,1
3968,10,2026-08-24 14:35:06.145427-04,21.665,12.001603,5,4142,1,1
3969,10,2026-08-24 14:35:07.145856-04,21.66,16.996092,5,4172,1,1
3970,10,2026-08-24 14:35:08.145543-04,21.659,15.994837,5,4202,1,1
3971,10,2026-08-24 14:35:09.146477-04,21.658,14.993308,5,4232,1,1
3972,10,2026-08-24 14:35:10.143828-04,21.658,13.993995,5,4262,1,1
3973,10,2026-08-24 14:35:11.153052-04,21.659,12.994411,5,4292,1,1
3974,10,2026-08-24 14:35:12.146166-04,21.659,11.993731,5,4322,1,1
3975,10,2026-08-24 14:35:13.145554-04,21.647,17.010147,5,4352,1,1
3976,10,2026-08-24 14:35:14.145141-04,21.649,16.012087,5,4382,1,1
3977,10,2026-08-24 14:35:15.146074-04,21.65,15.011661,5,4412,1,1
3978,10,2026-08-24 14:35:16.144959-04,21.648,14.011087,5,4442,1,1
3979,10,2026-08-24 14:35:17.148536-04,21.648,13.009452,5,4472,1,1
3980,10,2026-08-24 14:35:18.14497-04,21.646,12.009836,5,4502,1,1
3981,10,2026-08-24 14:35:19.149213-04,21.643,17.026209,5,4532,1,1
3982,10,2026-08-24 14:35:20.145753-04,21.642,16.02597,5,4562,1,1
3983,10,2026-08-24 14:35:21.146871-04,21.644,15.026679,5,4592,1,1
3984,10,2026-08-24 14:35:22.145896-04,21.645,14.027991,5,4622,1,1
3985,10,2026-08-24 14:35:23.145649-04,21.645,13.029134,5,4652,1,1
3986,10,2026-08-24 14:35:24.145555-04,21.643,12.028176,5,4682,1,1
3987,10,2026-08-24 14:35:25.14736-04,21.637,17.019949,5,4712,1,1
3988,10,2026-08-24 14:35:26.14745-04,21.637,16.019802,5,4742,1,1
3989,10,2026-08-24 14:35:27.147293-04,21.637,15.021433,5,4772,1,1
3990,10,2026-08-24 14:35:28.146728-04,21.637,14.02054,5,4802,1,1
3991,10,2026-08-24 14:35:29.15029-04,21.637,13.019966,5,4832,1,1
3992,10,2026-08-24 14:35:30.146902-04,21.639,12.022316,5,4862,1,1
3993,10,2026-08-24 14:35:31.147996-04,21.654,17.037504,5,4892,1,1
3994,10,2026-08-24 14:35:32.147207-04,21.654,16.036943,5,4922,1,1
3995,10,2026-08-24 14:35:33.147784-04,21.652,15.036398,5,4952,1,1
3996,10,2026-08-24 14:35:34.146423-04,21.653,14.035778,5,4982,1,1
3997,10,2026-08-24 14:35:35.148248-04,21.654,13.036929,5,5012,1,1
3998,10,2026-08-24 14:35:36.146958-04,21.653,12.035964,5,5042,1,1
3999,10,2026-08-24 14:35:37.148523-04,21.67,17.005371,5,5072,1,1
4000,10,2026-08-24 14:35:38.165623-04,21.671,16.006927,5,5102,1,1
4001,10,2026-08-24 14:35:39.192603-04,21.668,15.004562,5,5132,1,1
4002,10,2026-08-24 14:35:40.145541-04,21.669,14.004883,5,5162,1,1
4003,10,2026-08-24 14:35:41.14578-04,21.669,13.00396,5,5192,1,1
4004,10,2026-08-24 14:35:42.167059-04,21.668,12.004254,5,5222,1,1
4005,10,2026-08-24 14:35:43.149368-04,21.665,17.021046,5,5252,1,1
4006,10,2026-08-24 14:35:44.148691-04,21.663,16.0206,5,5282,1,1
4007,10,2026-08-24 14:35:45.148689-04,21.663,15.019967,5,5312,1,1
4008,10,2026-08-24 14:35:46.149837-04,21.665,14.022012,5,5342,1,1
4009,10,2026-08-24 14:35:47.148158-04,21.666,13.022157,5,5372,1,1
4010,10,2026-08-24 14:35:48.147012-04,21.664,12.021773,5,5402,1,1
4011,10,2026-08-24 14:35:49.147891-04,21.653,17.014801,5,5432,1,1
4012,10,2026-08-24 14:35:50.147321-04,21.652,16.013737,5,5462,1,1
4013,10,2026-08-24 14:35:51.148959-04,21.654,15.015758,5,5492,1,1
4014,10,2026-08-24 14:35:52.14983-04,21.653,14.015323,5,5522,1,1
4015,10,2026-08-24 14:35:53.147009-04,21.654,13.016866,5,5552,1,1
4016,10,2026-08-24 14:35:54.153836-04,21.655,12.017116,5,5582,1,1
4017,10,2026-08-24 14:35:55.145592-04,21.65,17.033165,5,5612,1,1
4018,10,2026-08-24 14:35:56.146093-04,21.648,16.031054,5,5642,1,1
4019,10,2026-08-24 14:35:57.146248-04,21.648,15.030856,5,5672,1,1
4020,10,2026-08-24 14:35:58.145818-04,21.647,14.030042,5,5702,1,1
4021,10,2026-08-24 14:35:59.146177-04,21.648,13.031417,5,5732,1,1
4022,10,2026-08-24 14:36:00.144874-04,21.647,12.031349,5,5762,1,1
4023,10,2026-08-24 14:36:01.146665-04,21.665,17.026957,5,5792,1,1
4024,10,2026-08-24 14:36:02.145032-04,21.665,16.027622,5,5822,1,1
4025,10,2026-08-24 14:36:03.146015-04,21.666,15.027677,5,5852,1,1
4026,10,2026-08-24 14:36:04.145341-04,21.663,14.026081,5,5882,1,1
4027,10,2026-08-24 14:36:05.14514-04,21.664,13.025336,5,5912,1,1
4028,10,2026-08-24 14:36:06.144302-04,21.662,12.025996,5,5942,1,1
4029,10,2026-08-24 14:36:07.145938-04,21.658,17.021038,5,5972,1,1
4030,10,2026-08-24 14:36:08.144987-04,21.658,16.021255,5,6002,1,1
4031,10,2026-08-24 14:36:09.147374-04,21.659,15.022099,5,6032,1,1
4032,10,2026-08-24 14:36:10.144049-04,21.659,14.021655,5,6062,1,1
4033,10,2026-08-24 14:36:11.146877-04,21.661,13.0224,5,6092,1,1
4034,10,2026-08-24 14:36:12.147103-04,21.659,12.021797,5,6122,1,1
4035,10,2026-08-24 14:36:13.145972-04,21.653,17.015574,5,6152,1,1
4036,10,2026-08-24 14:36:14.145905-04,21.652,16.014412,5,6182,1,1
4037,10,2026-08-24 14:36:15.145758-04,21.653,15.015921,5,6212,1,1
4038,10,2026-08-24 14:36:16.145174-04,21.653,14.016156,5,6242,1,1
4039,10,2026-08-24 14:36:17.14664-04,21.654,13.017443,5,6272,1,1
4040,10,2026-08-24 14:36:18.145254-04,21.654,12.017341,5,6302,1,1
4041,10,2026-08-24 14:36:19.145826-04,21.671,17.01221,5,6332,1,1
4042,10,2026-08-24 14:36:20.14576-04,21.671,16.011005,5,6362,1,1
4043,10,2026-08-24 14:36:21.14581-04,21.669,15.010184,5,6392,1,1
4044,10,2026-08-24 14:36:22.145188-04,21.668,14.009787,5,6422,1,1
4045,10,2026-08-24 14:36:23.14581-04,21.669,13.011807,5,6452,1,1
4046,10,2026-08-24 14:36:24.145838-04,21.668,12.010178,5,6482,1,1
4047,10,2026-08-24 14:36:25.145602-04,21.665,17.02757,5,6512,1,1
4048,10,2026-08-24 14:36:26.145639-04,21.664,16.027105,5,6542,1,1
4049,10,2026-08-24 14:36:27.147159-04,21.664,15.027017,5,6572,1,1
4050,10,2026-08-24 14:36:28.146548-04,21.664,14.027267,5,6602,1,1
4051,10,2026-08-24 14:36:29.146106-04,21.662,13.025319,5,6632,1,1
4052,10,2026-08-24 14:36:30.145069-04,21.662,12.026332,5,6662,1,1
4053,10,2026-08-24 14:36:31.14616-04,21.659,16.994785,5,6692,1,1
4054,10,2026-08-24 14:36:32.1452-04,21.658,15.994582,5,6722,1,1
4055,10,2026-08-24 14:36:33.145598-04,21.658,14.994341,5,6752,1,1
4056,10,2026-08-24 14:36:34.145317-04,21.66,13.994797,5,6782,1,1
4057,10,2026-08-24 14:36:35.14681-04,21.658,12.993912,5,6812,1,1
4058,10,2026-08-24 14:36:36.146947-04,21.66,11.995872,5,6842,1,1
4059,10,2026-08-24 14:36:37.148318-04,21.652,17.008112,5,6872,1,1
4060,10,2026-08-24 14:36:38.149512-04,21.652,16.008396,5,6902,1,1
4061,10,2026-08-24 14:36:39.15032-04,21.654,15.010324,5,6932,1,1
4062,10,2026-08-24 14:36:40.145239-04,21.652,14.009284,5,6962,1,1
4063,10,2026-08-24 14:36:41.147561-04,21.651,13.008975,5,6992,1,1
4064,10,2026-08-24 14:36:42.149912-04,21.654,12.012188,5,7022,1,1
4065,10,2026-08-24 14:36:43.14735-04,21.645,17.028757,5,7052,1,1
4066,10,2026-08-24 14:36:44.146345-04,21.643,16.027126,5,7082,1,1
4067,10,2026-08-24 14:36:45.148353-04,21.641,15.024867,5,7112,1,1
4068,10,2026-08-24 14:36:46.148293-04,21.641,14.024921,5,7142,1,1
4069,10,2026-08-24 14:36:47.147688-04,21.643,13.026367,5,7172,1,1
4070,10,2026-08-24 14:36:48.146576-04,21.642,12.027395,5,7202,1,1
4071,10,2026-08-24 14:36:49.146531-04,21.637,16.994356,5,7232,1,1
4072,10,2026-08-24 14:36:50.145829-04,21.639,15.996036,5,7262,1,1
4073,10,2026-08-24 14:36:51.150287-04,21.636,14.993827,5,7292,1,1
4074,10,2026-08-24 14:36:52.146952-04,21.638,13.995429,5,7322,1,1
4075,10,2026-08-24 14:36:53.146734-04,21.635,12.992827,5,7352,1,1
4076,10,2026-08-24 14:36:54.147456-04,21.636,11.993459,5,7382,1,1
4077,10,2026-08-24 14:36:55.145942-04,21.654,17.010544,5,7412,1,1
4078,10,2026-08-24 14:36:56.146088-04,21.653,16.010002,5,7442,1,1
4079,10,2026-08-24 14:36:57.147022-04,21.653,15.01017,5,7472,1,1
4080,10,2026-08-24 14:36:58.147523-04,21.654,14.011504,5,7502,1,1
4081,10,2026-08-24 14:36:59.150533-04,21.655,13.012199,5,7532,1,1
4082,10,2026-08-24 14:37:00.148622-04,21.654,12.012343,5,7562,1,1
4083,10,2026-08-24 14:37:01.147878-04,21.641,17.003746,5,7592,1,1
4084,10,2026-08-24 14:37:02.14896-04,21.641,16.004316,5,7622,1,1
4085,10,2026-08-24 14:37:03.145964-04,21.643,15.005657,5,7652,1,1
4086,10,2026-08-24 14:37:04.147996-04,21.642,14.004831,5,7682,1,1
4087,10,2026-08-24 14:37:05.147478-04,21.642,13.005066,5,7712,1,1
4088,10,2026-08-24 14:37:06.145056-04,21.643,12.006423,5,7742,1,1
4089,10,2026-08-24 14:37:07.14557-04,21.639,17.023067,5,7772,1,1
4090,10,2026-08-24 14:37:08.145174-04,21.638,16.021765,5,7802,1,1
4091,10,2026-08-24 14:37:09.147607-04,21.635,15.019386,5,7832,1,1
4092,10,2026-08-24 14:37:10.143935-04,21.637,14.020967,5,7862,1,1
4093,10,2026-08-24 14:37:11.146103-04,21.638,13.021958,5,7892,1,1
4094,10,2026-08-24 14:37:12.14441-04,21.635,12.02065,5,7922,1,1
4095,10,2026-08-24 14:37:13.146549-04,21.653,17.015802,5,7952,1,1
4096,10,2026-08-24 14:37:14.147054-04,21.653,16.01579,5,7982,1,1
4097,10,2026-08-24 14:37:15.145766-04,21.655,15.01806,5,8012,1,1
4098,10,2026-08-24 14:37:16.147252-04,21.654,14.016533,5,8042,1,1
4099,10,2026-08-24 14:37:17.147344-04,21.652,13.013748,5,8072,1,1
4100,10,2026-08-24 14:37:18.146488-04,21.653,12.016387,5,8102,1,1
4101,10,2026-08-24 14:37:19.147208-04,21.648,17.010841,5,8132,1,1
4102,10,2026-08-24 14:37:20.146266-04,21.647,16.010157,5,8162,1,1
4103,10,2026-08-24 14:37:21.149243-04,21.648,15.010668,5,8192,1,1
4104,10,2026-08-24 14:37:22.146014-04,21.647,14.010299,5,8222,1,1
4105,10,2026-08-24 14:37:23.146324-04,21.65,13.012489,5,8252,1,1
4106,10,2026-08-24 14:37:24.144236-04,21.649,12.011833,5,8282,1,1
4107,10,2026-08-24 14:37:25.145307-04,21.662,17.003353,5,8312,1,1
4108,10,2026-08-24 14:37:26.146845-04,21.664,16.005089,5,8342,1,1
4109,10,2026-08-24 14:37:27.146103-04,21.664,15.005439,5,8372,1,1
4110,10,2026-08-24 14:37:28.147409-04,21.663,14.004076,5,8402,1,1
4111,10,2026-08-24 14:37:29.148516-04,21.664,13.005014,5,8432,1,1
4112,10,2026-08-24 14:37:30.144152-04,21.662,12.004696,5,8462,1,1
4113,10,2026-08-24 14:37:31.146007-04,21.639,17.023115,5,8492,1,1
4114,10,2026-08-24 14:37:32.146262-04,21.638,16.021921,5,8522,1,1
4115,10,2026-08-24 14:37:33.14752-04,21.635,15.019114,5,8552,1,1
4116,10,2026-08-24 14:37:34.146991-04,21.637,14.021201,5,8582,1,1
4117,10,2026-08-24 14:37:35.147362-04,21.638,13.021784,5,8612,1,1
4118,10,2026-08-24 14:37:36.145049-04,21.636,12.020236,5,8642,1,1
4119,10,2026-08-24 14:37:37.147358-04,21.652,17.009962,5,8672,1,1
4120,10,2026-08-24 14:37:38.146433-04,21.653,16.010752,5,8702,1,1
4121,10,2026-08-24 14:37:39.145993-04,21.655,15.012839,5,8732,1,1
4122,10,2026-08-24 14:37:40.144365-04,21.654,14.011077,5,8762,1,1
4123,10,2026-08-24 14:37:41.147691-04,21.651,13.008921,5,8792,1,1
4124,10,2026-08-24 14:37:42.151923-04,21.653,12.011314,5,8822,1,1
4125,10,2026-08-24 14:37:43.148166-04,21.648,17.0055,5,8852,1,1
4126,10,2026-08-24 14:37:44.146279-04,21.646,16.003157,5,8882,1,1
4127,10,2026-08-24 14:37:45.15137-04,21.648,15.005265,5,8912,1,1
4128,10,2026-08-24 14:37:46.146621-04,21.647,14.004879,5,8942,1,1
4129,10,2026-08-24 14:37:47.148773-04,21.649,13.006202,5,8972,1,1
4130,10,2026-08-24 14:37:48.145651-04,21.649,12.007347,5,9002,1,1
4131,10,2026-08-24 14:37:49.148644-04,21.636,17.020067,5,9032,1,1
4132,10,2026-08-24 14:37:50.147517-04,21.636,16.020372,5,9062,1,1
4133,10,2026-08-24 14:37:51.146889-04,21.637,15.020764,5,9092,1,1
4134,10,2026-08-24 14:37:52.151396-04,21.637,14.02083,5,9122,1,1
4135,10,2026-08-24 14:37:53.148525-04,21.637,13.020968,5,9152,1,1
4136,10,2026-08-24 14:37:54.145452-04,21.637,12.021696,5,9182,1,1
4137,10,2026-08-24 14:37:55.147879-04,21.654,17.016907,5,9212,1,1
4138,10,2026-08-24 14:37:56.147371-04,21.654,16.016825,5,9242,1,1
4139,10,2026-08-24 14:37:57.295455-04,21.651,15.014141,5,9272,1,1
4140,10,2026-08-24 14:37:58.484855-04,21.652,14.015187,5,9302,1,1
4141,10,2026-08-24 14:37:59.147154-04,21.652,13.01489,5,9332,1,1
4142,10,2026-08-24 14:38:00.145021-04,21.652,12.015461,5,9362,1,1
4143,10,2026-08-24 14:38:01.145328-04,21.648,16.989471,5,9392,1,1
4144,10,2026-08-24 14:38:02.145141-04,21.648,15.989932,5,9422,1,1
4145,10,2026-08-24 14:38:03.145966-04,21.649,14.991136,5,9452,1,1
4146,10,2026-08-24 14:38:04.145031-04,21.649,13.990465,5,9482,1,1
4147,10,2026-08-24 14:38:05.144199-04,21.647,12.988004,5,9512,1,1
4148,10,2026-08-24 14:38:06.146197-04,21.647,11.989284,5,9542,1,1
4149,10,2026-08-24 14:38:07.144949-04,21.663,17.004501,5,9572,1,1
4150,10,2026-08-24 14:38:08.145079-04,21.662,16.003395,5,9602,1,1
4151,10,2026-08-24 14:38:09.145428-04,21.663,15.004983,5,9632,1,1
4152,10,2026-08-24 14:38:10.14351-04,21.663,14.005326,5,9662,1,1
4153,10,2026-08-24 14:38:11.145058-04,21.665,13.006009,5,9692,1,1
4154,10,2026-08-24 14:38:12.146512-04,21.665,12.007529,5,9722,1,1
4155,10,2026-08-24 14:38:13.14444-04,21.657,16.998652,5,9752,1,1
4156,10,2026-08-24 14:38:14.144227-04,21.658,15.999855,5,9782,1,1
4157,10,2026-08-24 14:38:15.144069-04,21.658,14.999557,5,9812,1,1
4158,10,2026-08-24 14:38:16.146377-04,21.656,13.997905,5,9842,1,1
4159,10,2026-08-24 14:38:17.146308-04,21.658,12.999597,5,9872,1,1
4160,10,2026-08-24 14:38:18.151673-04,21.658,12.000043,5,9902,1,1
4161,10,2026-08-24 14:38:19.145839-04,21.633,17.01691,5,9932,1,1
4162,10,2026-08-24 14:38:20.145034-04,21.633,16.016829,5,9962,1,1
4163,10,2026-08-24 14:38:21.147431-04,21.63,15.014352,5,9992,1,1
4164,10,2026-08-24 14:38:22.1459-04,21.632,14.015922,5,10022,1,1
4165,10,2026-08-24 14:38:23.146492-04,21.632,13.015721,5,10052,1,1
4166,10,2026-08-24 14:38:24.145682-04,21.63,12.01526,5,10082,1,1
4167,10,2026-08-24 14:38:25.146131-04,21.648,17.010347,5,10112,1,1
4168,10,2026-08-24 14:38:26.14636-04,21.647,16.010296,5,10142,1,1
4169,10,2026-08-24 14:38:27.146401-04,21.649,15.011647,5,10172,1,1
4170,10,2026-08-24 14:38:28.147343-04,21.649,14.011775,5,10202,1,1
4171,10,2026-08-24 14:38:29.147196-04,21.646,13.009067,5,10232,1,1
4172,10,2026-08-24 14:38:30.144341-04,21.647,12.011301,5,10262,1,1
4173,10,2026-08-24 14:38:31.149038-04,21.641,17.02653,5,10292,1,1
4174,10,2026-08-24 14:38:32.145678-04,21.642,16.026106,5,10322,1,1
4175,10,2026-08-24 14:38:33.14698-04,21.643,15.026919,5,10352,1,1
4176,10,2026-08-24 14:38:34.146367-04,21.642,14.026529,5,10382,1,1
4177,10,2026-08-24 14:38:35.14639-04,21.644,13.028044,5,10412,1,1
4178,10,2026-08-24 14:38:36.14585-04,21.643,12.027956,5,10442,1,1
4179,10,2026-08-24 14:38:37.147124-04,21.657,17.01955,5,10472,1,1
4180,10,2026-08-24 14:38:38.1473-04,21.657,16.020845,5,10502,1,1
4181,10,2026-08-24 14:38:39.145294-04,21.657,15.021258,5,10532,1,1
4182,10,2026-08-24 14:38:40.145576-04,21.656,14.019177,5,10562,1,1
4183,10,2026-08-24 14:38:41.14845-04,21.658,13.021219,5,10592,1,1
4184,10,2026-08-24 14:38:42.145138-04,21.657,12.021124,5,10622,1,1
4185,10,2026-08-24 14:38:43.146679-04,21.654,17.038168,5,10652,1,1
4186,10,2026-08-24 14:38:44.14589-04,21.654,16.037825,5,10682,1,1
4187,10,2026-08-24 14:38:45.148712-04,21.651,15.035484,5,10712,1,1
4188,10,2026-08-24 14:38:46.148308-04,21.651,14.036192,5,10742,1,1
4189,10,2026-08-24 14:38:47.147707-04,21.652,13.036578,5,10772,1,1
4190,10,2026-08-24 14:38:48.146481-04,21.652,12.035917,5,10802,1,1
4191,10,2026-08-24 14:38:49.146431-04,21.669,17.005192,5,10832,1,1
4192,10,2026-08-24 14:38:50.145772-04,21.669,16.004927,5,10862,1,1
4193,10,2026-08-24 14:38:51.14773-04,21.67,15.006051,5,10892,1,1
4194,10,2026-08-24 14:38:52.145095-04,21.671,14.006667,5,10922,1,1
4195,10,2026-08-24 14:38:53.146716-04,21.668,13.003712,5,10952,1,1
4196,10,2026-08-24 14:38:54.143976-04,21.668,12.004706,5,10982,1,1
4197,10,2026-08-24 14:38:55.144793-04,21.664,17.021147,5,11012,1,1
4198,10,2026-08-24 14:38:56.145607-04,21.662,16.019688,5,11042,1,1
4199,10,2026-08-24 14:38:57.145258-04,21.664,15.021599,5,11072,1,1
4200,10,2026-08-24 14:38:58.144953-04,21.662,14.019394,5,11102,1,1
4201,10,2026-08-24 14:38:59.1482-04,21.665,13.022394,5,11132,1,1
4202,10,2026-08-24 14:39:00.143693-04,21.665,12.023509,5,11162,1,1
4203,10,2026-08-24 14:39:01.146108-04,21.651,17.036314,5,11192,1,1
4204,10,2026-08-24 14:39:02.14465-04,21.651,16.036112,5,11222,1,1
4205,10,2026-08-24 14:39:03.146214-04,21.653,15.037773,5,11252,1,1
4206,10,2026-08-24 14:39:04.146012-04,21.653,14.036872,5,11282,1,1
4207,10,2026-08-24 14:39:05.144581-04,21.654,13.037721,5,11312,1,1
4208,10,2026-08-24 14:39:06.144384-04,21.652,12.037629,5,11342,1,1
4209,10,2026-08-24 14:39:07.146406-04,21.649,17.006542,5,11372,1,1
4210,10,2026-08-24 14:39:08.147273-04,21.648,16.005707,5,11402,1,1
4211,10,2026-08-24 14:39:09.146629-04,21.646,15.003905,5,11432,1,1
4212,10,2026-08-24 14:39:10.144763-04,21.648,14.006087,5,11462,1,1
4213,10,2026-08-24 14:39:11.148141-04,21.647,13.004698,5,11492,1,1
4214,10,2026-08-24 14:39:12.150257-04,21.647,12.00415,5,11522,1,1
4215,10,2026-08-24 14:39:13.145963-04,21.664,17.000786,5,11552,1,1
4216,10,2026-08-24 14:39:14.145788-04,21.663,15.999996,5,11582,1,1
4217,10,2026-08-24 14:39:15.144926-04,21.664,15.001446,5,11612,1,1
4218,10,2026-08-24 14:39:16.144486-04,21.664,14.001088,5,11642,1,1
4219,10,2026-08-24 14:39:17.146586-04,21.663,12.998931,5,11672,1,1
4220,10,2026-08-24 14:39:18.147861-04,21.663,11.998774,5,11702,1,1
4221,10,2026-08-24 14:39:19.145164-04,21.653,17.016745,5,11732,1,1
4222,10,2026-08-24 14:39:20.146333-04,21.651,16.013926,5,11762,1,1
4223,10,2026-08-24 14:39:21.146179-04,21.652,15.015094,5,11792,1,1
4224,10,2026-08-24 14:39:22.145737-04,21.652,14.01571,5,11822,1,1
4225,10,2026-08-24 14:39:23.149689-04,21.654,13.016991,5,11852,1,1
4226,10,2026-08-24 14:39:24.150716-04,21.654,12.017887,5,11882,1,1
4227,10,2026-08-24 14:39:25.145296-04,21.646,17.009787,5,11912,1,1
4228,10,2026-08-24 14:39:26.146698-04,21.646,16.00911,5,11942,1,1
4229,10,2026-08-24 14:39:27.146424-04,21.647,15.010226,5,11972,1,1
4230,10,2026-08-24 14:39:28.144334-04,21.646,14.00874,5,12002,1,1
4231,10,2026-08-24 14:39:29.145739-04,21.648,13.011592,5,12032,1,1
4232,10,2026-08-24 14:39:30.145037-04,21.647,12.011131,5,12062,1,1
4233,10,2026-08-24 14:39:31.149964-04,21.644,17.02799,5,12092,1,1
4234,10,2026-08-24 14:39:32.146072-04,21.643,16.026714,5,12122,1,1
4235,10,2026-08-24 14:39:33.145837-04,21.64,15.025622,5,12152,1,1
4236,10,2026-08-24 14:39:34.145374-04,21.641,14.025308,5,12182,1,1
4237,10,2026-08-24 14:39:35.145528-04,21.642,13.026416,5,12212,1,1
4238,10,2026-08-24 14:39:36.145996-04,21.641,12.025802,5,12242,1,1
4239,10,2026-08-24 14:39:37.147659-04,21.657,17.019968,5,12272,1,1
4240,10,2026-08-24 14:39:38.148749-04,21.658,16.02074,5,12302,1,1
4241,10,2026-08-24 14:39:39.147447-04,21.66,15.022638,5,12332,1,1
4242,10,2026-08-24 14:39:40.14366-04,21.659,14.023284,5,12362,1,1
4243,10,2026-08-24 14:39:41.147313-04,21.657,13.019595,5,12392,1,1
4244,10,2026-08-24 14:39:42.149197-04,21.657,12.019776,5,12422,1,1
4245,10,2026-08-24 14:39:43.163609-04,21.653,17.015917,5,12452,1,1
4246,10,2026-08-24 14:39:44.146064-04,21.651,16.014963,5,12482,1,1
4247,10,2026-08-24 14:39:45.148687-04,21.652,15.014893,5,12512,1,1
4248,10,2026-08-24 14:39:46.151646-04,21.653,14.016892,5,12542,1,1
4249,10,2026-08-24 14:39:47.147063-04,21.655,13.017394,5,12572,1,1
4250,10,2026-08-24 14:39:48.143995-04,21.653,12.017883,5,12602,1,1
4251,10,2026-08-24 14:39:49.147435-04,21.646,17.008844,5,12632,1,1
4252,10,2026-08-24 14:39:50.146748-04,21.647,16.009338,5,12662,1,1
4253,10,2026-08-24 14:39:51.146522-04,21.647,15.01002,5,12692,1,1
4254,10,2026-08-24 14:39:52.145857-04,21.646,14.009098,5,12722,1,1
4255,10,2026-08-24 14:39:53.146532-04,21.646,13.009159,5,12752,1,1
4256,10,2026-08-24 14:39:54.144956-04,21.647,12.011068,5,12782,1,1
4257,10,2026-08-24 14:39:55.143508-04,21.663,17.027025,5,12812,1,1
4258,10,2026-08-24 14:39:56.145307-04,21.663,16.02686,5,12842,1,1
4259,10,2026-08-24 14:39:57.147299-04,21.663,15.02547,5,12872,1,1
4260,10,2026-08-24 14:39:58.14574-04,21.662,14.025115,5,12902,1,1
4261,10,2026-08-24 14:39:59.147441-04,21.664,13.026492,5,12932,1,1
4262,10,2026-08-24 14:40:00.143641-04,21.662,12.025689,5,12962,1,1
4263,10,2026-08-24 14:40:01.147609-04,21.658,16.993757,5,12992,1,1
4264,10,2026-08-24 14:40:02.146193-04,21.658,15.995378,5,13022,1,1
4265,10,2026-08-24 14:40:03.145966-04,21.66,14.997019,5,13052,1,1
4266,10,2026-08-24 14:40:04.151733-04,21.659,13.995012,5,13082,1,1
4267,10,2026-08-24 14:40:05.145801-04,21.657,12.99332,5,13112,1,1
4268,10,2026-08-24 14:40:06.144131-04,21.657,11.995111,5,13142,1,1
4269,10,2026-08-24 14:40:07.146078-04,21.652,17.010792,5,13172,1,1
4270,10,2026-08-24 14:40:08.144804-04,21.652,16.010122,5,13202,1,1
4271,10,2026-08-24 14:40:09.148568-04,21.652,15.009631,5,13232,1,1
4272,10,2026-08-24 14:40:10.143106-04,21.652,14.010457,5,13262,1,1
4273,10,2026-08-24 14:40:11.148245-04,21.654,13.01226,5,13292,1,1
4274,10,2026-08-24 14:40:12.144573-04,21.654,12.012233,5,13322,1,1
4275,10,2026-08-24 14:40:13.146359-04,21.641,17.004314,5,13352,1,1
4276,10,2026-08-24 14:40:14.146747-04,21.641,16.00458,5,13382,1,1
4277,10,2026-08-24 14:40:15.146046-04,21.642,15.005523,5,13412,1,1
4278,10,2026-08-24 14:40:16.14707-04,21.641,14.004094,5,13442,1,1
4279,10,2026-08-24 14:40:17.145815-04,21.642,13.005589,5,13472,1,1
4280,10,2026-08-24 14:40:18.145194-04,21.642,12.006553,5,13502,1,1
4281,10,2026-08-24 14:40:19.146888-04,21.638,17.023153,5,13532,1,1
4282,10,2026-08-24 14:40:20.145937-04,21.637,16.022573,5,13562,1,1
4283,10,2026-08-24 14:40:21.146567-04,21.635,15.020356,5,13592,1,1
4284,10,2026-08-24 14:40:22.145426-04,21.635,14.020461,5,13622,1,1
4285,10,2026-08-24 14:40:23.145008-04,21.637,13.022133,5,13652,1,1
4286,10,2026-08-24 14:40:24.143151-04,21.635,12.020903,5,13682,1,1
4287,10,2026-08-24 14:40:25.143671-04,21.652,17.016096,5,13712,1,1
4288,10,2026-08-24 14:40:26.144728-04,21.651,16.015076,5,13742,1,1
4289,10,2026-08-24 14:40:27.145639-04,21.654,15.01829,5,13772,1,1
4290,10,2026-08-24 14:40:28.144921-04,21.654,14.017143,5,13802,1,1
4291,10,2026-08-24 14:40:29.146177-04,21.652,13.015736,5,13832,1,1
4292,10,2026-08-24 14:40:30.142598-04,21.651,12.01631,5,13862,1,1
4293,10,2026-08-24 14:40:31.146188-04,21.648,17.010569,5,13892,1,1
4294,10,2026-08-24 14:40:32.144883-04,21.645,16.008978,5,13922,1,1
4295,10,2026-08-24 14:40:33.146693-04,21.647,15.010047,5,13952,1,1
4296,10,2026-08-24 14:40:34.144242-04,21.648,14.011388,5,13982,1,1
4297,10,2026-08-24 14:40:35.146603-04,21.649,13.01242,5,14012,1,1
4298,10,2026-08-24 14:40:36.144708-04,21.648,12.011365,5,14042,1,1
4299,10,2026-08-24 14:40:37.146275-04,21.641,17.025658,5,14072,1,1
4300,10,2026-08-24 14:40:38.148656-04,21.641,16.022394,5,14102,1,1
4301,10,2026-08-24 14:40:39.145804-04,21.642,15.026844,5,14132,1,1
4302,10,2026-08-24 14:40:40.144317-04,21.64,14.025363,5,14162,1,1
4303,10,2026-08-24 14:40:41.148079-04,21.642,13.025598,5,14192,1,1
4304,10,2026-08-24 14:40:42.144828-04,21.64,12.026639,5,14222,1,1
4305,10,2026-08-24 14:40:43.148437-04,21.656,17.018646,5,14252,1,1
4306,10,2026-08-24 14:40:44.146538-04,21.658,16.019375,5,14282,1,1
4307,10,2026-08-24 14:40:45.145194-04,21.658,15.020786,5,14312,1,1
4308,10,2026-08-24 14:40:46.153722-04,21.657,14.018847,5,14342,1,1
4309,10,2026-08-24 14:40:47.148065-04,21.659,13.020902,5,14372,1,1
4310,10,2026-08-24 14:40:48.144609-04,21.657,12.020964,5,14402,1,1
4311,10,2026-08-24 14:40:49.146936-04,21.653,17.036423,5,14432,1,1
4312,10,2026-08-24 14:40:50.146125-04,21.653,16.036882,5,14462,1,1
4313,10,2026-08-24 14:40:51.144594-04,21.653,15.038509,5,14492,1,1
4314,10,2026-08-24 14:40:52.145618-04,21.655,14.038592,5,14522,1,1
4315,10,2026-08-24 14:40:53.148633-04,21.653,13.03629,5,14552,1,1
4316,10,2026-08-24 14:40:54.14552-04,21.652,12.037351,5,14582,1,1
4317,10,2026-08-24 14:40:55.146733-04,21.668,17.004988,5,14612,1,1
4318,10,2026-08-24 14:40:56.146886-04,21.667,16.00302,5,14642,1,1
4319,10,2026-08-24 14:40:57.145668-04,21.669,15.005165,5,14672,1,1
4320,10,2026-08-24 14:40:58.144638-04,21.669,14.006635,5,14702,1,1
4321,10,2026-08-24 14:40:59.146672-04,21.671,13.007015,5,14732,1,1
4322,10,2026-08-24 14:41:00.144189-04,21.671,12.009554,5,14762,1,1
4323,10,2026-08-24 14:41:01.146896-04,21.664,16.999119,5,14792,1,1
4324,10,2026-08-24 14:41:02.147706-04,21.662,15.998233,5,14822,1,1
4325,10,2026-08-24 14:41:03.146198-04,21.663,14.999078,5,14852,1,1
4326,10,2026-08-24 14:41:04.146086-04,21.662,13.998416,5,14882,1,1
4327,10,2026-08-24 14:41:05.144605-04,21.663,12.99941,5,14912,1,1
4328,10,2026-08-24 14:41:06.156441-04,21.664,12.002096,5,14942,1,1
4329,10,2026-08-24 14:41:07.145502-04,21.655,17.017954,5,14972,1,1
4330,10,2026-08-24 14:41:08.147498-04,21.655,16.018002,5,15002,1,1
4331,10,2026-08-24 14:41:09.145974-04,21.653,15.016817,5,15032,1,1
4332,10,2026-08-24 14:41:10.144268-04,21.651,14.01603,5,15062,1,1
4333,10,2026-08-24 14:41:11.146746-04,21.652,13.01437,5,15092,1,1
4334,10,2026-08-24 14:41:12.143408-04,21.651,12.015949,5,15122,1,1
4335,10,2026-08-24 14:41:13.146923-04,21.648,17.009846,5,15152,1,1
4336,10,2026-08-24 14:41:14.152507-04,21.648,16.011782,5,15182,1,1
4337,10,2026-08-24 14:41:15.146141-04,21.65,15.012832,5,15212,1,1
4338,10,2026-08-24 14:41:16.143986-04,21.65,14.013697,5,15242,1,1
4339,10,2026-08-24 14:41:17.148431-04,21.647,13.009534,5,15272,1,1
4340,10,2026-08-24 14:41:18.148208-04,21.647,12.011501,5,15302,1,1
4341,10,2026-08-24 14:41:19.148581-04,21.642,17.025259,5,15332,1,1
4342,10,2026-08-24 14:41:20.145125-04,21.642,16.026201,5,15362,1,1
4343,10,2026-08-24 14:41:21.146358-04,21.642,15.026596,5,15392,1,1
4344,10,2026-08-24 14:41:22.146936-04,21.642,14.025034,5,15422,1,1
4345,10,2026-08-24 14:41:23.14673-04,21.645,13.02801,5,15452,1,1
4346,10,2026-08-24 14:41:24.154847-04,21.644,12.029049,5,15482,1,1
4347,10,2026-08-24 14:41:25.147019-04,21.658,17.020802,5,15512,1,1
4348,10,2026-08-24 14:41:26.148535-04,21.657,16.020926,5,15542,1,1
4349,10,2026-08-24 14:41:27.146313-04,21.657,15.020314,5,15572,1,1
4350,10,2026-08-24 14:41:28.148591-04,21.658,14.020884,5,15602,1,1
4351,10,2026-08-24 14:41:29.14612-04,21.656,13.019305,5,15632,1,1
4352,10,2026-08-24 14:41:30.146301-04,21.658,12.023054,5,15662,1,1
4353,10,2026-08-24 14:41:31.14923-04,21.655,17.01232,5,15692,1,1
4354,10,2026-08-24 14:41:32.149004-04,21.655,16.011463,5,15722,1,1
4355,10,2026-08-24 14:41:33.148597-04,21.652,15.009881,5,15752,1,1
4356,10,2026-08-24 14:41:34.146713-04,21.651,14.008796,5,15782,1,1
4357,10,2026-08-24 14:41:35.14358-04,21.652,13.010642,5,15812,1,1
4358,10,2026-08-24 14:41:36.143538-04,21.651,12.009658,5,15842,1,1
4359,10,2026-08-24 14:41:37.145435-04,21.669,17.005945,5,15872,1,1
4360,10,2026-08-24 14:41:38.149271-04,21.668,16.004313,5,15902,1,1
4361,10,2026-08-24 14:41:39.147644-04,21.671,15.007134,5,15932,1,1
4362,10,2026-08-24 14:41:40.144749-04,21.672,14.006956,5,15962,1,1
4363,10,2026-08-24 14:41:41.144995-04,21.669,13.005975,5,15992,1,1
4364,10,2026-08-24 14:41:42.147474-04,21.667,12.005587,5,16022,1,1
4365,10,2026-08-24 14:41:43.147608-04,21.636,17.020405,5,16052,1,1
4366,10,2026-08-24 14:41:44.148022-04,21.634,16.019436,5,16082,1,1
4367,10,2026-08-24 14:41:45.14578-04,21.637,15.02221,5,16112,1,1
4368,10,2026-08-24 14:41:46.145694-04,21.637,14.020193,5,16142,1,1
4369,10,2026-08-24 14:41:47.145328-04,21.639,13.023141,5,16172,1,1
4370,10,2026-08-24 14:41:48.143346-04,21.64,12.025036,5,16202,1,1
4371,10,2026-08-24 14:41:49.147054-04,21.653,17.01664,5,16232,1,1
4372,10,2026-08-24 14:41:50.144407-04,21.651,16.014208,5,16262,1,1
4373,10,2026-08-24 14:41:51.144152-04,21.652,15.016588,5,16292,1,1
4374,10,2026-08-24 14:41:52.145426-04,21.651,14.012641,5,16322,1,1
4375,10,2026-08-24 14:41:53.146324-04,21.653,13.015478,5,16352,1,1
4376,10,2026-08-24 14:41:54.146723-04,21.652,12.016143,5,16382,1,1
4377,10,2026-08-24 14:41:55.145455-04,21.65,17.012653,5,16412,1,1
4378,10,2026-08-24 14:41:56.1452-04,21.65,16.01289,5,16442,1,1
4379,10,2026-08-24 14:41:57.14477-04,21.648,15.010704,5,16472,1,1
4380,10,2026-08-24 14:41:58.146516-04,21.646,14.009809,5,16502,1,1
4381,10,2026-08-24 14:41:59.145914-04,21.647,13.010618,5,16532,1,1
4382,10,2026-08-24 14:42:00.14249-04,21.646,12.010555,5,16562,1,1
4383,10,2026-08-24 14:42:01.145828-04,21.663,17.026106,5,16592,1,1
4384,10,2026-08-24 14:42:02.14496-04,21.663,16.02663,5,16622,1,1
4385,10,2026-08-24 14:42:03.146886-04,21.666,15.028521,5,16652,1,1
4386,10,2026-08-24 14:42:04.144244-04,21.665,14.028866,5,16682,1,1
4387,10,2026-08-24 14:42:05.146313-04,21.664,13.026703,5,16712,1,1
4388,10,2026-08-24 14:42:06.144401-04,21.661,12.025279,5,16742,1,1
4389,10,2026-08-24 14:42:07.145413-04,21.637,17.020666,5,16772,1,1
4390,10,2026-08-24 14:42:08.146087-04,21.635,16.018776,5,16802,1,1
4391,10,2026-08-24 14:42:09.144623-04,21.637,15.022234,5,16832,1,1
4392,10,2026-08-24 14:42:10.143709-04,21.636,14.020343,5,16862,1,1
4393,10,2026-08-24 14:42:11.145412-04,21.639,13.023499,5,16892,1,1
4394,10,2026-08-24 14:42:12.148676-04,21.635,12.02147,5,16922,1,1
4395,10,2026-08-24 14:42:13.145562-04,21.653,17.038038,5,16952,1,1
4396,10,2026-08-24 14:42:14.146305-04,21.65,16.034616,5,16982,1,1
4397,10,2026-08-24 14:42:15.145237-04,21.652,15.037339,5,17012,1,1
4398,10,2026-08-24 14:42:16.14628-04,21.651,14.034687,5,17042,1,1
4399,10,2026-08-24 14:42:17.146003-04,21.653,13.038223,5,17072,1,1
4400,10,2026-08-24 14:42:18.144519-04,21.651,12.036302,5,17102,1,1
4401,10,2026-08-24 14:42:19.145198-04,21.667,17.004013,5,17132,1,1
4402,10,2026-08-24 14:42:20.145133-04,21.67,16.00604,5,17162,1,1
4403,10,2026-08-24 14:42:21.148137-04,21.669,15.004466,5,17192,1,1
4404,10,2026-08-24 14:42:22.147306-04,21.666,14.003448,5,17222,1,1
4405,10,2026-08-24 14:42:23.149125-04,21.668,13.004524,5,17252,1,1
4406,10,2026-08-24 14:42:24.14323-04,21.667,12.005035,5,17282,1,1
4407,10,2026-08-24 14:42:25.142529-04,21.664,17.023247,5,17312,1,1
4408,10,2026-08-24 14:42:26.145057-04,21.664,16.021585,5,17342,1,1
4409,10,2026-08-24 14:42:27.15004-04,21.663,15.020888,5,17372,1,1
4410,10,2026-08-24 14:42:28.145853-04,21.666,14.023082,5,17402,1,1
4411,10,2026-08-24 14:42:29.147781-04,21.663,13.020932,5,17432,1,1
4412,10,2026-08-24 14:42:30.150659-04,21.663,12.021299,5,17462,1,1
4413,10,2026-08-24 14:42:31.146157-04,21.653,17.037495,5,17492,1,1
4414,10,2026-08-24 14:42:32.145715-04,21.653,16.036777,5,17522,1,1
4415,10,2026-08-24 14:42:33.146551-04,21.652,15.036629,5,17552,1,1
4416,10,2026-08-24 14:42:34.145456-04,21.653,14.03686,5,17582,1,1
4417,10,2026-08-24 14:42:35.145616-04,21.655,13.039282,5,17612,1,1
4418,10,2026-08-24 14:42:36.144731-04,21.655,12.040063,5,17642,1,1
4419,10,2026-08-24 14:42:37.146587-04,21.648,17.005077,5,17672,1,1
4420,10,2026-08-24 14:42:38.150611-04,21.645,16.003256,5,17702,1,1
4421,10,2026-08-24 14:42:39.147266-04,21.647,15.004363,5,17732,1,1
4422,10,2026-08-24 14:42:40.143224-04,21.645,14.004384,5,17762,1,1
4423,10,2026-08-24 14:42:41.145993-04,21.647,13.004242,5,17792,1,1
4424,10,2026-08-24 14:42:42.145488-04,21.647,12.006363,5,17822,1,1
4425,10,2026-08-24 14:42:43.148855-04,21.666,17.00185,5,17852,1,1
4426,10,2026-08-24 14:42:44.145169-04,21.665,16.001532,5,17882,1,1
4427,10,2026-08-24 14:42:45.144383-04,21.664,15.001752,5,17912,1,1
4428,10,2026-08-24 14:42:46.146557-04,21.661,13.998166,5,17942,1,1
4429,10,2026-08-24 14:42:47.144321-04,21.663,12.999307,5,17972,1,1
4430,10,2026-08-24 14:42:48.143866-04,21.662,11.999683,5,18002,1,1
4431,10,2026-08-24 14:42:49.145789-04,21.652,16.995468,5,18032,1,1
4432,10,2026-08-24 14:42:50.144815-04,21.653,15.996016,5,18062,1,1
4433,10,2026-08-24 14:42:51.14986-04,21.655,14.996435,5,18092,1,1
4434,10,2026-08-24 14:42:52.147431-04,21.654,13.995637,5,18122,1,1
4435,10,2026-08-24 14:42:53.148183-04,21.653,12.994346,5,18152,1,1
4436,10,2026-08-24 14:42:54.145079-04,21.65,11.993548,5,18182,1,1
4437,10,2026-08-24 14:42:55.145052-04,21.647,17.010801,5,18212,1,1
4438,10,2026-08-24 14:42:56.144317-04,21.645,16.009062,5,18242,1,1
4439,10,2026-08-24 14:42:57.144993-04,21.646,15.009034,5,18272,1,1
4440,10,2026-08-24 14:42:58.145871-04,21.647,14.010312,5,18302,1,1
4441,10,2026-08-24 14:42:59.148013-04,21.65,13.012478,5,18332,1,1
4442,10,2026-08-24 14:43:00.142957-04,21.649,12.014506,5,18362,1,1
4443,10,2026-08-24 14:43:01.145399-04,21.643,17.005468,5,18392,1,1
4444,10,2026-08-24 14:43:02.147042-04,21.64,16.003033,5,18422,1,1
4445,10,2026-08-24 14:43:03.146074-04,21.641,15.005267,5,18452,1,1
4446,10,2026-08-24 14:43:04.144958-04,21.641,14.004858,5,18482,1,1
4447,10,2026-08-24 14:43:05.145802-04,21.641,13.003536,5,18512,1,1
4448,10,2026-08-24 14:43:06.144697-04,21.641,12.005999,5,18542,1,1
4449,10,2026-08-24 14:43:07.14483-04,21.64,17.023722,5,18572,1,1
4450,10,2026-08-24 14:43:08.146565-04,21.639,16.023014,5,18602,1,1
4451,10,2026-08-24 14:43:09.145581-04,21.637,15.021898,5,18632,1,1
4452,10,2026-08-24 14:43:10.144823-04,21.634,14.018461,5,18662,1,1
4453,10,2026-08-24 14:43:11.147067-04,21.636,13.02129,5,18692,1,1
4454,10,2026-08-24 14:43:12.143683-04,21.634,12.020493,5,18722,1,1
4455,10,2026-08-24 14:43:13.143702-04,21.652,16.994843,5,18752,1,1
4456,10,2026-08-24 14:43:14.146703-04,21.652,15.993364,5,18782,1,1
4457,10,2026-08-24 14:43:15.144826-04,21.655,14.997455,5,18812,1,1
4458,10,2026-08-24 14:43:16.145641-04,21.654,13.995807,5,18842,1,1
4459,10,2026-08-24 14:43:17.147449-04,21.653,12.994858,5,18872,1,1
4460,10,2026-08-24 14:43:18.143828-04,21.65,11.99388,5,18902,1,1
4461,10,2026-08-24 14:43:19.145177-04,21.647,17.010023,5,18932,1,1
4462,10,2026-08-24 14:43:20.147494-04,21.645,16.00781,5,18962,1,1
4463,10,2026-08-24 14:43:21.146899-04,21.646,15.00982,5,18992,1,1
4464,10,2026-08-24 14:43:22.146015-04,21.647,14.009907,5,19022,1,1
4465,10,2026-08-24 14:43:23.145634-04,21.65,13.012664,5,19052,1,1
4466,10,2026-08-24 14:43:24.146439-04,21.649,12.013961,5,19082,1,1
4467,10,2026-08-24 14:43:25.145182-04,21.642,17.02645,5,19112,1,1
4468,10,2026-08-24 14:43:26.147146-04,21.639,16.024569,5,19142,1,1
4469,10,2026-08-24 14:43:27.146178-04,21.642,15.026242,5,19172,1,1
4470,10,2026-08-24 14:43:28.147783-04,21.642,14.026131,5,19202,1,1
4471,10,2026-08-24 14:43:29.149441-04,21.641,13.026045,5,19232,1,1
4472,10,2026-08-24 14:43:30.143297-04,21.642,12.028235,5,19262,1,1
4473,10,2026-08-24 14:43:31.144962-04,21.639,16.996174,5,19292,1,1
4474,10,2026-08-24 14:43:32.145837-04,21.638,15.995308,5,19322,1,1
4475,10,2026-08-24 14:43:33.144758-04,21.638,14.995068,5,19352,1,1
4476,10,2026-08-24 14:43:34.146623-04,21.636,13.993404,5,19382,1,1
4477,10,2026-08-24 14:43:35.144481-04,21.636,12.994623,5,19412,1,1
4478,10,2026-08-24 14:43:36.143529-04,21.634,11.99375,5,19442,1,1
4479,10,2026-08-24 14:43:37.14611-04,21.653,17.010696,5,19472,1,1
4480,10,2026-08-24 14:43:38.151063-04,21.651,16.008583,5,19502,1,1
4481,10,2026-08-24 14:43:39.146577-04,21.654,15.012766,5,19532,1,1
4482,10,2026-08-24 14:43:40.147513-04,21.656,14.012345,5,19562,1,1
4483,10,2026-08-24 14:43:41.147485-04,21.655,13.012556,5,19592,1,1
4484,10,2026-08-24 14:43:42.149233-04,21.654,12.01063,5,19622,1,1
4485,10,2026-08-24 14:43:43.148321-04,21.645,17.005224,5,19652,1,1
4486,10,2026-08-24 14:43:44.151031-04,21.645,16.002398,5,19682,1,1
4487,10,2026-08-24 14:43:45.154231-04,21.648,15.004881,5,19712,1,1
4488,10,2026-08-24 14:43:46.15514-04,21.649,14.004814,5,19742,1,1
4489,10,2026-08-24 14:43:47.152944-04,21.652,13.007622,5,19772,1,1
4490,10,2026-08-24 14:43:48.153317-04,21.652,12.008029,5,19802,1,1
4491,10,2026-08-24 14:43:49.153761-04,21.647,17.02302,5,19832,1,1
4492,10,2026-08-24 14:43:50.157985-04,21.646,16.020147,5,19862,1,1
4493,10,2026-08-24 14:43:51.159524-04,21.647,15.020203,5,19892,1,1
4494,10,2026-08-24 14:43:52.155416-04,21.646,14.01992,5,19922,1,1
4495,10,2026-08-24 14:43:53.157074-04,21.648,13.020207,5,19952,1,1
4496,10,2026-08-24 14:43:54.155354-04,21.648,12.021742,5,19982,1,1
4497,10,2026-08-24 14:43:55.160652-04,21.667,16.99579,5,20012,1,1
4498,10,2026-08-24 14:43:56.158877-04,21.664,15.992381,5,20042,1,1
4499,10,2026-08-24 14:43:57.16023-04,21.666,14.9934,5,20072,1,1
4500,10,2026-08-24 14:43:58.161298-04,21.665,13.992813,5,20102,1,1
4501,10,2026-08-24 14:43:59.162327-04,21.666,12.992495,5,20132,1,1
4502,10,2026-08-24 14:44:00.160225-04,21.665,11.992905,5,20162,1,1
4503,10,2026-08-24 14:44:01.161646-04,21.662,17.010113,5,20192,1,1
4504,10,2026-08-24 14:44:02.161292-04,21.662,16.008797,5,20222,1,1
4505,10,2026-08-24 14:44:03.163915-04,21.662,15.009742,5,20252,1,1
4506,10,2026-08-24 14:44:04.163857-04,21.665,14.012069,5,20282,1,1
4507,10,2026-08-24 14:44:05.161677-04,21.665,13.011435,5,20312,1,1
4508,10,2026-08-24 14:44:06.160763-04,21.662,12.009998,5,20342,1,1
4509,10,2026-08-24 14:44:07.164357-04,21.679,17.003468,5,20372,1,1
4510,10,2026-08-24 14:44:08.164255-04,21.678,16.002829,5,20402,1,1
4511,10,2026-08-24 14:44:09.163805-04,21.68,15.005133,5,20432,1,1
4512,10,2026-08-24 14:44:10.161938-04,21.68,14.004895,5,20462,1,1
4513,10,2026-08-24 14:44:11.164963-04,21.68,13.004035,5,20492,1,1
4514,10,2026-08-24 14:44:12.164447-04,21.683,12.008409,5,20522,1,1
4515,10,2026-08-24 14:44:13.164097-04,21.655,17.000246,5,20552,1,1
4516,10,2026-08-24 14:44:14.165435-04,21.653,15.998246,5,20582,1,1
4517,10,2026-08-24 14:44:15.167053-04,21.653,14.998095,5,20612,1,1
4518,10,2026-08-24 14:44:16.166343-04,21.652,13.997161,5,20642,1,1
4519,10,2026-08-24 14:44:17.165869-04,21.656,13.000416,5,20672,1,1
4520,10,2026-08-24 14:44:18.162286-04,21.654,12.000827,5,20702,1,1
4521,10,2026-08-24 14:44:19.167209-04,21.673,17.017323,5,20732,1,1
4522,10,2026-08-24 14:44:20.166624-04,21.673,16.016705,5,20762,1,1
4523,10,2026-08-24 14:44:21.167278-04,21.673,15.016848,5,20792,1,1
4524,10,2026-08-24 14:44:22.166633-04,21.67,14.014049,5,20822,1,1
4525,10,2026-08-24 14:44:23.167881-04,21.671,13.014377,5,20852,1,1
4526,10,2026-08-24 14:44:24.162315-04,21.67,12.014606,5,20882,1,1
4527,10,2026-08-24 14:44:25.166688-04,21.666,17.010075,5,20912,1,1
4528,10,2026-08-24 14:44:26.165513-04,21.666,16.010046,5,20942,1,1
4529,10,2026-08-24 14:44:27.166951-04,21.669,15.012658,5,20972,1,1
4530,10,2026-08-24 14:44:28.165727-04,21.668,14.011086,5,21002,1,1
4531,10,2026-08-24 14:44:29.168822-04,21.666,13.009409,5,21032,1,1
4532,10,2026-08-24 14:44:30.16385-04,21.666,12.010703,5,21062,1,1
4533,10,2026-08-24 14:44:31.167427-04,21.66,17.02521,5,21092,1,1
4534,10,2026-08-24 14:44:32.16815-04,21.659,16.024256,5,21122,1,1
4535,10,2026-08-24 14:44:33.168367-04,21.662,15.026021,5,21152,1,1
4536,10,2026-08-24 14:44:34.16824-04,21.662,14.026478,5,21182,1,1
4537,10,2026-08-24 14:44:35.168341-04,21.66,13.024289,5,21212,1,1
4538,10,2026-08-24 14:44:36.163242-04,21.663,12.029845,5,21242,1,1
4539,10,2026-08-24 14:44:37.167921-04,21.678,16.995062,5,21272,1,1
4540,10,2026-08-24 14:44:38.166347-04,21.677,15.99284,5,21302,1,1
4541,10,2026-08-24 14:44:39.165153-04,21.677,14.993245,5,21332,1,1
4542,10,2026-08-24 14:44:40.16542-04,21.678,13.994127,5,21362,1,1
4543,10,2026-08-24 14:44:41.168804-04,21.678,12.994559,5,21392,1,1
4544,10,2026-08-24 14:44:42.167357-04,21.678,11.994668,5,21422,1,1
4545,10,2026-08-24 14:44:43.167924-04,21.674,17.011726,5,21452,1,1
4546,10,2026-08-24 14:44:44.16754-04,21.675,16.01259,5,21482,1,1
4547,10,2026-08-24 14:44:45.167665-04,21.672,15.009997,5,21512,1,1
4548,10,2026-08-24 14:44:46.166627-04,21.671,14.00864,5,21542,1,1
4549,10,2026-08-24 14:44:47.167433-04,21.671,13.008899,5,21572,1,1
4550,10,2026-08-24 14:44:48.164119-04,21.671,12.009579,5,21602,1,1
4551,10,2026-08-24 14:44:49.165266-04,21.661,17.026634,5,21632,1,1
4552,10,2026-08-24 14:44:50.164902-04,21.661,16.02554,5,21662,1,1
4553,10,2026-08-24 14:44:51.166466-04,21.664,15.028521,5,21692,1,1
4554,10,2026-08-24 14:44:52.167748-04,21.663,14.027385,5,21722,1,1
4555,10,2026-08-24 14:44:53.167441-04,21.663,13.027318,5,21752,1,1
4556,10,2026-08-24 14:44:54.164035-04,21.661,12.026394,5,21782,1,1
4557,10,2026-08-24 14:44:55.168089-04,21.657,16.994091,5,21812,1,1
4558,10,2026-08-24 14:44:56.16581-04,21.655,15.993644,5,21842,1,1
4559,10,2026-08-24 14:44:57.168094-04,21.655,14.991527,5,21872,1,1
4560,10,2026-08-24 14:44:58.167411-04,21.656,13.993072,5,21902,1,1
4561,10,2026-08-24 14:44:59.168462-04,21.66,12.996842,5,21932,1,1
4562,10,2026-08-24 14:45:00.164577-04,21.658,11.996632,5,21962,1,1
4563,10,2026-08-24 14:45:01.168504-04,21.675,17.011032,5,21992,1,1
4564,10,2026-08-24 14:45:02.16317-04,21.67,16.00952,5,22022,1,1
4565,10,2026-08-24 14:45:03.167221-04,21.672,15.009674,5,22052,1,1
4566,10,2026-08-24 14:45:04.167503-04,21.671,14.007784,5,22082,1,1
4567,10,2026-08-24 14:45:05.168353-04,21.673,13.009745,5,22112,1,1
4568,10,2026-08-24 14:45:06.164684-04,21.672,12.010505,5,22142,1,1
4569,10,2026-08-24 14:45:07.167473-04,21.665,17.007395,5,22172,1,1
4570,10,2026-08-24 14:45:08.164958-04,21.664,16.006426,5,22202,1,1
4571,10,2026-08-24 14:45:09.167913-04,21.663,15.006118,5,22232,1,1
4572,10,2026-08-24 14:45:10.165097-04,21.661,14.003757,5,22262,1,1
4573,10,2026-08-24 14:45:11.167833-04,21.661,13.004191,5,22292,1,1
4574,10,2026-08-24 14:45:12.164221-04,21.66,12.005056,5,22322,1,1
4575,10,2026-08-24 14:45:13.168423-04,21.656,17.019861,5,22352,1,1
4576,10,2026-08-24 14:45:14.167895-04,21.656,16.019638,5,22382,1,1
4577,10,2026-08-24 14:45:15.166272-04,21.659,15.023361,5,22412,1,1
4578,10,2026-08-24 14:45:16.169083-04,21.657,14.020374,5,22442,1,1
4579,10,2026-08-24 14:45:17.169056-04,21.659,13.02191,5,22472,1,1
4580,10,2026-08-24 14:45:18.164725-04,21.655,12.021611,5,22502,1,1
4581,10,2026-08-24 14:45:19.16857-04,21.672,17.015013,5,22532,1,1
4582,10,2026-08-24 14:45:20.168265-04,21.671,16.01408,5,22562,1,1
4583,10,2026-08-24 14:45:21.168184-04,21.672,15.014947,5,22592,1,1
4584,10,2026-08-24 14:45:22.16924-04,21.672,14.013406,5,22622,1,1
4585,10,2026-08-24 14:45:23.169329-04,21.676,13.017729,5,22652,1,1
4586,10,2026-08-24 14:45:24.164476-04,21.675,12.018914,5,22682,1,1
4587,10,2026-08-24 14:45:25.165837-04,21.667,17.031498,5,22712,1,1
4588,10,2026-08-24 14:45:26.166864-04,21.667,16.030766,5,22742,1,1
4589,10,2026-08-24 14:45:27.166146-04,21.666,15.030614,5,22772,1,1
4590,10,2026-08-24 14:45:28.169724-04,21.668,14.031491,5,22802,1,1
4591,10,2026-08-24 14:45:29.166654-04,21.666,13.03052,5,22832,1,1
4592,10,2026-08-24 14:45:30.163931-04,21.666,12.031923,5,22862,1,1
4593,10,2026-08-24 14:45:31.169417-04,21.685,17.026663,5,22892,1,1
4594,10,2026-08-24 14:45:32.167251-04,21.684,16.026028,5,22922,1,1
4595,10,2026-08-24 14:45:33.170083-04,21.684,15.025773,5,22952,1,1
4596,10,2026-08-24 14:45:34.168623-04,21.683,14.024766,5,22982,1,1
4597,10,2026-08-24 14:45:35.172824-04,21.683,13.02547,5,23012,1,1
4598,10,2026-08-24 14:45:36.164088-04,21.682,12.026143,5,23042,1,1
4599,10,2026-08-24 14:45:37.169551-04,21.677,17.019424,5,23072,1,1
4600,10,2026-08-24 14:45:38.169051-04,21.678,16.019518,5,23102,1,1
4601,10,2026-08-24 14:45:39.166149-04,21.681,15.023369,5,23132,1,1
4602,10,2026-08-24 14:45:40.16737-04,21.68,14.023934,5,23162,1,1
4603,10,2026-08-24 14:45:41.168587-04,21.68,13.022478,5,23192,1,1
4604,10,2026-08-24 14:45:42.165-04,21.677,12.021945,5,23222,1,1
4605,10,2026-08-24 14:45:43.168465-04,21.672,17.01485,5,23252,1,1
4606,10,2026-08-24 14:45:44.165191-04,21.672,16.014364,5,23282,1,1
4607,10,2026-08-24 14:45:45.167844-04,21.672,15.014535,5,23312,1,1
4608,10,2026-08-24 14:45:46.168268-04,21.672,14.015213,5,23342,1,1
4609,10,2026-08-24 14:45:47.168189-04,21.675,13.01827,5,23372,1,1
4610,10,2026-08-24 14:45:48.164717-04,21.675,12.019746,5,23402,1,1
4611,10,2026-08-24 14:45:49.164998-04,21.691,17.033358,5,23432,1,1
4612,10,2026-08-24 14:45:50.170043-04,21.687,16.031004,5,23462,1,1
4613,10,2026-08-24 14:45:51.16587-04,21.688,15.031006,5,23492,1,1
4614,10,2026-08-24 14:45:52.165632-04,21.689,14.031498,5,23522,1,1
4615,10,2026-08-24 14:45:53.167932-04,21.688,13.030016,5,23552,1,1
4616,10,2026-08-24 14:45:54.164345-04,21.689,12.032568,5,23582,1,1
4617,10,2026-08-24 14:45:55.169167-04,21.686,17.00145,5,23612,1,1
4618,10,2026-08-24 14:45:56.16758-04,21.685,16.000984,5,23642,1,1
4619,10,2026-08-24 14:45:57.167652-04,21.685,15.001506,5,23672,1,1
4620,10,2026-08-24 14:45:58.1677-04,21.683,13.998869,5,23702,1,1
4621,10,2026-08-24 14:45:59.166383-04,21.683,13.000569,5,23732,1,1
4622,10,2026-08-24 14:46:00.170618-04,21.682,11.99937,5,23762,1,1
4623,10,2026-08-24 14:46:01.16741-04,21.678,17.014235,5,23792,1,1
4624,10,2026-08-24 14:46:02.167688-04,21.676,16.013975,5,23822,1,1
4625,10,2026-08-24 14:46:03.166849-04,21.681,15.018244,5,23852,1,1
4626,10,2026-08-24 14:46:04.165854-04,21.68,14.016256,5,23882,1,1
4627,10,2026-08-24 14:46:05.165775-04,21.679,13.015987,5,23912,1,1
4628,10,2026-08-24 14:46:06.17182-04,21.678,12.016165,5,23942,1,1
4629,10,2026-08-24 14:46:07.169358-04,21.667,17.009308,5,23972,1,1
4630,10,2026-08-24 14:46:08.169157-04,21.668,16.009686,5,24002,1,1
4631,10,2026-08-24 14:46:09.17035-04,21.667,15.008339,5,24032,1,1
4632,10,2026-08-24 14:46:10.164516-04,21.666,14.008924,5,24062,1,1
4633,10,2026-08-24 14:46:11.1687-04,21.67,13.012738,5,24092,1,1
4634,10,2026-08-24 14:46:12.164468-04,21.67,12.01375,5,24122,1,1
4635,10,2026-08-24 14:46:13.168724-04,21.664,17.027624,5,24152,1,1
4636,10,2026-08-24 14:46:14.168318-04,21.662,16.024925,5,24182,1,1
4637,10,2026-08-24 14:46:15.165468-04,21.662,15.026152,5,24212,1,1
4638,10,2026-08-24 14:46:16.166326-04,21.661,14.024947,5,24242,1,1
4639,10,2026-08-24 14:46:17.167943-04,21.661,13.026269,5,24272,1,1
4640,10,2026-08-24 14:46:18.16376-04,21.662,12.028044,5,24302,1,1
4641,10,2026-08-24 14:46:19.165989-04,21.68,17.023485,5,24332,1,1
4642,10,2026-08-24 14:46:20.167958-04,21.68,16.02287,5,24362,1,1
4643,10,2026-08-24 14:46:21.167386-04,21.68,15.022871,5,24392,1,1
4644,10,2026-08-24 14:46:22.168055-04,21.678,14.019626,5,24422,1,1
4645,10,2026-08-24 14:46:23.167947-04,21.677,13.018673,5,24452,1,1
4646,10,2026-08-24 14:46:24.165519-04,21.677,12.020849,5,24482,1,1
4647,10,2026-08-24 14:46:25.167598-04,21.673,17.01452,5,24512,1,1
4648,10,2026-08-24 14:46:26.167694-04,21.673,16.01484,5,24542,1,1
4649,10,2026-08-24 14:46:27.16674-04,21.675,15.016646,5,24572,1,1
4650,10,2026-08-24 14:46:28.166411-04,21.675,14.017255,5,24602,1,1
4651,10,2026-08-24 14:46:29.167335-04,21.675,13.017722,5,24632,1,1
4652,10,2026-08-24 14:46:30.167312-04,21.673,12.016901,5,24662,1,1
4653,10,2026-08-24 14:46:31.168478-04,21.666,17.008686,5,24692,1,1
4654,10,2026-08-24 14:46:32.168046-04,21.668,16.010187,5,24722,1,1
4655,10,2026-08-24 14:46:33.166768-04,21.667,15.009184,5,24752,1,1
4656,10,2026-08-24 14:46:34.169097-04,21.667,14.008774,5,24782,1,1
4657,10,2026-08-24 14:46:35.172015-04,21.669,13.011118,5,24812,1,1
4658,10,2026-08-24 14:46:36.164495-04,21.668,12.01312,5,24842,1,1
4659,10,2026-08-24 14:46:37.169483-04,21.686,17.027878,5,24872,1,1
4660,10,2026-08-24 14:46:38.167339-04,21.683,16.025036,5,24902,1,1
4661,10,2026-08-24 14:46:39.169443-04,21.683,15.024775,5,24932,1,1
4662,10,2026-08-24 14:46:40.165782-04,21.684,14.025599,5,24962,1,1
4663,10,2026-08-24 14:46:41.168018-04,21.684,13.026794,5,24992,1,1
4664,10,2026-08-24 14:46:42.16674-04,21.683,12.026763,5,25022,1,1
4665,10,2026-08-24 14:46:43.166936-04,21.68,16.99534,5,25052,1,1
4666,10,2026-08-24 14:46:44.168837-04,21.679,15.995371,5,25082,1,1
4667,10,2026-08-24 14:46:45.168037-04,21.679,14.994106,5,25112,1,1
4668,10,2026-08-24 14:46:46.169386-04,21.678,13.992779,5,25142,1,1
4669,10,2026-08-24 14:46:47.16885-04,21.677,12.992233,5,25172,1,1
4670,10,2026-08-24 14:46:48.165688-04,21.677,11.993888,5,25202,1,1
4671,10,2026-08-24 14:46:49.16789-04,21.672,17.00876,5,25232,1,1
4672,10,2026-08-24 14:46:50.172467-04,21.673,16.00972,5,25262,1,1
4673,10,2026-08-24 14:46:51.167784-04,21.674,15.011555,5,25292,1,1
4674,10,2026-08-24 14:46:52.168436-04,21.675,14.011395,5,25322,1,1
4675,10,2026-08-24 14:46:53.165875-04,21.675,13.012593,5,25352,1,1
4676,10,2026-08-24 14:46:54.164605-04,21.673,12.011404,5,25382,1,1
4677,10,2026-08-24 14:46:55.169715-04,21.661,17.02538,5,25412,1,1
4678,10,2026-08-24 14:46:56.168593-04,21.663,16.026114,5,25442,1,1
4679,10,2026-08-24 14:46:57.167305-04,21.662,15.025688,5,25472,1,1
4680,10,2026-08-24 14:46:58.167586-04,21.661,14.024705,5,25502,1,1
4681,10,2026-08-24 14:46:59.167781-04,21.664,13.027269,5,25532,1,1
4682,10,2026-08-24 14:47:00.16464-04,21.664,12.030444,5,25562,1,1
4683,10,2026-08-24 14:47:01.169244-04,21.659,17.022606,5,25592,1,1
4684,10,2026-08-24 14:47:02.167193-04,21.657,16.020197,5,25622,1,1
4685,10,2026-08-24 14:47:03.168198-04,21.656,15.019209,5,25652,1,1
4686,10,2026-08-24 14:47:04.168991-04,21.658,14.020827,5,25682,1,1
4687,10,2026-08-24 14:47:05.16794-04,21.657,13.019972,5,25712,1,1
4688,10,2026-08-24 14:47:06.163802-04,21.655,12.021582,5,25742,1,1
4689,10,2026-08-24 14:47:07.165597-04,21.674,17.017208,5,25772,1,1
4690,10,2026-08-24 14:47:08.167895-04,21.674,16.015799,5,25802,1,1
4691,10,2026-08-24 14:47:09.169079-04,21.676,15.0176,5,25832,1,1
4692,10,2026-08-24 14:47:10.175082-04,21.671,14.014026,5,25862,1,1
4693,10,2026-08-24 14:47:11.169263-04,21.672,13.013345,5,25892,1,1
4694,10,2026-08-24 14:47:12.164651-04,21.672,12.015757,5,25922,1,1
4695,10,2026-08-24 14:47:13.16767-04,21.689,17.010426,5,25952,1,1
4696,10,2026-08-24 14:47:14.165394-04,21.688,16.010529,5,25982,1,1
4697,10,2026-08-24 14:47:15.167604-04,21.691,15.011655,5,26012,1,1
4698,10,2026-08-24 14:47:16.167498-04,21.69,14.011164,5,26042,1,1
4699,10,2026-08-24 14:47:17.167729-04,21.692,13.012012,5,26072,1,1
4700,10,2026-08-24 14:47:18.16494-04,21.689,12.011998,5,26102,1,1
4701,10,2026-08-24 14:47:19.169122-04,21.682,17.024305,5,26132,1,1
4702,10,2026-08-24 14:47:20.167538-04,21.683,16.025602,5,26162,1,1
4703,10,2026-08-24 14:47:21.168792-04,21.684,15.025754,5,26192,1,1
4704,10,2026-08-24 14:47:22.166136-04,21.682,14.024347,5,26222,1,1
4705,10,2026-08-24 14:47:23.172102-04,21.684,13.026276,5,26252,1,1
4706,10,2026-08-24 14:47:24.166083-04,21.686,12.029651,5,26282,1,1
4707,10,2026-08-24 14:47:25.1645-04,21.681,16.998615,5,26312,1,1
4708,10,2026-08-24 14:47:26.169083-04,21.679,15.993729,5,26342,1,1
4709,10,2026-08-24 14:47:27.167156-04,21.678,14.993814,5,26372,1,1
4710,10,2026-08-24 14:47:28.179974-04,21.679,13.994151,5,26402,1,1
4711,10,2026-08-24 14:47:29.166969-04,21.678,12.993638,5,26432,1,1
4712,10,2026-08-24 14:47:30.164822-04,21.676,11.994224,5,26462,1,1
4713,10,2026-08-24 14:47:31.168884-04,21.672,17.009766,5,26492,1,1
4714,10,2026-08-24 14:47:32.168664-04,21.673,16.009052,5,26522,1,1
4715,10,2026-08-24 14:47:33.16842-04,21.676,15.012312,5,26552,1,1
4716,10,2026-08-24 14:47:34.167196-04,21.673,14.009682,5,26582,1,1
4717,10,2026-08-24 14:47:35.169036-04,21.672,13.008524,5,26612,1,1
4718,10,2026-08-24 14:47:36.164588-04,21.672,12.011375,5,26642,1,1
4719,10,2026-08-24 14:47:37.165731-04,21.662,17.004839,5,26672,1,1
4720,10,2026-08-24 14:47:38.168062-04,21.661,16.00296,5,26702,1,1
4721,10,2026-08-24 14:47:39.168269-04,21.664,15.006914,5,26732,1,1
4722,10,2026-08-24 14:47:40.164288-04,21.664,14.006497,5,26762,1,1
4723,10,2026-08-24 14:47:41.167893-04,21.665,13.007008,5,26792,1,1
4724,10,2026-08-24 14:47:42.164476-04,21.662,12.005961,5,26822,1,1
4725,10,2026-08-24 14:47:43.168652-04,21.656,17.01918,5,26852,1,1
4726,10,2026-08-24 14:47:44.168164-04,21.658,16.020752,5,26882,1,1
4727,10,2026-08-24 14:47:45.169342-04,21.657,15.020288,5,26912,1,1
4728,10,2026-08-24 14:47:46.163892-04,21.656,14.020709,5,26942,1,1
4729,10,2026-08-24 14:47:47.167004-04,21.657,13.020464,5,26972,1,1
4730,10,2026-08-24 14:47:48.164412-04,21.658,12.02358,5,27002,1,1
4731,10,2026-08-24 14:47:49.170829-04,21.676,17.01843,5,27032,1,1
4732,10,2026-08-24 14:47:50.167464-04,21.674,16.015385,5,27062,1,1
4733,10,2026-08-24 14:47:51.166224-04,21.672,15.013873,5,27092,1,1
4734,10,2026-08-24 14:47:52.167469-04,21.673,14.015189,5,27122,1,1
4735,10,2026-08-24 14:47:53.167472-04,21.673,13.014984,5,27152,1,1
4736,10,2026-08-24 14:47:54.164901-04,21.672,12.015591,5,27182,1,1
4737,10,2026-08-24 14:47:55.169005-04,21.67,17.01162,5,27212,1,1
4738,10,2026-08-24 14:47:56.166997-04,21.67,16.011362,5,27242,1,1
4739,10,2026-08-24 14:47:57.167449-04,21.671,15.012776,5,27272,1,1
4740,10,2026-08-24 14:47:58.168724-04,21.668,14.009925,5,27302,1,1
4741,10,2026-08-24 14:47:59.167004-04,21.667,13.008763,5,27332,1,1
4742,10,2026-08-24 14:48:00.165736-04,21.667,12.010766,5,27362,1,1
4743,10,2026-08-24 14:48:01.167271-04,21.662,17.025581,5,27392,1,1
4744,10,2026-08-24 14:48:02.167961-04,21.661,16.024202,5,27422,1,1
4745,10,2026-08-24 14:48:03.169246-04,21.665,15.028198,5,27452,1,1
4746,10,2026-08-24 14:48:04.167833-04,21.664,14.026788,5,27482,1,1
4747,10,2026-08-24 14:48:05.167897-04,21.665,13.028191,5,27512,1,1
4748,10,2026-08-24 14:48:06.164926-04,21.663,12.027736,5,27542,1,1
4749,10,2026-08-24 14:48:07.168744-04,21.678,17.019451,5,27572,1,1
4750,10,2026-08-24 14:48:08.16715-04,21.678,16.020844,5,27602,1,1
4751,10,2026-08-24 14:48:09.169343-04,21.677,15.018392,5,27632,1,1
4752,10,2026-08-24 14:48:10.169215-04,21.678,14.019656,5,27662,1,1
4753,10,2026-08-24 14:48:11.167989-04,21.681,13.02238,5,27692,1,1
4754,10,2026-08-24 14:48:12.165528-04,21.679,12.02333,5,27722,1,1
4755,10,2026-08-24 14:48:13.169662-04,21.675,17.010843,5,27752,1,1
4756,10,2026-08-24 14:48:14.169006-04,21.674,16.009493,5,27782,1,1
4757,10,2026-08-24 14:48:15.169837-04,21.672,15.008637,5,27812,1,1
4758,10,2026-08-24 14:48:16.167707-04,21.672,14.009021,5,27842,1,1
4759,10,2026-08-24 14:48:17.169939-04,21.672,13.007754,5,27872,1,1
4760,10,2026-08-24 14:48:18.164839-04,21.672,12.010052,5,27902,1,1
4761,10,2026-08-24 14:48:19.169854-04,21.692,17.005999,5,27932,1,1
4762,10,2026-08-24 14:48:20.167338-04,21.689,16.00459,5,27962,1,1
4763,10,2026-08-24 14:48:21.167145-04,21.689,15.004157,5,27992,1,1
4764,10,2026-08-24 14:48:22.167499-04,21.688,14.003479,5,28022,1,1
4765,10,2026-08-24 14:48:23.167176-04,21.688,13.003644,5,28052,1,1
4766,10,2026-08-24 14:48:24.165294-04,21.689,12.006437,5,28082,1,1
4767,10,2026-08-24 14:48:25.167235-04,21.656,17.02026,5,28112,1,1
4768,10,2026-08-24 14:48:26.167861-04,21.656,16.019232,5,28142,1,1
4769,10,2026-08-24 14:48:27.167663-04,21.66,15.022891,5,28172,1,1
4770,10,2026-08-24 14:48:28.167031-04,21.658,14.020572,5,28202,1,1
4771,10,2026-08-24 14:48:29.170003-04,21.66,13.021754,5,28232,1,1
4772,10,2026-08-24 14:48:30.164911-04,21.656,12.020392,5,28262,1,1
4773,10,2026-08-24 14:48:31.167745-04,21.672,17.008478,5,28292,1,1
4774,10,2026-08-24 14:48:32.170169-04,21.672,16.007341,5,28322,1,1
4775,10,2026-08-24 14:48:33.169211-04,21.672,15.008882,5,28352,1,1
4776,10,2026-08-24 14:48:34.166895-04,21.672,14.008407,5,28382,1,1
4777,10,2026-08-24 14:48:35.167118-04,21.674,13.010379,5,28412,1,1
4778,10,2026-08-24 14:48:36.166645-04,21.675,12.013758,5,28442,1,1
4779,10,2026-08-24 14:48:37.170287-04,21.671,17.007195,5,28472,1,1
4780,10,2026-08-24 14:48:38.167428-04,21.667,16.003464,5,28502,1,1
4781,10,2026-08-24 14:48:39.177902-04,21.666,15.002765,5,28532,1,1
4782,10,2026-08-24 14:48:40.166445-04,21.668,14.004818,5,28562,1,1
4783,10,2026-08-24 14:48:41.168612-04,21.667,13.003352,5,28592,1,1
4784,10,2026-08-24 14:48:42.169508-04,21.667,12.005577,5,28622,1,1
4785,10,2026-08-24 14:48:43.169251-04,21.657,17.020155,5,28652,1,1
4786,10,2026-08-24 14:48:44.168161-04,21.658,16.021582,5,28682,1,1
4787,10,2026-08-24 14:48:45.184706-04,21.658,15.021077,5,28712,1,1
4788,10,2026-08-24 14:48:46.169761-04,21.656,14.018832,5,28742,1,1
4789,10,2026-08-24 14:48:47.171384-04,21.657,13.02138,5,28772,1,1
4790,10,2026-08-24 14:48:48.165702-04,21.657,12.022079,5,28802,1,1
4791,10,2026-08-24 14:48:49.167023-04,21.671,17.013184,5,28832,1,1
4792,10,2026-08-24 14:48:50.165191-04,21.674,16.015444,5,28862,1,1
4793,10,2026-08-24 14:48:51.168-04,21.675,15.017182,5,28892,1,1
4794,10,2026-08-24 14:48:52.168568-04,21.672,14.013553,5,28922,1,1
4795,10,2026-08-24 14:48:53.16641-04,21.677,13.018543,5,28952,1,1
4796,10,2026-08-24 14:48:54.191611-04,21.674,12.014521,5,28982,1,1
4797,10,2026-08-24 14:48:55.18551-04,21.668,17.031586,5,29012,1,1
4798,10,2026-08-24 14:48:56.168827-04,21.668,16.030058,5,29042,1,1
4799,10,2026-08-24 14:48:57.192611-04,21.667,15.029546,5,29072,1,1
4800,10,2026-08-24 14:48:58.166992-04,21.667,14.030232,5,29102,1,1
4801,10,2026-08-24 14:48:59.16478-04,21.67,13.032685,5,29132,1,1
4802,10,2026-08-24 14:49:00.169476-04,21.667,12.032423,5,29162,1,1
4803,10,2026-08-24 14:49:01.173697-04,21.685,17.005816,5,29192,1,1
4804,10,2026-08-24 14:49:02.170032-04,21.685,16.005354,5,29222,1,1
4805,10,2026-08-24 14:49:03.169864-04,21.682,15.001804,5,29252,1,1
4806,10,2026-08-24 14:49:04.166983-04,21.684,14.00482,5,29282,1,1
4807,10,2026-08-24 14:49:05.168663-04,21.683,13.003252,5,29312,1,1
4808,10,2026-08-24 14:49:06.170246-04,21.682,12.003776,5,29342,1,1
4809,10,2026-08-24 14:49:07.168247-04,21.68,17.021833,5,29372,1,1
4810,10,2026-08-24 14:49:08.165262-04,21.68,16.022327,5,29402,1,1
4811,10,2026-08-24 14:49:09.168434-04,21.68,15.02163,5,29432,1,1
4812,10,2026-08-24 14:49:10.177204-04,21.679,14.020645,5,29462,1,1
4813,10,2026-08-24 14:49:11.166351-04,21.677,13.018442,5,29492,1,1
4814,10,2026-08-24 14:49:12.165643-04,21.679,12.022748,5,29522,1,1
4815,10,2026-08-24 14:49:13.165329-04,21.673,17.035921,5,29552,1,1
4816,10,2026-08-24 14:49:14.168657-04,21.672,16.035294,5,29582,1,1
4817,10,2026-08-24 14:49:15.167522-04,21.676,15.038948,5,29612,1,1
4818,10,2026-08-24 14:49:16.164919-04,21.675,14.038209,5,29642,1,1
4819,10,2026-08-24 14:49:17.166934-04,21.677,13.040128,5,29672,1,1
4820,10,2026-08-24 14:49:18.165477-04,21.674,12.039094,5,29702,1,1
4821,10,2026-08-24 14:49:19.168977-04,21.667,17.00334,5,29732,1,1
4822,10,2026-08-24 14:49:20.168553-04,21.668,16.00467,5,29762,1,1
4823,10,2026-08-24 14:49:21.16544-04,21.667,15.003379,5,29792,1,1
4824,10,2026-08-24 14:49:22.168182-04,21.668,14.003233,5,29822,1,1
4825,10,2026-08-24 14:49:23.168931-04,21.669,13.005729,5,29852,1,1
4826,10,2026-08-24 14:49:24.164749-04,21.67,12.00853,5,29882,1,1
4827,10,2026-08-24 14:49:25.168387-04,21.688,17.002708,5,29912,1,1
4828,10,2026-08-24 14:49:26.169036-04,21.684,15.999447,5,29942,1,1
4829,10,2026-08-24 14:49:27.166911-04,21.682,14.997535,5,29972,1,1
4830,10,2026-08-24 14:49:28.169484-04,21.682,13.997383,5,30002,1,1
4831,10,2026-08-24 14:49:29.167362-04,21.683,12.998264,5,30032,1,1
4832,10,2026-08-24 14:49:30.166195-04,21.683,11.998833,5,30062,1,1
4833,10,2026-08-24 14:49:31.167675-04,21.675,16.994804,5,30092,1,1
4834,10,2026-08-24 14:49:32.16799-04,21.674,15.994727,5,30122,1,1
4835,10,2026-08-24 14:49:33.167365-04,21.676,14.996817,5,30152,1,1
4836,10,2026-08-24 14:49:34.166199-04,21.674,13.995834,5,30182,1,1
4837,10,2026-08-24 14:49:35.167314-04,21.672,12.992031,5,30212,1,1
4838,10,2026-08-24 14:49:36.16986-04,21.673,11.995636,5,30242,1,1
4839,10,2026-08-24 14:49:37.170837-04,21.667,17.009064,5,30272,1,1
4840,10,2026-08-24 14:49:38.184809-04,21.666,16.009825,5,30302,1,1
4841,10,2026-08-24 14:49:39.165781-04,21.671,15.012696,5,30332,1,1
4842,10,2026-08-24 14:49:40.169358-04,21.67,14.011384,5,30362,1,1
4843,10,2026-08-24 14:49:41.168232-04,21.672,13.013476,5,30392,1,1
4844,10,2026-08-24 14:49:42.195573-04,21.668,12.006289,5,30422,1,1
4845,10,2026-08-24 14:49:43.17138-04,21.661,17.002323,5,30452,1,1
4846,10,2026-08-24 14:49:44.170948-04,21.662,16.003237,5,30482,1,1
4847,10,2026-08-24 14:49:45.170699-04,21.662,15.004121,5,30512,1,1
4848,10,2026-08-24 14:49:46.16833-04,21.662,14.004211,5,30542,1,1
4849,10,2026-08-24 14:49:47.168277-04,21.665,13.00711,5,30572,1,1
4850,10,2026-08-24 14:49:48.164749-04,21.664,12.006953,5,30602,1,1
4851,10,2026-08-24 14:49:49.168619-04,21.661,17.002415,5,30632,1,1
4852,10,2026-08-24 14:49:50.167315-04,21.657,15.999522,5,30662,1,1
4853,10,2026-08-24 14:49:51.168166-04,21.656,14.997335,5,30692,1,1
4854,10,2026-08-24 14:49:52.165593-04,21.658,13.999514,5,30722,1,1
4855,10,2026-08-24 14:49:53.16825-04,21.657,12.998482,5,30752,1,1
4856,10,2026-08-24 14:49:54.165527-04,21.656,11.999464,5,30782,1,1
4857,10,2026-08-24 14:49:55.169705-04,21.675,17.016685,5,30812,1,1
4858,10,2026-08-24 14:49:56.168184-04,21.676,16.016453,5,30842,1,1
4859,10,2026-08-24 14:49:57.170145-04,21.677,15.018518,5,30872,1,1
4860,10,2026-08-24 14:49:58.166598-04,21.674,14.016818,5,30902,1,1
4861,10,2026-08-24 14:49:59.166055-04,21.672,13.013673,5,30932,1,1
4862,10,2026-08-24 14:50:00.165723-04,21.673,12.017247,5,30962,1,1
4863,10,2026-08-24 14:50:01.169901-04,21.667,17.008884,5,30992,1,1
4864,10,2026-08-24 14:50:02.167869-04,21.666,16.00777,5,31022,1,1
4865,10,2026-08-24 14:50:03.168581-04,21.669,15.010946,5,31052,1,1
4866,10,2026-08-24 14:50:04.168584-04,21.67,14.011822,5,31082,1,1
4867,10,2026-08-24 14:50:05.167358-04,21.672,13.013593,5,31112,1,1
4868,10,2026-08-24 14:50:06.163829-04,21.669,12.013167,5,31142,1,1
4869,10,2026-08-24 14:50:07.166884-04,21.661,17.002628,5,31172,1,1
4870,10,2026-08-24 14:50:08.167395-04,21.663,16.00437,5,31202,1,1
4871,10,2026-08-24 14:50:09.170166-04,21.663,15.003567,5,31232,1,1
4872,10,2026-08-24 14:50:10.168018-04,21.662,14.002886,5,31262,1,1
4873,10,2026-08-24 14:50:11.167899-04,21.664,13.006324,5,31292,1,1
4874,10,2026-08-24 14:50:12.165352-04,21.664,12.008057,5,31322,1,1
4875,10,2026-08-24 14:50:13.165263-04,21.682,17.025911,5,31352,1,1
4876,10,2026-08-24 14:50:14.169318-04,21.68,16.021069,5,31382,1,1
4877,10,2026-08-24 14:50:15.168089-04,21.677,15.019145,5,31412,1,1
4878,10,2026-08-24 14:50:16.168759-04,21.679,14.021708,5,31442,1,1
4879,10,2026-08-24 14:50:17.168735-04,21.679,13.019495,5,31472,1,1
4880,10,2026-08-24 14:50:18.165776-04,21.678,12.022086,5,31502,1,1
4881,10,2026-08-24 14:50:19.168577-04,21.674,17.015953,5,31532,1,1
4882,10,2026-08-24 14:50:20.16902-04,21.675,16.016232,5,31562,1,1
4883,10,2026-08-24 14:50:21.16822-04,21.675,15.018289,5,31592,1,1
4884,10,2026-08-24 14:50:22.167443-04,21.675,14.01649,5,31622,1,1
4885,10,2026-08-24 14:50:23.173972-04,21.672,13.01407,5,31652,1,1
4886,10,2026-08-24 14:50:24.165573-04,21.674,12.017661,5,31682,1,1
4887,10,2026-08-24 14:50:25.168418-04,21.667,17.030018,5,31712,1,1
4888,10,2026-08-24 14:50:26.172139-04,21.667,16.02877,5,31742,1,1
4889,10,2026-08-24 14:50:27.169751-04,21.67,15.032182,5,31772,1,1
4890,10,2026-08-24 14:50:28.167111-04,21.67,14.033063,5,31802,1,1
4891,10,2026-08-24 14:50:29.173174-04,21.672,13.034557,5,31832,1,1
4892,10,2026-08-24 14:50:30.192262-04,21.669,12.030189,5,31862,1,1
4893,10,2026-08-24 14:50:31.169697-04,21.683,16.997673,5,31892,1,1
4894,10,2026-08-24 14:50:32.167915-04,21.685,15.999187,5,31922,1,1
4895,10,2026-08-24 14:50:33.171227-04,21.683,14.996922,5,31952,1,1
4896,10,2026-08-24 14:50:34.168904-04,21.683,13.996877,5,31982,1,1
4897,10,2026-08-24 14:50:35.170095-04,21.686,13.00085,5,32012,1,1
4898,10,2026-08-24 14:50:36.163541-04,21.686,12.00319,5,32042,1,1
4899,10,2026-08-24 14:50:37.168572-04,21.683,17.018589,5,32072,1,1
4900,10,2026-08-24 14:50:38.168143-04,21.681,16.016026,5,32102,1,1
4901,10,2026-08-24 14:50:39.177732-04,21.677,15.013553,5,32132,1,1
4902,10,2026-08-24 14:50:40.165053-04,21.679,14.015461,5,32162,1,1
4903,10,2026-08-24 14:50:41.168748-04,21.679,13.014093,5,32192,1,1
4904,10,2026-08-24 14:50:42.170519-04,21.678,12.01007,5,32222,1,1
4905,10,2026-08-24 14:50:43.168186-04,21.67,17.032476,5,32252,1,1
4906,10,2026-08-24 14:50:44.173605-04,21.669,16.031872,5,32282,1,1
4907,10,2026-08-24 14:50:45.168668-04,21.672,15.034613,5,32312,1,1
4908,10,2026-08-24 14:50:46.234968-04,21.669,14.032324,5,32342,1,1
4909,10,2026-08-24 14:50:47.168905-04,21.667,13.029937,5,32372,1,1
4910,10,2026-08-24 14:50:48.169142-04,21.669,12.030411,5,32402,1,1
4911,10,2026-08-24 14:50:49.167959-04,21.661,16.997131,5,32432,1,1
4912,10,2026-08-24 14:50:50.167444-04,21.661,15.996932,5,32462,1,1
4913,10,2026-08-24 14:50:51.170268-04,21.665,15.001873,5,32492,1,1
4914,10,2026-08-24 14:50:52.193744-04,21.665,14.00116,5,32522,1,1
4915,10,2026-08-24 14:50:53.17133-04,21.666,13.002953,5,32552,1,1
4916,10,2026-08-24 14:50:54.173091-04,21.665,11.997168,5,32582,1,1
4917,10,2026-08-24 14:50:55.167262-04,21.677,16.992567,5,32612,1,1
4918,10,2026-08-24 14:50:56.167435-04,21.679,15.994659,5,32642,1,1
4919,10,2026-08-24 14:50:57.168133-04,21.677,14.991364,5,32672,1,1
4920,10,2026-08-24 14:50:58.169431-04,21.677,13.992612,5,32702,1,1
4921,10,2026-08-24 14:50:59.166983-04,21.68,12.995503,5,32732,1,1
4922,10,2026-08-24 14:51:00.16442-04,21.68,11.99654,5,32762,1,1
4923,10,2026-08-24 14:51:01.166416-04,21.673,17.01344,5,32792,1,1
4924,10,2026-08-24 14:51:02.1679-04,21.67,16.010828,5,32822,1,1
4925,10,2026-08-24 14:51:03.168894-04,21.667,15.008282,5,32852,1,1
4926,10,2026-08-24 14:51:04.167256-04,21.667,14.009702,5,32882,1,1
4927,10,2026-08-24 14:51:05.168829-04,21.667,13.007676,5,32912,1,1
4928,10,2026-08-24 14:51:06.166477-04,21.666,12.009055,5,32942,1,1
4929,10,2026-08-24 14:51:07.167818-04,21.665,17.005829,5,32972,1,1
4930,10,2026-08-24 14:51:08.169399-04,21.663,16.004532,5,33002,1,1
4931,10,2026-08-24 14:51:09.170445-04,21.667,15.008637,5,33032,1,1
4932,10,2026-08-24 14:51:10.168703-04,21.664,14.005871,5,33062,1,1
4933,10,2026-08-24 14:51:11.167062-04,21.661,13.003163,5,33092,1,1
4934,10,2026-08-24 14:51:12.173875-04,21.664,12.006348,5,33122,1,1
4935,10,2026-08-24 14:51:13.171492-04,21.656,17.018072,5,33152,1,1
4936,10,2026-08-24 14:51:14.166809-04,21.656,16.017859,5,33182,1,1
4937,10,2026-08-24 14:51:15.168786-04,21.659,15.022352,5,33212,1,1
4938,10,2026-08-24 14:51:16.168029-04,21.66,14.021778,5,33242,1,1
4939,10,2026-08-24 14:51:17.170368-04,21.66,13.022103,5,33272,1,1
4940,10,2026-08-24 14:51:18.166311-04,21.659,12.023733,5,33302,1,1
4941,10,2026-08-24 14:51:19.177977-04,21.672,17.013233,5,33332,1,1
4942,10,2026-08-24 14:51:20.166868-04,21.673,16.014364,5,33362,1,1
4943,10,2026-08-24 14:51:21.168215-04,21.672,15.013022,5,33392,1,1
4944,10,2026-08-24 14:51:22.170511-04,21.672,14.013238,5,33422,1,1
4945,10,2026-08-24 14:51:23.168588-04,21.675,13.017315,5,33452,1,1
4946,10,2026-08-24 14:51:24.166491-04,21.675,12.017744,5,33482,1,1
4947,10,2026-08-24 14:51:25.169217-04,21.672,17.01403,5,33512,1,1
4948,10,2026-08-24 14:51:26.170384-04,21.67,16.010717,5,33542,1,1
4949,10,2026-08-24 14:51:27.16907-04,21.667,15.008064,5,33572,1,1
4950,10,2026-08-24 14:51:28.166335-04,21.667,14.01013,5,33602,1,1
4951,10,2026-08-24 14:51:29.171603-04,21.667,13.007431,5,33632,1,1
4952,10,2026-08-24 14:51:30.165689-04,21.667,12.010281,5,33662,1,1
4953,10,2026-08-24 14:51:31.167749-04,21.665,17.027294,5,33692,1,1
4954,10,2026-08-24 14:51:32.169128-04,21.663,16.026096,5,33722,1,1
4955,10,2026-08-24 14:51:33.168336-04,21.666,15.028401,5,33752,1,1
4956,10,2026-08-24 14:51:34.167545-04,21.663,14.026664,5,33782,1,1
4957,10,2026-08-24 14:51:35.167944-04,21.662,13.024491,5,33812,1,1
4958,10,2026-08-24 14:51:36.165992-04,21.664,12.028289,5,33842,1,1
4959,10,2026-08-24 14:51:37.16916-04,21.678,17.0188,5,33872,1,1
4960,10,2026-08-24 14:51:38.166932-04,21.677,16.018139,5,33902,1,1
4961,10,2026-08-24 14:51:39.168295-04,21.681,15.022069,5,33932,1,1
4962,10,2026-08-24 14:51:40.167557-04,21.68,14.020834,5,33962,1,1
4963,10,2026-08-24 14:51:41.168428-04,21.683,13.024728,5,33992,1,1
4964,10,2026-08-24 14:51:42.16419-04,21.681,12.02367,5,34022,1,1
4965,10,2026-08-24 14:51:43.168457-04,21.673,17.034973,5,34052,1,1
4966,10,2026-08-24 14:51:44.167102-04,21.674,16.036781,5,34082,1,1
4967,10,2026-08-24 14:51:45.16729-04,21.672,15.034978,5,34112,1,1
4968,10,2026-08-24 14:51:46.166086-04,21.672,14.034734,5,34142,1,1
4969,10,2026-08-24 14:51:47.168105-04,21.676,13.038022,5,34172,1,1
4970,10,2026-08-24 14:51:48.165147-04,21.674,12.039602,5,34202,1,1
4971,10,2026-08-24 14:51:49.16905-04,21.694,17.008392,5,34232,1,1
4972,10,2026-08-24 14:51:50.166975-04,21.692,16.006018,5,34262,1,1
4973,10,2026-08-24 14:51:51.166199-04,21.689,15.003292,5,34292,1,1
4974,10,2026-08-24 14:51:52.171046-04,21.69,14.004844,5,34322,1,1
4975,10,2026-08-24 14:51:53.169201-04,21.689,13.002811,5,34352,1,1
4976,10,2026-08-24 14:51:54.164857-04,21.688,12.005115,5,34382,1,1
4977,10,2026-08-24 14:51:55.169611-04,21.684,17.019583,5,34412,1,1
4978,10,2026-08-24 14:51:56.1692-04,21.686,16.02124,5,34442,1,1
4979,10,2026-08-24 14:51:57.168634-04,21.687,15.022255,5,34472,1,1
4980,10,2026-08-24 14:51:58.169994-04,21.684,14.019823,5,34502,1,1
4981,10,2026-08-24 14:51:59.166498-04,21.684,13.019288,5,34532,1,1
4982,10,2026-08-24 14:52:00.167814-04,21.685,12.022509,5,34562,1,1
4983,10,2026-08-24 14:52:01.167884-04,21.672,17.012983,5,34592,1,1
4984,10,2026-08-24 14:52:02.169301-04,21.672,16.012712,5,34622,1,1
4985,10,2026-08-24 14:52:03.167986-04,21.675,15.015688,5,34652,1,1
4986,10,2026-08-24 14:52:04.168782-04,21.674,14.01609,5,34682,1,1
4987,10,2026-08-24 14:52:05.167457-04,21.674,13.015995,5,34712,1,1
4988,10,2026-08-24 14:52:06.163307-04,21.676,12.018557,5,34742,1,1
4989,10,2026-08-24 14:52:07.164266-04,21.668,17.031805,5,34772,1,1
4990,10,2026-08-24 14:52:08.165509-04,21.667,16.03146,5,34802,1,1
4991,10,2026-08-24 14:52:09.169426-04,21.667,15.029045,5,34832,1,1
4992,10,2026-08-24 14:52:10.165337-04,21.667,14.0298,5,34862,1,1
4993,10,2026-08-24 14:52:11.169427-04,21.667,13.028815,5,34892,1,1
4994,10,2026-08-24 14:52:12.16521-04,21.67,12.033709,5,34922,1,1
4995,10,2026-08-24 14:52:13.167731-04,21.686,17.028202,5,34952,1,1
4996,10,2026-08-24 14:52:14.166897-04,21.686,16.027256,5,34982,1,1
4997,10,2026-08-24 14:52:15.168501-04,21.684,15.024649,5,35012,1,1
4998,10,2026-08-24 14:52:16.166978-04,21.684,14.025049,5,35042,1,1
4999,10,2026-08-24 14:52:17.168961-04,21.683,13.024168,5,35072,1,1
5000,10,2026-08-24 14:52:18.166486-04,21.683,12.026134,5,35102,1,1
5001,10,2026-08-24 14:52:19.169986-04,21.68,17.02062,5,35132,1,1
5002,10,2026-08-24 14:52:20.168992-04,21.681,16.021585,5,35162,1,1
5003,10,2026-08-24 14:52:21.169012-04,21.683,15.023632,5,35192,1,1
5004,10,2026-08-24 14:52:22.168855-04,21.681,14.021927,5,35222,1,1
5005,10,2026-08-24 14:52:23.170901-04,21.678,13.019329,5,35252,1,1
5006,10,2026-08-24 14:52:24.166403-04,21.678,12.020871,5,35282,1,1
5007,10,2026-08-24 14:52:25.16832-04,21.672,17.013084,5,35312,1,1
5008,10,2026-08-24 14:52:26.167127-04,21.672,16.01292,5,35342,1,1
5009,10,2026-08-24 14:52:27.16855-04,21.675,15.016084,5,35372,1,1
5010,10,2026-08-24 14:52:28.169631-04,21.674,14.014556,5,35402,1,1
5011,10,2026-08-24 14:52:29.168517-04,21.676,13.017255,5,35432,1,1
5012,10,2026-08-24 14:52:30.164726-04,21.676,12.01839,5,35462,1,1
5013,10,2026-08-24 14:52:31.167578-04,21.689,17.030693,5,35492,1,1
5014,10,2026-08-24 14:52:32.168537-04,21.69,16.03035,5,35522,1,1
5015,10,2026-08-24 14:52:33.169209-04,21.688,15.029014,5,35552,1,1
5016,10,2026-08-24 14:52:34.16935-04,21.689,14.029339,5,35582,1,1
5017,10,2026-08-24 14:52:35.168375-04,21.691,13.031398,5,35612,1,1
5018,10,2026-08-24 14:52:36.164561-04,21.692,12.034584,5,35642,1,1
5019,10,2026-08-24 14:52:37.171684-04,21.685,16.999624,5,35672,1,1
5020,10,2026-08-24 14:52:38.169551-04,21.687,16.000751,5,35702,1,1
5021,10,2026-08-24 14:52:39.169313-04,21.684,14.998298,5,35732,1,1
5022,10,2026-08-24 14:52:40.16673-04,21.685,13.998787,5,35762,1,1
5023,10,2026-08-24 14:52:41.16653-04,21.684,12.998745,5,35792,1,1
5024,10,2026-08-24 14:52:42.165191-04,21.683,11.998509,5,35822,1,1
5025,10,2026-08-24 14:52:43.170701-04,21.68,16.99449,5,35852,1,1
5026,10,2026-08-24 14:52:44.1731-04,21.68,15.994575,5,35882,1,1
5027,10,2026-08-24 14:52:45.168606-04,21.683,14.997664,5,35912,1,1
5028,10,2026-08-24 14:52:46.168326-04,21.682,13.99585,5,35942,1,1
5029,10,2026-08-24 14:52:47.168026-04,21.679,12.992794,5,35972,1,1
5030,10,2026-08-24 14:52:48.165312-04,21.681,11.996844,5,36002,1,1
5031,10,2026-08-24 14:52:49.168398-04,21.668,17.009096,5,36032,1,1
5032,10,2026-08-24 14:52:50.166784-04,21.667,16.008074,5,36062,1,1
5033,10,2026-08-24 14:52:51.166642-04,21.67,15.010453,5,36092,1,1
5034,10,2026-08-24 14:52:52.167412-04,21.67,14.010392,5,36122,1,1
5035,10,2026-08-24 14:52:53.167182-04,21.673,13.013687,5,36152,1,1
5036,10,2026-08-24 14:52:54.164393-04,21.671,12.013943,5,36182,1,1
5037,10,2026-08-24 14:52:55.168632-04,21.663,17.024754,5,36212,1,1
5038,10,2026-08-24 14:52:56.164791-04,21.663,16.026241,5,36242,1,1
5039,10,2026-08-24 14:52:57.168695-04,21.662,15.02426,5,36272,1,1
5040,10,2026-08-24 14:52:58.167136-04,21.662,14.023841,5,36302,1,1
5041,10,2026-08-24 14:52:59.166376-04,21.662,13.025538,5,36332,1,1
5042,10,2026-08-24 14:53:00.166133-04,21.665,12.029354,5,36362,1,1
5043,10,2026-08-24 14:53:01.167056-04,21.663,17.02477,5,36392,1,1
5044,10,2026-08-24 14:53:02.167847-04,21.66,16.022573,5,36422,1,1
5045,10,2026-08-24 14:53:03.167194-04,21.657,15.019144,5,36452,1,1
5046,10,2026-08-24 14:53:04.16798-04,21.658,14.019931,5,36482,1,1
5047,10,2026-08-24 14:53:05.168797-04,21.657,13.018792,5,36512,1,1
5048,10,2026-08-24 14:53:06.16413-04,21.657,12.020797,5,36542,1,1
5049,10,2026-08-24 14:53:07.169491-04,21.675,17.036863,5,36572,1,1
5050,10,2026-08-24 14:53:08.168382-04,21.673,16.03484,5,36602,1,1
5051,10,2026-08-24 14:53:09.167183-04,21.677,15.040611,5,36632,1,1
5052,10,2026-08-24 14:53:10.167483-04,21.677,14.038695,5,36662,1,1
5053,10,2026-08-24 14:53:11.166395-04,21.673,13.036179,5,36692,1,1
5054,10,2026-08-24 14:53:12.169498-04,21.674,12.036498,5,36722,1,1
5055,10,2026-08-24 14:53:13.168458-04,21.689,17.002874,5,36752,1,1
5056,10,2026-08-24 14:53:14.1719-04,21.689,16.00315,5,36782,1,1
5057,10,2026-08-24 14:53:15.168739-04,21.691,15.005044,5,36812,1,1
5058,10,2026-08-24 14:53:16.167901-04,21.691,14.005239,5,36842,1,1
5059,10,2026-08-24 14:53:17.167547-04,21.695,13.009156,5,36872,1,1
5060,10,2026-08-24 14:53:18.164846-04,21.692,12.008421,5,36902,1,1
5061,10,2026-08-24 14:53:19.167329-04,21.684,17.019276,5,36932,1,1
5062,10,2026-08-24 14:53:20.16797-04,21.684,16.019697,5,36962,1,1
5063,10,2026-08-24 14:53:21.16635-04,21.683,15.020941,5,36992,1,1
5064,10,2026-08-24 14:53:22.168188-04,21.683,14.018796,5,37022,1,1
5065,10,2026-08-24 14:53:23.169843-04,21.684,13.019211,5,37052,1,1
5066,10,2026-08-24 14:53:24.167087-04,21.685,12.022053,5,37082,1,1
5067,10,2026-08-24 14:53:25.169175-04,21.677,17.017874,5,37112,1,1
5068,10,2026-08-24 14:53:26.168784-04,21.676,16.016844,5,37142,1,1
5069,10,2026-08-24 14:53:27.16849-04,21.673,15.014049,5,37172,1,1
5070,10,2026-08-24 14:53:28.168124-04,21.675,14.015518,5,37202,1,1
5071,10,2026-08-24 14:53:29.170734-04,21.673,13.013372,5,37232,1,1
5072,10,2026-08-24 14:53:30.167065-04,21.673,12.014811,5,37262,1,1
5073,10,2026-08-24 14:53:31.166343-04,21.67,17.031763,5,37292,1,1
5074,10,2026-08-24 14:53:32.166922-04,21.67,16.03191,5,37322,1,1
5075,10,2026-08-24 14:53:33.168104-04,21.672,15.034583,5,37352,1,1
5076,10,2026-08-24 14:53:34.167107-04,21.671,14.033202,5,37382,1,1
5077,10,2026-08-24 14:53:35.167597-04,21.668,13.029991,5,37412,1,1
5078,10,2026-08-24 14:53:36.164216-04,21.67,12.034641,5,37442,1,1
5079,10,2026-08-24 14:53:37.164963-04,21.683,17.02617,5,37472,1,1
5080,10,2026-08-24 14:53:38.165587-04,21.683,16.025957,5,37502,1,1
5081,10,2026-08-24 14:53:39.165897-04,21.685,15.026895,5,37532,1,1
5082,10,2026-08-24 14:53:40.164613-04,21.685,14.027219,5,37562,1,1
5083,10,2026-08-24 14:53:41.165986-04,21.686,13.02745,5,37592,1,1
5084,10,2026-08-24 14:53:42.164705-04,21.685,12.028324,5,37622,1,1
5085,10,2026-08-24 14:53:43.166494-04,21.678,17.020987,5,37652,1,1
5086,10,2026-08-24 14:53:44.166989-04,21.68,16.022013,5,37682,1,1
5087,10,2026-08-24 14:53:45.166068-04,21.678,15.021145,5,37712,1,1
5088,10,2026-08-24 14:53:46.166718-04,21.678,14.019527,5,37742,1,1
5089,10,2026-08-24 14:53:47.167432-04,21.679,13.020657,5,37772,1,1
5090,10,2026-08-24 14:53:48.165877-04,21.679,12.021285,5,37802,1,1
5091,10,2026-08-24 14:53:49.166421-04,21.675,17.017225,5,37832,1,1
5092,10,2026-08-24 14:53:50.166778-04,21.675,16.016903,5,37862,1,1
5093,10,2026-08-24 14:53:51.167189-04,21.673,15.01463,5,37892,1,1
5094,10,2026-08-24 14:53:52.168015-04,21.675,14.016703,5,37922,1,1
5095,10,2026-08-24 14:53:53.174078-04,21.672,13.014212,5,37952,1,1
5096,10,2026-08-24 14:53:54.169448-04,21.673,12.015451,5,37982,1,1
5097,10,2026-08-24 14:53:55.172386-04,21.69,17.010897,5,38012,1,1
5098,10,2026-08-24 14:53:56.166262-04,21.691,16.011225,5,38042,1,1
5099,10,2026-08-24 14:53:57.171176-04,21.691,15.011705,5,38072,1,1
5100,10,2026-08-24 14:53:58.169686-04,21.692,14.012251,5,38102,1,1
5101,10,2026-08-24 14:53:59.173688-04,21.689,13.00953,5,38132,1,1
5102,10,2026-08-24 14:54:00.166839-04,21.69,12.010216,5,38162,1,1
5103,10,2026-08-24 14:54:01.166449-04,21.685,17.026356,5,38192,1,1
5104,10,2026-08-24 14:54:02.169097-04,21.683,16.02489,5,38222,1,1
5105,10,2026-08-24 14:54:03.171076-04,21.685,15.027307,5,38252,1,1
5106,10,2026-08-24 14:54:04.16698-04,21.684,14.025703,5,38282,1,1
5107,10,2026-08-24 14:54:05.168224-04,21.686,13.028135,5,38312,1,1
5108,10,2026-08-24 14:54:06.164758-04,21.686,12.028256,5,38342,1,1
5109,10,2026-08-24 14:54:07.167402-04,21.678,16.993092,5,38372,1,1
5110,10,2026-08-24 14:54:08.166897-04,21.68,15.995431,5,38402,1,1
5111,10,2026-08-24 14:54:09.165966-04,21.678,14.992683,5,38432,1,1
5112,10,2026-08-24 14:54:10.168864-04,21.678,13.993127,5,38462,1,1
5113,10,2026-08-24 14:54:11.167814-04,21.679,12.994622,5,38492,1,1
5114,10,2026-08-24 14:54:12.165989-04,21.679,11.995563,5,38522,1,1
5115,10,2026-08-24 14:54:13.168842-04,21.675,17.0118,5,38552,1,1
5116,10,2026-08-24 14:54:14.171129-04,21.675,16.011896,5,38582,1,1
5117,10,2026-08-24 14:54:15.166981-04,21.673,15.009379,5,38612,1,1
5118,10,2026-08-24 14:54:16.166949-04,21.674,14.010187,5,38642,1,1
5119,10,2026-08-24 14:54:17.167462-04,21.672,13.008647,5,38672,1,1
5120,10,2026-08-24 14:54:18.166636-04,21.673,12.009485,5,38702,1,1
5121,10,2026-08-24 14:54:19.167562-04,21.664,17.027327,5,38732,1,1
5122,10,2026-08-24 14:54:20.170352-04,21.664,16.026949,5,38762,1,1
5123,10,2026-08-24 14:54:21.166434-04,21.662,15.024948,5,38792,1,1
5124,10,2026-08-24 14:54:22.168244-04,21.664,14.027569,5,38822,1,1
5125,10,2026-08-24 14:54:23.167722-04,21.662,13.025391,5,38852,1,1
5126,10,2026-08-24 14:54:24.166496-04,21.662,12.026181,5,38882,1,1
5127,10,2026-08-24 14:54:25.168792-04,21.656,16.992844,5,38912,1,1
5128,10,2026-08-24 14:54:26.16675-04,21.656,15.992765,5,38942,1,1
5129,10,2026-08-24 14:54:27.170543-04,21.658,14.99374,5,38972,1,1
5130,10,2026-08-24 14:54:28.16661-04,21.659,13.995344,5,39002,1,1
5131,10,2026-08-24 14:54:29.169401-04,21.659,12.995311,5,39032,1,1
5132,10,2026-08-24 14:54:30.165859-04,21.66,11.99602,5,39062,1,1
5133,10,2026-08-24 14:54:31.168543-04,21.674,17.009077,5,39092,1,1
5134,10,2026-08-24 14:54:32.166293-04,21.673,16.010172,5,39122,1,1
5135,10,2026-08-24 14:54:33.169123-04,21.673,15.008473,5,39152,1,1
5136,10,2026-08-24 14:54:34.168766-04,21.672,14.008484,5,39182,1,1
5137,10,2026-08-24 14:54:35.167078-04,21.675,13.011256,5,39212,1,1
5138,10,2026-08-24 14:54:36.165426-04,21.674,12.010614,5,39242,1,1
5139,10,2026-08-24 14:54:37.167089-04,21.665,17.006624,5,39272,1,1
5140,10,2026-08-24 14:54:38.16811-04,21.665,16.005863,5,39302,1,1
5141,10,2026-08-24 14:54:39.167372-04,21.663,15.003794,5,39332,1,1
5142,10,2026-08-24 14:54:40.171911-04,21.663,14.004343,5,39362,1,1
5143,10,2026-08-24 14:54:41.16648-04,21.662,13.003412,5,39392,1,1
5144,10,2026-08-24 14:54:42.165813-04,21.657,12.00282,5,39422,1,1
5145,10,2026-08-24 14:54:43.166589-04,21.658,17.021069,5,39452,1,1
5146,10,2026-08-24 14:54:44.16618-04,21.657,16.02001,5,39482,1,1
5147,10,2026-08-24 14:54:45.166864-04,21.66,15.022727,5,39512,1,1
5148,10,2026-08-24 14:54:46.167666-04,21.66,14.022901,5,39542,1,1
5149,10,2026-08-24 14:54:47.167158-04,21.657,13.020254,5,39572,1,1
5150,10,2026-08-24 14:54:48.165228-04,21.659,12.023627,5,39602,1,1
5151,10,2026-08-24 14:54:49.166573-04,21.672,17.014212,5,39632,1,1
5152,10,2026-08-24 14:54:50.167949-04,21.672,16.014126,5,39662,1,1
5153,10,2026-08-24 14:54:51.167365-04,21.674,15.016244,5,39692,1,1
5154,10,2026-08-24 14:54:52.166961-04,21.674,14.015892,5,39722,1,1
5155,10,2026-08-24 14:54:53.168685-04,21.676,13.016946,5,39752,1,1
5156,10,2026-08-24 14:54:54.166288-04,21.675,12.017966,5,39782,1,1
5157,10,2026-08-24 14:54:55.169361-04,21.668,17.00788,5,39812,1,1
5158,10,2026-08-24 14:54:56.164951-04,21.667,16.010233,5,39842,1,1
5159,10,2026-08-24 14:54:57.167457-04,21.668,15.009341,5,39872,1,1
5160,10,2026-08-24 14:54:58.168266-04,21.667,14.009018,5,39902,1,1
5161,10,2026-08-24 14:54:59.168361-04,21.67,13.010671,5,39932,1,1
5162,10,2026-08-24 14:55:00.164925-04,21.669,12.010868,5,39962,1,1
5163,10,2026-08-24 14:55:01.165403-04,21.685,17.005213,5,39992,1,1
5164,10,2026-08-24 14:55:02.168462-04,21.686,16.005686,5,40022,1,1
5165,10,2026-08-24 14:55:03.166007-04,21.684,15.00417,5,40052,1,1
5166,10,2026-08-24 14:55:04.16851-04,21.684,14.003677,5,40082,1,1
5167,10,2026-08-24 14:55:05.167434-04,21.683,13.003804,5,40112,1,1
5168,10,2026-08-24 14:55:06.167846-04,21.684,12.004127,5,40142,1,1
5169,10,2026-08-24 14:55:07.166586-04,21.657,17.020657,5,40172,1,1
5170,10,2026-08-24 14:55:08.169326-04,21.658,16.02131,5,40202,1,1
5171,10,2026-08-24 14:55:09.166867-04,21.66,15.022493,5,40232,1,1
5172,10,2026-08-24 14:55:10.166698-04,21.66,14.022545,5,40262,1,1
5173,10,2026-08-24 14:55:11.165001-04,21.658,13.020779,5,40292,1,1
5174,10,2026-08-24 14:55:12.166671-04,21.659,12.023167,5,40322,1,1
5175,10,2026-08-24 14:55:13.168576-04,21.673,17.009098,5,40352,1,1
5176,10,2026-08-24 14:55:14.166403-04,21.673,16.008997,5,40382,1,1
5177,10,2026-08-24 14:55:15.166617-04,21.674,15.010091,5,40412,1,1
5178,10,2026-08-24 14:55:16.164795-04,21.674,14.010666,5,40442,1,1
5179,10,2026-08-24 14:55:17.168074-04,21.676,13.011762,5,40472,1,1
5180,10,2026-08-24 14:55:18.165779-04,21.676,12.01217,5,40502,1,1
5181,10,2026-08-24 14:55:19.167347-04,21.668,17.004475,5,40532,1,1
5182,10,2026-08-24 14:55:20.167233-04,21.668,16.00483,5,40562,1,1
5183,10,2026-08-24 14:55:21.165082-04,21.668,15.004181,5,40592,1,1
5184,10,2026-08-24 14:55:22.166884-04,21.667,14.003711,5,40622,1,1
5185,10,2026-08-24 14:55:23.167257-04,21.669,13.004334,5,40652,1,1
5186,10,2026-08-24 14:55:24.167155-04,21.669,12.006595,5,40682,1,1
5187,10,2026-08-24 14:55:25.168001-04,21.66,17.022348,5,40712,1,1
5188,10,2026-08-24 14:55:26.165259-04,21.659,16.021997,5,40742,1,1
5189,10,2026-08-24 14:55:27.169127-04,21.658,15.020264,5,40772,1,1
5190,10,2026-08-24 14:55:28.165942-04,21.658,14.020734,5,40802,1,1
5191,10,2026-08-24 14:55:29.165806-04,21.657,13.019997,5,40832,1,1
5192,10,2026-08-24 14:55:30.165657-04,21.656,12.02038,5,40862,1,1
5193,10,2026-08-24 14:55:31.167358-04,21.674,17.015305,5,40892,1,1
5194,10,2026-08-24 14:55:32.16712-04,21.675,16.015633,5,40922,1,1
5195,10,2026-08-24 14:55:33.167696-04,21.676,15.017834,5,40952,1,1
5196,10,2026-08-24 14:55:34.167909-04,21.676,14.016518,5,40982,1,1
5197,10,2026-08-24 14:55:35.169506-04,21.673,13.015057,5,41012,1,1
5198,10,2026-08-24 14:55:36.164536-04,21.676,12.017902,5,41042,1,1
5199,10,2026-08-24 14:55:37.169302-04,21.668,16.987364,5,41072,1,1
5200,10,2026-08-24 14:55:38.178416-04,21.667,15.987949,5,41102,1,1
5201,10,2026-08-24 14:55:39.168661-04,21.669,14.989192,5,41132,1,1
5202,10,2026-08-24 14:55:40.167111-04,21.669,13.989246,5,41162,1,1
5203,10,2026-08-24 14:55:41.165464-04,21.67,12.990962,5,41192,1,1
5204,10,2026-08-24 14:55:42.165323-04,21.67,11.991888,5,41222,1,1
5205,10,2026-08-24 14:55:43.165917-04,21.684,17.004997,5,41252,1,1
5206,10,2026-08-24 14:55:44.166213-04,21.684,16.004847,5,41282,1,1
5207,10,2026-08-24 14:55:45.168831-04,21.684,15.003539,5,41312,1,1
5208,10,2026-08-24 14:55:46.166575-04,21.684,14.004022,5,41342,1,1
5209,10,2026-08-24 14:55:47.167334-04,21.685,13.005069,5,41372,1,1
5210,10,2026-08-24 14:55:48.166041-04,21.684,12.004594,5,41402,1,1
5211,10,2026-08-24 14:55:49.167863-04,21.682,17.001379,5,41432,1,1
5212,10,2026-08-24 14:55:50.167888-04,21.681,16.001299,5,41462,1,1
5213,10,2026-08-24 14:55:51.165543-04,21.679,14.999691,5,41492,1,1
5214,10,2026-08-24 14:55:52.165716-04,21.679,13.999542,5,41522,1,1
5215,10,2026-08-24 14:55:53.168225-04,21.679,12.998102,5,41552,1,1
5216,10,2026-08-24 14:55:54.166248-04,21.652,11.998173,5,41582,1,1
5217,10,2026-08-24 14:55:55.167213-04,21.653,17.015142,5,41612,1,1
5218,10,2026-08-24 14:55:56.165333-04,21.654,16.015778,5,41642,1,1
5219,10,2026-08-24 14:55:57.165976-04,21.655,15.018023,5,41672,1,1
5220,10,2026-08-24 14:55:58.168694-04,21.655,14.01685,5,41702,1,1
5221,10,2026-08-24 14:55:59.171047-04,21.653,13.015065,5,41732,1,1
5222,10,2026-08-24 14:56:00.175992-04,21.653,12.017481,5,41762,1,1
5223,10,2026-08-24 14:56:01.166037-04,21.667,17.008936,5,41792,1,1
5224,10,2026-08-24 14:56:02.167257-04,21.667,16.009224,5,41822,1,1
5225,10,2026-08-24 14:56:03.166983-04,21.669,15.010692,5,41852,1,1
5226,10,2026-08-24 14:56:04.172478-04,21.668,14.009286,5,41882,1,1
5227,10,2026-08-24 14:56:05.169769-04,21.671,13.012713,5,41912,1,1
5228,10,2026-08-24 14:56:06.167235-04,21.67,12.01257,5,41942,1,1
5229,10,2026-08-24 14:56:07.167643-04,21.663,17.026047,5,41972,1,1
5230,10,2026-08-24 14:56:08.168863-04,21.664,16.025679,5,42002,1,1
5231,10,2026-08-24 14:56:09.167837-04,21.663,15.025371,5,42032,1,1
5232,10,2026-08-24 14:56:10.166709-04,21.663,14.024889,5,42062,1,1
5233,10,2026-08-24 14:56:11.165628-04,21.664,13.026763,5,42092,1,1
5234,10,2026-08-24 14:56:12.166767-04,21.664,12.026726,5,42122,1,1
5235,10,2026-08-24 14:56:13.167401-04,21.68,17.022047,5,42152,1,1
5236,10,2026-08-24 14:56:14.167541-04,21.682,16.022724,5,42182,1,1
5237,10,2026-08-24 14:56:15.170139-04,21.679,15.020679,5,42212,1,1
5238,10,2026-08-24 14:56:16.169394-04,21.68,14.020503,5,42242,1,1
5239,10,2026-08-24 14:56:17.166921-04,21.678,13.020332,5,42272,1,1
5240,10,2026-08-24 14:56:18.16632-04,21.678,12.020311,5,42302,1,1
5241,10,2026-08-24 14:56:19.168261-04,21.675,17.036884,5,42332,1,1
5242,10,2026-08-24 14:56:20.167176-04,21.675,16.037134,5,42362,1,1
5243,10,2026-08-24 14:56:21.165732-04,21.676,15.03785,5,42392,1,1
5244,10,2026-08-24 14:56:22.166985-04,21.676,14.037881,5,42422,1,1
5245,10,2026-08-24 14:56:23.168708-04,21.674,13.036981,5,42452,1,1
5246,10,2026-08-24 14:56:24.166873-04,21.674,12.036865,5,42482,1,1
5247,10,2026-08-24 14:56:25.169143-04,21.689,17.004044,5,42512,1,1
5248,10,2026-08-24 14:56:26.166215-04,21.689,16.004137,5,42542,1,1
5249,10,2026-08-24 14:56:27.168218-04,21.691,15.005101,5,42572,1,1
5250,10,2026-08-24 14:56:28.166988-04,21.691,14.005365,5,42602,1,1
5251,10,2026-08-24 14:56:29.166693-04,21.691,13.006385,5,42632,1,1
5252,10,2026-08-24 14:56:30.165858-04,21.692,12.007192,5,42662,1,1
5253,10,2026-08-24 14:56:31.167783-04,21.685,17.02064,5,42692,1,1
5254,10,2026-08-24 14:56:32.167213-04,21.685,16.020159,5,42722,1,1
5255,10,2026-08-24 14:56:33.168581-04,21.684,15.019809,5,42752,1,1
5256,10,2026-08-24 14:56:34.167839-04,21.683,14.019693,5,42782,1,1
5257,10,2026-08-24 14:56:35.166927-04,21.685,13.021392,5,42812,1,1
5258,10,2026-08-24 14:56:36.173792-04,21.684,12.01992,5,42842,1,1
5259,10,2026-08-24 14:56:37.167102-04,21.676,17.037695,5,42872,1,1
5260,10,2026-08-24 14:56:38.169205-04,21.676,16.037987,5,42902,1,1
5261,10,2026-08-24 14:56:39.166697-04,21.674,15.037169,5,42932,1,1
5262,10,2026-08-24 14:56:40.167302-04,21.674,14.036551,5,42962,1,1
5263,10,2026-08-24 14:56:41.166637-04,21.673,13.036653,5,42992,1,1
5264,10,2026-08-24 14:56:42.167943-04,21.673,12.036555,5,43022,1,1
5265,10,2026-08-24 14:56:43.170401-04,21.669,17.004831,5,43052,1,1
5266,10,2026-08-24 14:56:44.167496-04,21.669,16.004473,5,43082,1,1
5267,10,2026-08-24 14:56:45.169208-04,21.67,15.006502,5,43112,1,1
5268,10,2026-08-24 14:56:46.166351-04,21.671,14.006001,5,43142,1,1
5269,10,2026-08-24 14:56:47.167779-04,21.669,13.004467,5,43172,1,1
5270,10,2026-08-24 14:56:48.171714-04,21.669,12.004239,5,43202,1,1
5271,10,2026-08-24 14:56:49.165649-04,21.684,16.999369,5,43232,1,1
5272,10,2026-08-24 14:56:50.166095-04,21.684,15.997952,5,43262,1,1
5273,10,2026-08-24 14:56:51.167076-04,21.685,15.000273,5,43292,1,1
5274,10,2026-08-24 14:56:52.1668-04,21.685,13.999175,5,43322,1,1
5275,10,2026-08-24 14:56:53.166908-04,21.686,13.000434,5,43352,1,1
5276,10,2026-08-24 14:56:54.16691-04,21.686,12.000141,5,43382,1,1
5277,10,2026-08-24 14:56:55.173677-04,21.674,17.015326,5,43412,1,1
5278,10,2026-08-24 14:56:56.171424-04,21.674,16.015055,5,43442,1,1
5279,10,2026-08-24 14:56:57.170298-04,21.674,15.01534,5,43472,1,1
5280,10,2026-08-24 14:56:58.174646-04,21.674,14.014905,5,43502,1,1
5281,10,2026-08-24 14:56:59.172402-04,21.675,13.015526,5,43532,1,1
5282,10,2026-08-24 14:57:00.184192-04,21.674,12.010374,5,43562,1,1
5283,10,2026-08-24 14:57:01.167628-04,21.67,17.01116,5,43592,1,1
5284,10,2026-08-24 14:57:02.16855-04,21.67,16.01159,5,43622,1,1
5285,10,2026-08-24 14:57:03.168675-04,21.668,15.008838,5,43652,1,1
5286,10,2026-08-24 14:57:04.172197-04,21.671,14.012555,5,43682,1,1
5287,10,2026-08-24 14:57:05.169424-04,21.669,13.009413,5,43712,1,1
5288,10,2026-08-24 14:57:06.168157-04,21.668,12.009754,5,43742,1,1
5289,10,2026-08-24 14:57:07.16714-04,21.665,17.026808,5,43772,1,1
5290,10,2026-08-24 14:57:08.167166-04,21.664,16.026402,5,43802,1,1
5291,10,2026-08-24 14:57:09.168153-04,21.665,15.027909,5,43832,1,1
5292,10,2026-08-24 14:57:10.166575-04,21.666,14.027836,5,43862,1,1
5293,10,2026-08-24 14:57:11.16725-04,21.664,13.026459,5,43892,1,1
5294,10,2026-08-24 14:57:12.166616-04,21.666,12.029375,5,43922,1,1
5295,10,2026-08-24 14:57:13.169081-04,21.679,17.020031,5,43952,1,1
5296,10,2026-08-24 14:57:14.166617-04,21.678,16.020136,5,43982,1,1
5297,10,2026-08-24 14:57:15.166201-04,21.681,15.021591,5,44012,1,1
5298,10,2026-08-24 14:57:16.166723-04,21.68,14.020449,5,44042,1,1
5299,10,2026-08-24 14:57:17.170322-04,21.681,13.022171,5,44072,1,1
5300,10,2026-08-24 14:57:18.169207-04,21.681,12.022386,5,44102,1,1
5301,10,2026-08-24 14:57:19.168872-04,21.675,17.015627,5,44132,1,1
5302,10,2026-08-24 14:57:20.168465-04,21.673,16.01427,5,44162,1,1
5303,10,2026-08-24 14:57:21.16839-04,21.674,15.015467,5,44192,1,1
5304,10,2026-08-24 14:57:22.168248-04,21.673,14.014969,5,44222,1,1
5305,10,2026-08-24 14:57:23.167917-04,21.675,13.016159,5,44252,1,1
5306,10,2026-08-24 14:57:24.168485-04,21.674,12.014805,5,44282,1,1
5307,10,2026-08-24 14:57:25.168242-04,21.67,17.011238,5,44312,1,1
5308,10,2026-08-24 14:57:26.168635-04,21.67,16.010983,5,44342,1,1
5309,10,2026-08-24 14:57:27.167021-04,21.669,15.010632,5,44372,1,1
5310,10,2026-08-24 14:57:28.16997-04,21.668,14.008734,5,44402,1,1
5311,10,2026-08-24 14:57:29.167963-04,21.669,13.009949,5,44432,1,1
5312,10,2026-08-24 14:57:30.180042-04,21.668,12.009955,5,44462,1,1
5313,10,2026-08-24 14:57:31.167999-04,21.686,17.026531,5,44492,1,1
5314,10,2026-08-24 14:57:32.169778-04,21.685,16.026064,5,44522,1,1
5315,10,2026-08-24 14:57:33.168529-04,21.686,15.027245,5,44552,1,1
5316,10,2026-08-24 14:57:34.169018-04,21.686,14.026976,5,44582,1,1
5317,10,2026-08-24 14:57:35.168296-04,21.685,13.026154,5,44612,1,1
5318,10,2026-08-24 14:57:36.16755-04,21.684,12.024803,5,44642,1,1
5319,10,2026-08-24 14:57:37.168119-04,21.679,16.99362,5,44672,1,1
5320,10,2026-08-24 14:57:38.166613-04,21.679,15.992862,5,44702,1,1
5321,10,2026-08-24 14:57:39.166873-04,21.68,14.99439,5,44732,1,1
5322,10,2026-08-24 14:57:40.166193-04,21.681,13.994847,5,44762,1,1
5323,10,2026-08-24 14:57:41.166738-04,21.682,12.996034,5,44792,1,1
5324,10,2026-08-24 14:57:42.166022-04,21.681,11.996286,5,44822,1,1
5325,10,2026-08-24 14:57:43.167793-04,21.675,17.010254,5,44852,1,1
5326,10,2026-08-24 14:57:44.1671-04,21.674,16.009085,5,44882,1,1
5327,10,2026-08-24 14:57:45.168217-04,21.674,15.009604,5,44912,1,1
5328,10,2026-08-24 14:57:46.167884-04,21.673,14.00885,5,44942,1,1
5329,10,2026-08-24 14:57:47.16761-04,21.676,13.011011,5,44972,1,1
5330,10,2026-08-24 14:57:48.167167-04,21.675,12.010135,5,45002,1,1
5331,10,2026-08-24 14:57:49.167056-04,21.666,17.006817,5,45032,1,1
5332,10,2026-08-24 14:57:50.168422-04,21.665,16.005505,5,45062,1,1
5333,10,2026-08-24 14:57:51.173904-04,21.664,15.00495,5,45092,1,1
5334,10,2026-08-24 14:57:52.168821-04,21.662,14.003287,5,45122,1,1
5335,10,2026-08-24 14:57:53.169288-04,21.663,13.004127,5,45152,1,1
5336,10,2026-08-24 14:57:54.173679-04,21.663,12.004971,5,45182,1,1
5337,10,2026-08-24 14:57:55.166908-04,21.659,17.021618,5,45212,1,1
5338,10,2026-08-24 14:57:56.169241-04,21.659,16.020716,5,45242,1,1
5339,10,2026-08-24 14:57:57.168492-04,21.661,15.022801,5,45272,1,1
5340,10,2026-08-24 14:57:58.167524-04,21.66,14.021783,5,45302,1,1
5341,10,2026-08-24 14:57:59.167043-04,21.659,13.021425,5,45332,1,1
5342,10,2026-08-24 14:58:00.165344-04,21.66,12.024337,5,45362,1,1
5343,10,2026-08-24 14:58:01.166496-04,21.674,17.016245,5,45392,1,1
5344,10,2026-08-24 14:58:02.165564-04,21.674,16.015535,5,45422,1,1
5345,10,2026-08-24 14:58:03.165486-04,21.676,15.01763,5,45452,1,1
5346,10,2026-08-24 14:58:04.166449-04,21.675,14.015711,5,45482,1,1
5347,10,2026-08-24 14:58:05.166915-04,21.676,13.016894,5,45512,1,1
5348,10,2026-08-24 14:58:06.165995-04,21.676,12.016753,5,45542,1,1
5349,10,2026-08-24 14:58:07.167189-04,21.67,17.010359,5,45572,1,1
5350,10,2026-08-24 14:58:08.16639-04,21.668,16.009193,5,45602,1,1
5351,10,2026-08-24 14:58:09.168375-04,21.669,15.010193,5,45632,1,1
5352,10,2026-08-24 14:58:10.166656-04,21.668,14.009106,5,45662,1,1
5353,10,2026-08-24 14:58:11.167259-04,21.669,13.009621,5,45692,1,1
5354,10,2026-08-24 14:58:12.166666-04,21.669,12.01092,5,45722,1,1
5355,10,2026-08-24 14:58:13.168069-04,21.666,17.028013,5,45752,1,1
5356,10,2026-08-24 14:58:14.168508-04,21.665,16.027096,5,45782,1,1
5357,10,2026-08-24 14:58:15.167811-04,21.664,15.026481,5,45812,1,1
5358,10,2026-08-24 14:58:16.166781-04,21.663,14.026139,5,45842,1,1
5359,10,2026-08-24 14:58:17.167293-04,21.664,13.026009,5,45872,1,1
5360,10,2026-08-24 14:58:18.168057-04,21.662,12.025606,5,45902,1,1
5361,10,2026-08-24 14:58:19.168363-04,21.68,17.020342,5,45932,1,1
5362,10,2026-08-24 14:58:20.16816-04,21.68,16.020992,5,45962,1,1
5363,10,2026-08-24 14:58:21.171057-04,21.682,15.022077,5,45992,1,1
5364,10,2026-08-24 14:58:22.168697-04,21.681,14.021712,5,46022,1,1
5365,10,2026-08-24 14:58:23.168478-04,21.681,13.021393,5,46052,1,1
5366,10,2026-08-24 14:58:24.167003-04,21.679,12.020835,5,46082,1,1
5367,10,2026-08-24 14:58:25.168432-04,21.674,17.035904,5,46112,1,1
5368,10,2026-08-24 14:58:26.168602-04,21.673,16.035295,5,46142,1,1
5369,10,2026-08-24 14:58:27.168164-04,21.674,15.036626,5,46172,1,1
5370,10,2026-08-24 14:58:28.168078-04,21.674,14.036572,5,46202,1,1
5371,10,2026-08-24 14:58:29.167926-04,21.677,13.038934,5,46232,1,1
5372,10,2026-08-24 14:58:30.170074-04,21.676,12.039063,5,46262,1,1
5373,10,2026-08-24 14:58:31.167437-04,21.691,17.005064,5,46292,1,1
5374,10,2026-08-24 14:58:32.166785-04,21.69,16.004045,5,46322,1,1
5375,10,2026-08-24 14:58:33.167669-04,21.69,15.00464,5,46352,1,1
5376,10,2026-08-24 14:58:34.166101-04,21.69,14.004534,5,46382,1,1
5377,10,2026-08-24 14:58:35.166977-04,21.691,13.00496,5,46412,1,1
5378,10,2026-08-24 14:58:36.16684-04,21.69,12.005501,5,46442,1,1
5379,10,2026-08-24 14:58:37.166966-04,21.688,17.001736,5,46472,1,1
5380,10,2026-08-24 14:58:38.170095-04,21.686,15.999992,5,46502,1,1
5381,10,2026-08-24 14:58:39.166752-04,21.686,15.000482,5,46532,1,1
5382,10,2026-08-24 14:58:40.168172-04,21.684,13.997348,5,46562,1,1
5383,10,2026-08-24 14:58:41.16941-04,21.686,12.998944,5,46592,1,1
5384,10,2026-08-24 14:58:42.169049-04,21.684,11.999516,5,46622,1,1
5385,10,2026-08-24 14:58:43.166235-04,21.675,17.01681,5,46652,1,1
5386,10,2026-08-24 14:58:44.168742-04,21.676,16.014849,5,46682,1,1
5387,10,2026-08-24 14:58:45.168703-04,21.679,15.018383,5,46712,1,1
5388,10,2026-08-24 14:58:46.168838-04,21.676,14.016315,5,46742,1,1
5389,10,2026-08-24 14:58:47.167796-04,21.677,13.01645,5,46772,1,1
5390,10,2026-08-24 14:58:48.167231-04,21.674,12.015349,5,46802,1,1
5391,10,2026-08-24 14:58:49.167829-04,21.67,17.010736,5,46832,1,1
5392,10,2026-08-24 14:58:50.168535-04,21.668,16.008005,5,46862,1,1
5393,10,2026-08-24 14:58:51.166368-04,21.67,15.011512,5,46892,1,1
5394,10,2026-08-24 14:58:52.174685-04,21.67,14.009845,5,46922,1,1
5395,10,2026-08-24 14:58:53.16802-04,21.674,13.013493,5,46952,1,1
5396,10,2026-08-24 14:58:54.167776-04,21.673,12.014909,5,46982,1,1
5397,10,2026-08-24 14:58:55.17059-04,21.665,17.026659,5,47012,1,1
5398,10,2026-08-24 14:58:56.168667-04,21.663,16.023869,5,47042,1,1
5399,10,2026-08-24 14:58:57.168877-04,21.665,15.026572,5,47072,1,1
5400,10,2026-08-24 14:58:58.169271-04,21.663,14.02374,5,47102,1,1
5401,10,2026-08-24 14:58:59.166156-04,21.664,13.027494,5,47132,1,1
5402,10,2026-08-24 14:59:00.167262-04,21.664,12.026832,5,47162,1,1
5403,10,2026-08-24 14:59:01.168453-04,21.683,17.025227,5,47192,1,1
5404,10,2026-08-24 14:59:02.168633-04,21.683,16.023285,5,47222,1,1
5405,10,2026-08-24 14:59:03.170458-04,21.682,15.02161,5,47252,1,1
5406,10,2026-08-24 14:59:04.168757-04,21.679,14.019022,5,47282,1,1
5407,10,2026-08-24 14:59:05.168001-04,21.681,13.022712,5,47312,1,1
5408,10,2026-08-24 14:59:06.187427-04,21.679,12.019883,5,47342,1,1
5409,10,2026-08-24 14:59:07.167688-04,21.675,17.011047,5,47372,1,1
5410,10,2026-08-24 14:59:08.168801-04,21.675,16.009224,5,47402,1,1
5411,10,2026-08-24 14:59:09.170959-04,21.677,15.011471,5,47432,1,1
5412,10,2026-08-24 14:59:10.168739-04,21.678,14.0114,5,47462,1,1
5413,10,2026-08-24 14:59:11.167775-04,21.676,13.012718,5,47492,1,1
5414,10,2026-08-24 14:59:12.167836-04,21.679,12.015129,5,47522,1,1
5415,10,2026-08-24 14:59:13.168463-04,21.692,17.005428,5,47552,1,1
5416,10,2026-08-24 14:59:14.170645-04,21.69,16.001894,5,47582,1,1
5417,10,2026-08-24 14:59:15.168911-04,21.691,15.004277,5,47612,1,1
5418,10,2026-08-24 14:59:16.169231-04,21.691,14.003004,5,47642,1,1
5419,10,2026-08-24 14:59:17.168622-04,21.693,13.00651,5,47672,1,1
5420,10,2026-08-24 14:59:18.168438-04,21.694,12.00863,5,47702,1,1
5421,10,2026-08-24 14:59:19.16696-04,21.66,17.023466,5,47732,1,1
5422,10,2026-08-24 14:59:20.168477-04,21.658,16.018757,5,47762,1,1
5423,10,2026-08-24 14:59:21.168174-04,21.66,15.021114,5,47792,1,1
5424,10,2026-08-24 14:59:22.167775-04,21.657,14.018333,5,47822,1,1
5425,10,2026-08-24 14:59:23.166036-04,21.659,13.02213,5,47852,1,1
5426,10,2026-08-24 14:59:24.166774-04,21.66,12.022683,5,47882,1,1
5427,10,2026-08-24 14:59:25.168416-04,21.677,17.017277,5,47912,1,1
5428,10,2026-08-24 14:59:26.166477-04,21.678,16.019573,5,47942,1,1
5429,10,2026-08-24 14:59:27.166494-04,21.676,15.018258,5,47972,1,1
5430,10,2026-08-24 14:59:28.167486-04,21.674,14.014114,5,48002,1,1
5431,10,2026-08-24 14:59:29.168221-04,21.674,13.014221,5,48032,1,1
5432,10,2026-08-24 14:59:30.167369-04,21.674,12.014525,5,48062,1,1
5433,10,2026-08-24 14:59:31.168541-04,21.67,17.009583,5,48092,1,1
5434,10,2026-08-24 14:59:32.167892-04,21.671,16.01049,5,48122,1,1
5435,10,2026-08-24 14:59:33.167202-04,21.672,15.013674,5,48152,1,1
5436,10,2026-08-24 14:59:34.1682-04,21.672,14.011736,5,48182,1,1
5437,10,2026-08-24 14:59:35.166263-04,21.671,13.012922,5,48212,1,1
5438,10,2026-08-24 14:59:36.166875-04,21.669,12.009824,5,48242,1,1
5439,10,2026-08-24 14:59:37.16858-04,21.686,17.026129,5,48272,1,1
5440,10,2026-08-24 14:59:38.168366-04,21.684,16.025213,5,48302,1,1
5441,10,2026-08-24 14:59:39.169442-04,21.686,15.027626,5,48332,1,1
5442,10,2026-08-24 14:59:40.167565-04,21.686,14.025757,5,48362,1,1
5443,10,2026-08-24 14:59:41.169123-04,21.689,13.027489,5,48392,1,1
5444,10,2026-08-24 14:59:42.190736-04,21.687,12.028762,5,48422,1,1
5445,10,2026-08-24 14:59:43.166458-04,21.66,17.023603,5,48452,1,1
5446,10,2026-08-24 14:59:44.169289-04,21.659,16.01884,5,48482,1,1
5447,10,2026-08-24 14:59:45.168379-04,21.66,15.020832,5,48512,1,1
5448,10,2026-08-24 14:59:46.170192-04,21.657,14.020376,5,48542,1,1
5449,10,2026-08-24 14:59:47.166923-04,21.66,13.022177,5,48572,1,1
5450,10,2026-08-24 14:59:48.166001-04,21.659,12.021718,5,48602,1,1
5451,10,2026-08-24 14:59:49.167943-04,21.677,17.038614,5,48632,1,1
5452,10,2026-08-24 14:59:50.169835-04,21.677,16.03928,5,48662,1,1
5453,10,2026-08-24 14:59:51.169518-04,21.677,15.037296,5,48692,1,1
5454,10,2026-08-24 14:59:52.168295-04,21.674,14.035392,5,48722,1,1
5455,10,2026-08-24 14:59:53.168551-04,21.676,13.037015,5,48752,1,1
5456,10,2026-08-24 14:59:54.166361-04,21.674,12.037196,5,48782,1,1
5457,10,2026-08-24 14:59:55.168677-04,21.691,17.004343,5,48812,1,1
5458,10,2026-08-24 14:59:56.169309-04,21.691,16.003098,5,48842,1,1
5459,10,2026-08-24 14:59:57.169602-04,21.694,15.007037,5,48872,1,1
5460,10,2026-08-24 14:59:58.174636-04,21.693,14.006538,5,48902,1,1
5461,10,2026-08-24 14:59:59.168613-04,21.691,13.005233,5,48932,1,1
5462,10,2026-08-24 15:00:00.168124-04,21.691,12.006318,5,48962,1,1
5463,10,2026-08-24 15:00:01.169247-04,21.688,17.023033,5,48992,1,1
5464,10,2026-08-24 15:00:02.167849-04,21.685,16.020391,5,49022,1,1
5465,10,2026-08-24 15:00:03.169396-04,21.685,15.019229,5,49052,1,1
5466,10,2026-08-24 15:00:04.168027-04,21.687,14.022711,5,49082,1,1
5467,10,2026-08-24 15:00:05.168674-04,21.688,13.023772,5,49112,1,1
5468,10,2026-08-24 15:00:06.168949-04,21.688,12.022253,5,49142,1,1
5469,10,2026-08-24 15:00:07.169921-04,21.677,17.037516,5,49172,1,1
5470,10,2026-08-24 15:00:08.16931-04,21.675,16.035059,5,49202,1,1
5471,10,2026-08-24 15:00:09.168958-04,21.676,15.037259,5,49232,1,1
5472,10,2026-08-24 15:00:10.167238-04,21.674,14.036282,5,49262,1,1
5473,10,2026-08-24 15:00:11.16796-04,21.675,13.036411,5,49292,1,1
5474,10,2026-08-24 15:00:12.165998-04,21.675,12.037264,5,49322,1,1
5475,10,2026-08-24 15:00:13.17042-04,21.673,17.007694,5,49352,1,1
5476,10,2026-08-24 15:00:14.168178-04,21.671,16.006113,5,49382,1,1
5477,10,2026-08-24 15:00:15.169476-04,21.672,15.005637,5,49412,1,1
5478,10,2026-08-24 15:00:16.16952-04,21.669,14.003499,5,49442,1,1
5479,10,2026-08-24 15:00:17.168312-04,21.671,13.006832,5,49472,1,1
5480,10,2026-08-24 15:00:18.168911-04,21.669,12.004054,5,49502,1,1
5481,10,2026-08-24 15:00:19.174457-04,21.686,16.999374,5,49532,1,1
5482,10,2026-08-24 15:00:20.16894-04,21.686,15.998695,5,49562,1,1
5483,10,2026-08-24 15:00:21.168905-04,21.689,15.002034,5,49592,1,1
5484,10,2026-08-24 15:00:22.169624-04,21.688,14.000291,5,49622,1,1
5485,10,2026-08-24 15:00:23.169567-04,21.688,13.00026,5,49652,1,1
5486,10,2026-08-24 15:00:24.168262-04,21.69,12.004967,5,49682,1,1
5487,10,2026-08-24 15:00:25.168926-04,21.677,16.996248,5,49712,1,1
5488,10,2026-08-24 15:00:26.171165-04,21.674,15.991697,5,49742,1,1
5489,10,2026-08-24 15:00:27.169846-04,21.677,14.994472,5,49772,1,1
5490,10,2026-08-24 15:00:28.168941-04,21.675,13.993299,5,49802,1,1
5491,10,2026-08-24 15:00:29.168001-04,21.678,12.997667,5,49832,1,1
5492,10,2026-08-24 15:00:30.167884-04,21.677,11.997639,5,49862,1,1
5493,10,2026-08-24 15:00:31.169013-04,21.672,17.011168,5,49892,1,1
5494,10,2026-08-24 15:00:32.167394-04,21.674,16.014772,5,49922,1,1
5495,10,2026-08-24 15:00:33.168347-04,21.671,15.012188,5,49952,1,1
5496,10,2026-08-24 15:00:34.167759-04,21.669,14.009039,5,49982,1,1
5497,10,2026-08-24 15:00:35.167574-04,21.671,13.010337,5,50012,1,1
5498,10,2026-08-24 15:00:36.168239-04,21.67,12.010603,5,50042,1,1
5499,10,2026-08-24 15:00:37.170524-04,21.668,17.006506,5,50072,1,1
5500,10,2026-08-24 15:00:38.168646-04,21.668,16.007345,5,50102,1,1
5501,10,2026-08-24 15:00:39.167289-04,21.667,15.007614,5,50132,1,1
5502,10,2026-08-24 15:00:40.167557-04,21.664,14.003855,5,50162,1,1
5503,10,2026-08-24 15:00:41.169263-04,21.666,13.006041,5,50192,1,1
5504,10,2026-08-24 15:00:42.169035-04,21.663,12.005232,5,50222,1,1
5505,10,2026-08-24 15:00:43.168619-04,21.66,17.020632,5,50252,1,1
5506,10,2026-08-24 15:00:44.168472-04,21.66,16.019846,5,50282,1,1
5507,10,2026-08-24 15:00:45.168199-04,21.662,15.024331,5,50312,1,1
5508,10,2026-08-24 15:00:46.168016-04,21.661,14.023372,5,50342,1,1
5509,10,2026-08-24 15:00:47.1701-04,21.661,13.022639,5,50372,1,1
5510,10,2026-08-24 15:00:48.172867-04,21.663,12.026426,5,50402,1,1
5511,10,2026-08-24 15:00:49.169954-04,21.677,16.994644,5,50432,1,1
5512,10,2026-08-24 15:00:50.167921-04,21.675,15.994047,5,50462,1,1
5513,10,2026-08-24 15:00:51.170034-04,21.676,14.993987,5,50492,1,1
5514,10,2026-08-24 15:00:52.168455-04,21.675,13.992693,5,50522,1,1
5515,10,2026-08-24 15:00:53.168886-04,21.678,12.995784,5,50552,1,1
5516,10,2026-08-24 15:00:54.166982-04,21.678,11.997476,5,50582,1,1
5517,10,2026-08-24 15:00:55.168658-04,21.673,17.011362,5,50612,1,1
5518,10,2026-08-24 15:00:56.167908-04,21.669,16.009264,5,50642,1,1
5519,10,2026-08-24 15:00:57.16755-04,21.671,15.012191,5,50672,1,1
5520,10,2026-08-24 15:00:58.168469-04,21.669,14.007914,5,50702,1,1
5521,10,2026-08-24 15:00:59.167803-04,21.669,13.009053,5,50732,1,1
5522,10,2026-08-24 15:01:00.167166-04,21.67,12.011905,5,50762,1,1
5523,10,2026-08-24 15:01:01.169007-04,21.668,17.028133,5,50792,1,1
5524,10,2026-08-24 15:01:02.169556-04,21.667,16.027534,5,50822,1,1
5525,10,2026-08-24 15:01:03.167623-04,21.667,15.028863,5,50852,1,1
5526,10,2026-08-24 15:01:04.167581-04,21.664,14.026297,5,50882,1,1
5527,10,2026-08-24 15:01:05.167744-04,21.666,13.028168,5,50912,1,1
5528,10,2026-08-24 15:01:06.167861-04,21.663,12.026361,5,50942,1,1
5529,10,2026-08-24 15:01:07.167954-04,21.659,16.994043,5,50972,1,1
5530,10,2026-08-24 15:01:08.169077-04,21.659,15.99363,5,51002,1,1
5531,10,2026-08-24 15:01:09.169084-04,21.662,14.996674,5,51032,1,1
5532,10,2026-08-24 15:01:10.166139-04,21.663,13.998683,5,51062,1,1
5533,10,2026-08-24 15:01:11.168898-04,21.662,12.995605,5,51092,1,1
5534,10,2026-08-24 15:01:12.168019-04,21.663,11.999125,5,51122,1,1
5535,10,2026-08-24 15:01:13.169066-04,21.677,17.011173,5,51152,1,1
5536,10,2026-08-24 15:01:14.168616-04,21.674,16.009464,5,51182,1,1
5537,10,2026-08-24 15:01:15.169857-04,21.675,15.009028,5,51212,1,1
5538,10,2026-08-24 15:01:16.168684-04,21.674,14.009454,5,51242,1,1
5539,10,2026-08-24 15:01:17.169333-04,21.677,13.011184,5,51272,1,1
5540,10,2026-08-24 15:01:18.17475-04,21.677,12.013996,5,51302,1,1
5541,10,2026-08-24 15:01:19.168512-04,21.665,17.006136,5,51332,1,1
5542,10,2026-08-24 15:01:20.169148-04,21.664,16.004948,5,51362,1,1
5543,10,2026-08-24 15:01:21.168861-04,21.666,15.005996,5,51392,1,1
5544,10,2026-08-24 15:01:22.168313-04,21.663,14.00328,5,51422,1,1
5545,10,2026-08-24 15:01:23.167043-04,21.664,13.004714,5,51452,1,1
5546,10,2026-08-24 15:01:24.168819-04,21.663,12.005111,5,51482,1,1
5547,10,2026-08-24 15:01:25.169848-04,21.663,17.023115,5,51512,1,1
5548,10,2026-08-24 15:01:26.168372-04,21.661,16.02358,5,51542,1,1
5549,10,2026-08-24 15:01:27.170104-04,21.662,15.022635,5,51572,1,1
5550,10,2026-08-24 15:01:28.169377-04,21.659,14.019641,5,51602,1,1
5551,10,2026-08-24 15:01:29.170011-04,21.662,13.021781,5,51632,1,1
5552,10,2026-08-24 15:01:30.170297-04,21.659,12.020879,5,51662,1,1
5553,10,2026-08-24 15:01:31.168671-04,21.675,16.993242,5,51692,1,1
5554,10,2026-08-24 15:01:32.167914-04,21.676,15.994454,5,51722,1,1
5555,10,2026-08-24 15:01:33.170019-04,21.678,14.996974,5,51752,1,1
5556,10,2026-08-24 15:01:34.168292-04,21.678,13.996194,5,51782,1,1
5557,10,2026-08-24 15:01:35.167976-04,21.678,12.996805,5,51812,1,1
5558,10,2026-08-24 15:01:36.168276-04,21.68,11.999825,5,51842,1,1
5559,10,2026-08-24 15:01:37.168279-04,21.672,17.012117,5,51872,1,1
5560,10,2026-08-24 15:01:38.167933-04,21.67,16.009481,5,51902,1,1
5561,10,2026-08-24 15:01:39.169106-04,21.67,15.008765,5,51932,1,1
5562,10,2026-08-24 15:01:40.169295-04,21.67,14.009456,5,51962,1,1
5563,10,2026-08-24 15:01:41.170598-04,21.673,13.01223,5,51992,1,1
5564,10,2026-08-24 15:01:42.173524-04,21.672,12.014289,5,52022,1,1
5565,10,2026-08-24 15:01:43.168461-04,21.689,17.006433,5,52052,1,1
5566,10,2026-08-24 15:01:44.16833-04,21.686,16.004091,5,52082,1,1
5567,10,2026-08-24 15:01:45.168543-04,21.686,15.004926,5,52112,1,1
5568,10,2026-08-24 15:01:46.168437-04,21.685,14.00354,5,52142,1,1
5569,10,2026-08-24 15:01:47.170169-04,21.686,13.00408,5,52172,1,1
5570,10,2026-08-24 15:01:48.168354-04,21.66,12.004806,5,52202,1,1
5571,10,2026-08-24 15:01:49.168313-04,21.663,17.002047,5,52232,1,1
5572,10,2026-08-24 15:01:50.169763-04,21.661,16.001118,5,52262,1,1
5573,10,2026-08-24 15:01:51.168094-04,21.662,15.002111,5,52292,1,1
5574,10,2026-08-24 15:01:52.168561-04,21.66,13.999628,5,52322,1,1
5575,10,2026-08-24 15:01:53.169638-04,21.659,12.998794,5,52352,1,1
5576,10,2026-08-24 15:01:54.170321-04,21.659,11.999087,5,52382,1,1
5577,10,2026-08-24 15:01:55.170788-04,21.676,17.014547,5,52412,1,1
5578,10,2026-08-24 15:01:56.170048-04,21.675,16.014526,5,52442,1,1
5579,10,2026-08-24 15:01:57.171189-04,21.678,15.01704,5,52472,1,1
5580,10,2026-08-24 15:01:58.169465-04,21.677,14.016257,5,52502,1,1
5581,10,2026-08-24 15:01:59.172412-04,21.679,13.017522,5,52532,1,1
5582,10,2026-08-24 15:02:00.168825-04,21.68,12.020596,5,52562,1,1
5583,10,2026-08-24 15:02:01.169235-04,21.672,17.011217,5,52592,1,1
5584,10,2026-08-24 15:02:02.16935-04,21.669,16.009281,5,52622,1,1
5585,10,2026-08-24 15:02:03.169488-04,21.669,15.009127,5,52652,1,1
5586,10,2026-08-24 15:02:04.169176-04,21.669,14.008645,5,52682,1,1
5587,10,2026-08-24 15:02:05.16893-04,21.673,13.01322,5,52712,1,1
5588,10,2026-08-24 15:02:06.167709-04,21.673,12.013469,5,52742,1,1
5589,10,2026-08-24 15:02:07.168393-04,21.667,17.029522,5,52772,1,1
5590,10,2026-08-24 15:02:08.168207-04,21.665,16.026114,5,52802,1,1
5591,10,2026-08-24 15:02:09.169685-04,21.665,15.025251,5,52832,1,1
5592,10,2026-08-24 15:02:10.170195-04,21.665,14.024798,5,52862,1,1
5593,10,2026-08-24 15:02:11.168498-04,21.665,13.025171,5,52892,1,1
5594,10,2026-08-24 15:02:12.166994-04,21.664,12.026348,5,52922,1,1
5595,10,2026-08-24 15:02:13.169468-04,21.683,16.995272,5,52952,1,1
5596,10,2026-08-24 15:02:14.169612-04,21.683,15.996427,5,52982,1,1
5597,10,2026-08-24 15:02:15.169628-04,21.684,14.996079,5,53012,1,1
5598,10,2026-08-24 15:02:16.169885-04,21.681,13.993271,5,53042,1,1
5599,10,2026-08-24 15:02:17.168829-04,21.683,12.996655,5,53072,1,1
5600,10,2026-08-24 15:02:18.169098-04,21.68,11.994275,5,53102,1,1
5601,10,2026-08-24 15:02:19.167894-04,21.677,17.011017,5,53132,1,1
5602,10,2026-08-24 15:02:20.16803-04,21.675,16.009045,5,53162,1,1
5603,10,2026-08-24 15:02:21.17162-04,21.678,15.012115,5,53192,1,1
5604,10,2026-08-24 15:02:22.168754-04,21.678,14.011965,5,53222,1,1
5605,10,2026-08-24 15:02:23.169219-04,21.678,13.011809,5,53252,1,1
5606,10,2026-08-24 15:02:24.16811-04,21.68,12.015951,5,53282,1,1
5607,10,2026-08-24 15:02:25.167999-04,21.667,17.028316,5,53312,1,1
5608,10,2026-08-24 15:02:26.170176-04,21.664,16.02552,5,53342,1,1
5609,10,2026-08-24 15:02:27.169041-04,21.665,15.025006,5,53372,1,1
5610,10,2026-08-24 15:02:28.168239-04,21.665,14.026166,5,53402,1,1
5611,10,2026-08-24 15:02:29.168138-04,21.666,13.027507,5,53432,1,1
5612,10,2026-08-24 15:02:30.167063-04,21.668,12.030039,5,53462,1,1
5613,10,2026-08-24 15:02:31.172976-04,21.66,16.994598,5,53492,1,1
5614,10,2026-08-24 15:02:32.168462-04,21.66,15.993429,5,53522,1,1
5615,10,2026-08-24 15:02:33.168009-04,21.662,14.996089,5,53552,1,1
5616,10,2026-08-24 15:02:34.168716-04,21.659,13.992376,5,53582,1,1
5617,10,2026-08-24 15:02:35.174181-04,21.66,12.993285,5,53612,1,1
5618,10,2026-08-24 15:02:36.166869-04,21.658,11.993907,5,53642,1,1
5619,10,2026-08-24 15:02:37.168446-04,21.678,17.01233,5,53672,1,1
5620,10,2026-08-24 15:02:38.168744-04,21.678,16.012444,5,53702,1,1
5621,10,2026-08-24 15:02:39.168929-04,21.676,15.010644,5,53732,1,1
5622,10,2026-08-24 15:02:40.174812-04,21.676,14.0103,5,53762,1,1
5623,10,2026-08-24 15:02:41.171325-04,21.678,13.011737,5,53792,1,1
5624,10,2026-08-24 15:02:42.168178-04,21.676,12.011225,5,53822,1,1
5625,10,2026-08-24 15:02:43.170614-04,21.665,17.004332,5,53852,1,1
5626,10,2026-08-24 15:02:44.168263-04,21.664,16.003475,5,53882,1,1
5627,10,2026-08-24 15:02:45.169483-04,21.667,15.00611,5,53912,1,1
5628,10,2026-08-24 15:02:46.168588-04,21.667,14.006909,5,53942,1,1
5629,10,2026-08-24 15:02:47.167374-04,21.666,13.006825,5,53972,1,1
5630,10,2026-08-24 15:02:48.16954-04,21.67,12.010769,5,54002,1,1
5631,10,2026-08-24 15:02:49.168316-04,21.66,17.021002,5,54032,1,1
5632,10,2026-08-24 15:02:50.168617-04,21.659,16.020329,5,54062,1,1
5633,10,2026-08-24 15:02:51.16899-04,21.66,15.020253,5,54092,1,1
5634,10,2026-08-24 15:02:52.169973-04,21.659,14.020549,5,54122,1,1
5635,10,2026-08-24 15:02:53.170834-04,21.659,13.019251,5,54152,1,1
5636,10,2026-08-24 15:02:54.178183-04,21.662,12.023716,5,54182,1,1
5637,10,2026-08-24 15:02:55.169387-04,21.678,17.018143,5,54212,1,1
5638,10,2026-08-24 15:02:56.169933-04,21.676,16.014816,5,54242,1,1
5639,10,2026-08-24 15:02:57.177299-04,21.676,15.015744,5,54272,1,1
5640,10,2026-08-24 15:02:58.169758-04,21.675,14.013799,5,54302,1,1
5641,10,2026-08-24 15:02:59.170208-04,21.676,13.014341,5,54332,1,1
5642,10,2026-08-24 15:03:00.167401-04,21.674,12.016245,5,54362,1,1
5643,10,2026-08-24 15:03:01.168315-04,21.672,17.033587,5,54392,1,1
5644,10,2026-08-24 15:03:02.169053-04,21.672,16.032667,5,54422,1,1
5645,10,2026-08-24 15:03:03.17044-04,21.674,15.034053,5,54452,1,1
5646,10,2026-08-24 15:03:04.171245-04,21.671,14.03129,5,54482,1,1
5647,10,2026-08-24 15:03:05.169878-04,21.673,13.033347,5,54512,1,1
5648,10,2026-08-24 15:03:06.168019-04,21.67,12.032077,5,54542,1,1
5649,10,2026-08-24 15:03:07.17056-04,21.687,17.025963,5,54572,1,1
5650,10,2026-08-24 15:03:08.171535-04,21.686,16.02486,5,54602,1,1
5651,10,2026-08-24 15:03:09.169842-04,21.688,15.028292,5,54632,1,1
5652,10,2026-08-24 15:03:10.168832-04,21.687,14.027388,5,54662,1,1
5653,10,2026-08-24 15:03:11.170638-04,21.69,13.028714,5,54692,1,1
5654,10,2026-08-24 15:03:12.172043-04,21.685,12.025957,5,54722,1,1
5655,10,2026-08-24 15:03:13.171159-04,21.681,17.01777,5,54752,1,1
5656,10,2026-08-24 15:03:14.170084-04,21.681,16.019764,5,54782,1,1
5657,10,2026-08-24 15:03:15.170431-04,21.682,15.020592,5,54812,1,1
5658,10,2026-08-24 15:03:16.169778-04,21.681,14.019498,5,54842,1,1
5659,10,2026-08-24 15:03:17.170039-04,21.684,13.022792,5,54872,1,1
5660,10,2026-08-24 15:03:18.169152-04,21.684,12.025053,5,54902,1,1
5661,10,2026-08-24 15:03:19.169683-04,21.679,17.017548,5,54932,1,1
5662,10,2026-08-24 15:03:20.16882-04,21.677,16.015629,5,54962,1,1
5663,10,2026-08-24 15:03:21.169893-04,21.678,15.017252,5,54992,1,1
5664,10,2026-08-24 15:03:22.169176-04,21.675,14.014298,5,55022,1,1
5665,10,2026-08-24 15:03:23.168616-04,21.677,13.015361,5,55052,1,1
5666,10,2026-08-24 15:03:24.169104-04,21.675,12.015849,5,55082,1,1
5667,10,2026-08-24 15:03:25.170081-04,21.694,17.033283,5,55112,1,1
5668,10,2026-08-24 15:03:26.169636-04,21.694,16.032742,5,55142,1,1
5669,10,2026-08-24 15:03:27.17017-04,21.695,15.034132,5,55172,1,1
5670,10,2026-08-24 15:03:28.17236-04,21.693,14.031449,5,55202,1,1
5671,10,2026-08-24 15:03:29.168831-04,21.695,13.033634,5,55232,1,1
5672,10,2026-08-24 15:03:30.168167-04,21.691,12.031967,5,55262,1,1
5673,10,2026-08-24 15:03:31.170058-04,21.686,16.997889,5,55292,1,1
5674,10,2026-08-24 15:03:32.168875-04,21.686,15.99831,5,55322,1,1
5675,10,2026-08-24 15:03:33.169528-04,21.689,15.00123,5,55352,1,1
5676,10,2026-08-24 15:03:34.168893-04,21.688,14.000531,5,55382,1,1
5677,10,2026-08-24 15:03:35.168815-04,21.69,13.002214,5,55412,1,1
5678,10,2026-08-24 15:03:36.170066-04,21.69,12.00459,5,55442,1,1
5679,10,2026-08-24 15:03:37.169535-04,21.684,17.017204,5,55472,1,1
5680,10,2026-08-24 15:03:38.170531-04,21.681,16.014893,5,55502,1,1
5681,10,2026-08-24 15:03:39.169375-04,21.68,15.013528,5,55532,1,1
5682,10,2026-08-24 15:03:40.168873-04,21.68,14.013358,5,55562,1,1
5683,10,2026-08-24 15:03:41.168812-04,21.684,13.017519,5,55592,1,1
5684,10,2026-08-24 15:03:42.169798-04,21.68,12.015507,5,55622,1,1
5685,10,2026-08-24 15:03:43.169195-04,21.674,17.012976,5,55652,1,1
5686,10,2026-08-24 15:03:44.168296-04,21.674,16.014906,6,55683,1,1
5687,10,2026-08-24 15:03:45.169917-04,21.673,15.01212,6,55713,1,1
5688,10,2026-08-24 15:03:46.167785-04,21.67,14.010854,6,55743,1,1
5689,10,2026-08-24 15:03:47.171232-04,21.669,13.007784,6,55773,1,1
5690,10,2026-08-24 15:03:48.168384-04,21.672,12.012508,6,55803,1,1
5691,10,2026-08-24 15:03:49.168154-04,21.666,17.027044,6,55833,1,1
5692,10,2026-08-24 15:03:50.169469-04,21.668,16.028479,6,55863,1,1
5693,10,2026-08-24 15:03:51.170292-04,21.667,15.02756,6,55893,1,1
5694,10,2026-08-24 15:03:52.16941-04,21.666,14.025694,6,55923,1,1
5695,10,2026-08-24 15:03:53.168701-04,21.668,13.028444,6,55953,1,1
5696,10,2026-08-24 15:03:54.169696-04,21.665,12.026582,6,55983,1,1
5697,10,2026-08-24 15:03:55.169888-04,21.68,17.019186,6,56013,1,1
5698,10,2026-08-24 15:03:56.181602-04,21.681,16.019781,6,56043,1,1
5699,10,2026-08-24 15:03:57.169094-04,21.684,15.023101,6,56073,1,1
5700,10,2026-08-24 15:03:58.169397-04,21.684,14.02294,6,56103,1,1
5701,10,2026-08-24 15:03:59.169723-04,21.684,13.023174,6,56133,1,1
5702,10,2026-08-24 15:04:00.174924-04,21.684,12.025292,6,56163,1,1
5703,10,2026-08-24 15:04:01.169188-04,21.679,17.017939,6,56193,1,1
5704,10,2026-08-24 15:04:02.169818-04,21.676,16.014675,6,56223,1,1
5705,10,2026-08-24 15:04:03.169336-04,21.676,15.014568,6,56253,1,1
5706,10,2026-08-24 15:04:04.175705-04,21.677,14.015862,6,56283,1,1
5707,10,2026-08-24 15:04:05.169173-04,21.679,13.017505,6,56313,1,1
5708,10,2026-08-24 15:04:06.173229-04,21.679,12.019406,6,56343,1,1
5709,10,2026-08-24 15:04:07.168933-04,21.674,17.012823,6,56373,1,1
5710,10,2026-08-24 15:04:08.170745-04,21.674,16.01321,6,56403,1,1
5711,10,2026-08-24 15:04:09.169792-04,21.673,15.012316,6,56433,1,1
5712,10,2026-08-24 15:04:10.169776-04,21.671,14.009532,6,56463,1,1
5713,10,2026-08-24 15:04:11.16951-04,21.669,13.008176,6,56493,1,1
5714,10,2026-08-24 15:04:12.168648-04,21.672,12.011583,6,56523,1,1
5715,10,2026-08-24 15:04:13.170016-04,21.69,17.027676,6,56553,1,1
5716,10,2026-08-24 15:04:14.170187-04,21.69,16.028723,6,56583,1,1
5717,10,2026-08-24 15:04:15.170994-04,21.69,15.02845,6,56613,1,1
5718,10,2026-08-24 15:04:16.17065-04,21.687,14.026153,6,56643,1,1
5719,10,2026-08-24 15:04:17.170377-04,21.689,13.028281,6,56673,1,1
5720,10,2026-08-24 15:04:18.171075-04,21.687,12.026763,6,56703,1,1
5721,10,2026-08-24 15:04:19.172106-04,21.68,16.992638,6,56732,1,1
5722,10,2026-08-24 15:04:20.172639-04,21.682,15.99431,6,56762,1,1
5723,10,2026-08-24 15:04:21.171325-04,21.684,14.99617,6,56793,1,1
5724,10,2026-08-24 15:04:22.168763-04,21.684,13.998583,6,56822,1,1
5725,10,2026-08-24 15:04:23.174005-04,21.686,12.996674,6,56853,1,1
5726,10,2026-08-24 15:04:24.170789-04,21.683,11.997244,6,56882,1,1
5727,10,2026-08-24 15:04:25.169506-04,21.679,17.011717,6,56913,1,1
5728,10,2026-08-24 15:04:26.169793-04,21.676,16.009653,6,56942,1,1
5729,10,2026-08-24 15:04:27.169823-04,21.675,15.008213,6,56973,1,1
5730,10,2026-08-24 15:04:28.169057-04,21.677,14.010593,6,57002,1,1
5731,10,2026-08-24 15:04:29.16767-04,21.679,13.014383,6,57032,1,1
5732,10,2026-08-24 15:04:30.172121-04,21.679,12.014692,6,57062,1,1
5733,10,2026-08-24 15:04:31.168962-04,21.668,17.027754,6,57092,1,1
5734,10,2026-08-24 15:04:32.168751-04,21.668,16.02815,6,57122,1,1
5735,10,2026-08-24 15:04:33.169715-04,21.668,15.028277,6,57152,1,1
5736,10,2026-08-24 15:04:34.167221-04,21.665,14.027624,6,57182,1,1
5737,10,2026-08-24 15:04:35.170213-04,21.664,13.024549,6,57212,1,1
5738,10,2026-08-24 15:04:36.168657-04,21.659,12.026801,6,57242,1,1
5739,10,2026-08-24 15:04:37.169118-04,21.663,17.022717,6,57272,1,1
5740,10,2026-08-24 15:04:38.168802-04,21.662,16.02257,6,57302,1,1
5741,10,2026-08-24 15:04:39.169875-04,21.663,15.023423,6,57332,1,1
5742,10,2026-08-24 15:04:40.167596-04,21.663,14.025338,6,57362,1,1
5743,10,2026-08-24 15:04:41.170031-04,21.663,13.022772,6,57392,1,1
5744,10,2026-08-24 15:04:42.172911-04,21.659,12.02105,6,57422,1,1
5745,10,2026-08-24 15:04:43.167369-04,21.675,17.016012,6,57452,1,1
5746,10,2026-08-24 15:04:44.169778-04,21.676,16.014427,6,57482,1,1
5747,10,2026-08-24 15:04:45.169706-04,21.677,15.016068,6,57512,1,1
5748,10,2026-08-24 15:04:46.170864-04,21.68,14.017507,7,57543,1,1
5749,10,2026-08-24 15:04:47.169904-04,21.679,13.01812,7,57573,1,1
5750,10,2026-08-24 15:04:48.173587-04,21.681,12.020534,7,57603,1,1
5751,10,2026-08-24 15:04:49.17151-04,21.695,17.012209,7,57633,1,1
5752,10,2026-08-24 15:04:50.171217-04,21.693,16.010006,7,57662,1,1
5753,10,2026-08-24 15:04:51.168941-04,21.691,15.010662,7,57692,1,1
5754,10,2026-08-24 15:04:52.170195-04,21.693,14.010697,7,57722,1,1
5755,10,2026-08-24 15:04:53.172673-04,21.691,13.007981,7,57753,1,1
5756,10,2026-08-24 15:04:54.169758-04,21.692,12.010607,7,57782,1,1
5757,10,2026-08-24 15:04:55.169003-04,21.686,17.026552,7,57812,1,1
5758,10,2026-08-24 15:04:56.169551-04,21.688,16.027248,7,57842,1,1
5759,10,2026-08-24 15:04:57.170037-04,21.685,15.023547,7,57873,1,1
5760,10,2026-08-24 15:04:58.169906-04,21.687,14.025648,7,57902,1,1
5761,10,2026-08-24 15:04:59.168651-04,21.686,13.024717,7,57932,1,1
5762,10,2026-08-24 15:05:00.212471-04,21.689,12.028425,7,57962,1,1
5763,10,2026-08-24 15:05:01.175471-04,21.683,16.994658,7,57992,1,1
5764,10,2026-08-24 15:05:02.176403-04,21.682,15.994293,7,58023,1,1
5765,10,2026-08-24 15:05:03.185774-04,21.685,14.994945,7,58053,1,1
5766,10,2026-08-24 15:05:04.172246-04,21.684,13.995915,7,58082,1,1
5767,10,2026-08-24 15:05:05.169474-04,21.684,12.996226,7,58112,1,1
5768,10,2026-08-24 15:05:06.174399-04,21.682,11.995514,7,58142,1,1
5769,10,2026-08-24 15:05:07.171571-04,21.676,17.008194,7,58173,1,1
5770,10,2026-08-24 15:05:08.176938-04,21.678,16.01033,7,58202,1,1
5771,10,2026-08-24 15:05:09.170007-04,21.678,15.011323,7,58232,1,1
5772,10,2026-08-24 15:05:10.170271-04,21.679,14.013515,7,58262,1,1
5773,10,2026-08-24 15:05:11.170338-04,21.678,13.010961,7,58293,1,1
5774,10,2026-08-24 15:05:12.176738-04,21.678,12.013344,7,58322,1,1
5775,10,2026-08-24 15:05:13.171332-04,21.669,17.006702,7,58352,1,1
5776,10,2026-08-24 15:05:14.172097-04,21.666,16.004698,7,58382,1,1
5777,10,2026-08-24 15:05:15.167746-04,21.666,15.006244,7,58412,1,1
5778,10,2026-08-24 15:05:16.169161-04,21.667,14.005436,7,58442,1,1
5779,10,2026-08-24 15:05:17.168882-04,21.665,13.004048,7,58472,1,1
5780,10,2026-08-24 15:05:18.17001-04,21.669,12.008881,7,58503,1,1
5781,10,2026-08-24 15:05:19.169047-04,21.662,17.022491,7,58532,1,1
5782,10,2026-08-24 15:05:20.168989-04,21.663,16.023298,7,58562,1,1
5783,10,2026-08-24 15:05:21.169367-04,21.664,15.022914,7,58592,1,1
5784,10,2026-08-24 15:05:22.16769-04,21.659,14.020328,7,58622,1,1
5785,10,2026-08-24 15:05:23.168614-04,21.659,13.01962,7,58652,1,1
5786,10,2026-08-24 15:05:24.168297-04,21.661,12.023556,7,58682,1,1
5787,10,2026-08-24 15:05:25.170059-04,21.678,17.016167,7,58712,1,1
5788,10,2026-08-24 15:05:26.170292-04,21.679,16.016632,7,58742,1,1
5789,10,2026-08-24 15:05:27.169476-04,21.679,15.018141,7,58772,1,1
5790,10,2026-08-24 15:05:28.170218-04,21.678,14.015604,7,58802,1,1
5791,10,2026-08-24 15:05:29.17127-04,21.675,13.012785,8,58833,1,1
5792,10,2026-08-24 15:05:30.170722-04,21.677,12.016762,8,58863,1,1
5793,10,2026-08-24 15:05:31.169664-04,21.671,17.009476,8,58893,1,1
5794,10,2026-08-24 15:05:32.170483-04,21.671,16.009047,8,58923,1,1
5795,10,2026-08-24 15:05:33.1698-04,21.673,15.011474,8,58953,1,1
5796,10,2026-08-24 15:05:34.169423-04,21.675,14.013899,8,58983,1,1
5797,10,2026-08-24 15:05:35.170082-04,21.675,13.012835,8,59013,1,1
5798,10,2026-08-24 15:05:36.170278-04,21.672,12.013042,8,59042,1,1
5799,10,2026-08-24 15:05:37.169152-04,21.669,17.029106,8,59072,1,1
5800,10,2026-08-24 15:05:38.168743-04,21.664,16.024225,8,59102,1,1
5801,10,2026-08-24 15:05:39.169713-04,21.665,15.02512,8,59132,1,1
5802,10,2026-08-24 15:05:40.17279-04,21.667,14.026914,8,59162,1,1
5803,10,2026-08-24 15:05:41.169371-04,21.667,13.02728,8,59192,1,1
5804,10,2026-08-24 15:05:42.178714-04,21.669,12.031281,8,59222,1,1
5805,10,2026-08-24 15:05:43.169831-04,21.686,17.023521,8,59253,1,1
5806,10,2026-08-24 15:05:44.168458-04,21.683,16.023134,8,59282,1,1
5807,10,2026-08-24 15:05:45.169424-04,21.685,15.023537,8,59312,1,1
5808,10,2026-08-24 15:05:46.169986-04,21.682,14.020673,8,59342,1,1
5809,10,2026-08-24 15:05:47.169348-04,21.681,13.019596,8,59372,1,1
5810,10,2026-08-24 15:05:48.169656-04,21.683,12.023502,8,59402,1,1
5811,10,2026-08-24 15:05:49.169086-04,21.678,17.01155,8,59432,1,1
5812,10,2026-08-24 15:05:50.170279-04,21.678,16.010101,8,59462,1,1
5813,10,2026-08-24 15:05:51.1711-04,21.677,15.009964,8,59492,1,1
5814,10,2026-08-24 15:05:52.169319-04,21.677,14.011495,8,59522,1,1
5815,10,2026-08-24 15:05:53.169537-04,21.68,13.014239,8,59552,1,1
5816,10,2026-08-24 15:05:54.17059-04,21.677,12.012431,8,59582,1,1
5817,10,2026-08-24 15:05:55.170323-04,21.692,17.003788,8,59612,1,1
5818,10,2026-08-24 15:05:56.170259-04,21.693,16.003954,8,59642,1,1
5819,10,2026-08-24 15:05:57.171977-04,21.695,15.006604,8,59672,1,1
5820,10,2026-08-24 15:05:58.170456-04,21.693,14.005277,8,59702,1,1
5821,10,2026-08-24 15:05:59.172629-04,21.696,13.007367,8,59732,1,1
5822,10,2026-08-24 15:06:00.170608-04,21.694,12.008409,8,59762,1,1
5823,10,2026-08-24 15:06:01.169951-04,21.662,17.023125,8,59792,1,1
5824,10,2026-08-24 15:06:02.170338-04,21.661,16.021261,8,59822,1,1
5825,10,2026-08-24 15:06:03.171551-04,21.66,15.019878,8,59852,1,1
5826,10,2026-08-24 15:06:04.173073-04,21.659,14.018472,8,59882,1,1
5827,10,2026-08-24 15:06:05.173427-04,21.662,13.021435,8,59912,1,1
5828,10,2026-08-24 15:06:06.170799-04,21.662,12.023097,8,59942,1,1
5829,10,2026-08-24 15:06:07.170298-04,21.677,17.011932,8,59972,1,1
5830,10,2026-08-24 15:06:08.170638-04,21.676,16.009989,8,60002,1,1
5831,10,2026-08-24 15:06:09.170187-04,21.68,15.014006,8,60032,1,1
5832,10,2026-08-24 15:06:10.168654-04,21.677,14.011027,8,60062,1,1
5833,10,2026-08-24 15:06:11.170235-04,21.676,13.008367,8,60092,1,1
5834,10,2026-08-24 15:06:12.171498-04,21.677,12.011139,8,60122,1,1
5835,10,2026-08-24 15:06:13.169918-04,21.673,17.00608,8,60152,1,1
5836,10,2026-08-24 15:06:14.17101-04,21.672,16.004017,8,60182,1,1
5837,10,2026-08-24 15:06:15.170437-04,21.67,15.002445,8,60212,1,1
5838,10,2026-08-24 15:06:16.170886-04,21.671,14.004738,8,60242,1,1
5839,10,2026-08-24 15:06:17.170124-04,21.672,13.006725,8,60272,1,1
5840,10,2026-08-24 15:06:18.17434-04,21.671,12.00689,8,60302,1,1
5841,10,2026-08-24 15:06:19.17219-04,21.661,17.019718,8,60332,1,1
5842,10,2026-08-24 15:06:20.171266-04,21.659,16.018665,8,60362,1,1
5843,10,2026-08-24 15:06:21.173321-04,21.662,15.022267,8,60392,1,1
5844,10,2026-08-24 15:06:22.17013-04,21.662,14.022152,8,60422,1,1
5845,10,2026-08-24 15:06:23.175973-04,21.664,13.023436,8,60452,1,1
5846,10,2026-08-24 15:06:24.171123-04,21.664,12.025129,8,60482,1,1
5847,10,2026-08-24 15:06:25.168621-04,21.68,17.019697,8,60512,1,1
5848,10,2026-08-24 15:06:26.168679-04,21.677,16.016901,8,60542,1,1
5849,10,2026-08-24 15:06:27.171374-04,21.675,15.012494,8,60572,1,1
5850,10,2026-08-24 15:06:28.16935-04,21.674,14.013315,8,60602,1,1
5851,10,2026-08-24 15:06:29.169786-04,21.678,13.016227,8,60632,1,1
5852,10,2026-08-24 15:06:30.169734-04,21.678,12.017634,8,60662,1,1
5853,10,2026-08-24 15:06:31.169719-04,21.675,17.034136,8,60692,1,1
5854,10,2026-08-24 15:06:32.168461-04,21.671,16.031527,8,60722,1,1
5855,10,2026-08-24 15:06:33.168639-04,21.675,15.035704,8,60752,1,1
5856,10,2026-08-24 15:06:34.169681-04,21.672,14.032618,8,60782,1,1
5857,10,2026-08-24 15:06:35.16908-04,21.669,13.029424,8,60812,1,1
5858,10,2026-08-24 15:06:36.170255-04,21.67,12.031677,8,60842,1,1
5859,10,2026-08-24 15:06:37.169059-04,21.689,17.006493,8,60872,1,1
5860,10,2026-08-24 15:06:38.172683-04,21.689,16.008846,8,60902,1,1
5861,10,2026-08-24 15:06:39.170751-04,21.69,15.00745,8,60932,1,1
5862,10,2026-08-24 15:06:40.173238-04,21.687,14.004574,8,60962,1,1
5863,10,2026-08-24 15:06:41.172369-04,21.689,13.006332,8,60992,1,1
5864,10,2026-08-24 15:06:42.178249-04,21.689,12.007041,8,61022,1,1
5865,10,2026-08-24 15:06:43.169869-04,21.68,17.018318,8,61052,1,1
5866,10,2026-08-24 15:06:44.168992-04,21.68,16.019764,8,61082,1,1
5867,10,2026-08-24 15:06:45.169724-04,21.684,15.023419,8,61112,1,1
5868,10,2026-08-24 15:06:46.171099-04,21.683,14.02086,8,61142,1,1
5869,10,2026-08-24 15:06:47.168035-04,21.683,13.022642,8,61172,1,1
5870,10,2026-08-24 15:06:48.171851-04,21.681,12.020594,8,61202,1,1
5871,10,2026-08-24 15:06:49.168709-04,21.68,17.041288,8,61232,1,1
5872,10,2026-08-24 15:06:50.170393-04,21.678,16.036928,8,61262,1,1
5873,10,2026-08-24 15:06:51.169509-04,21.675,15.034889,8,61292,1,1
5874,10,2026-08-24 15:06:52.168508-04,21.674,14.035607,8,61322,1,1
5875,10,2026-08-24 15:06:53.169101-04,21.678,13.039457,8,61352,1,1
5876,10,2026-08-24 15:06:54.169118-04,21.677,12.039663,8,61382,1,1
5877,10,2026-08-24 15:06:55.169991-04,21.672,17.005722,8,61412,1,1
5878,10,2026-08-24 15:06:56.170475-04,21.675,16.007025,8,61442,1,1
5879,10,2026-08-24 15:06:57.171778-04,21.675,15.008101,8,61472,1,1
5880,10,2026-08-24 15:06:58.168629-04,21.672,14.006272,8,61502,1,1
5881,10,2026-08-24 15:06:59.16906-04,21.67,13.003704,8,61532,1,1
5882,10,2026-08-24 15:07:00.170119-04,21.67,12.004862,8,61562,1,1
5883,10,2026-08-24 15:07:01.1694-04,21.69,17.000683,8,61592,1,1
5884,10,2026-08-24 15:07:02.169184-04,21.688,15.999571,8,61622,1,1
5885,10,2026-08-24 15:07:03.170359-04,21.688,15.000445,8,61652,1,1
5886,10,2026-08-24 15:07:04.171242-04,21.687,13.999441,8,61682,1,1
5887,10,2026-08-24 15:07:05.170026-04,21.69,13.002922,8,61712,1,1
5888,10,2026-08-24 15:07:06.17567-04,21.687,12.000159,8,61742,1,1
5889,10,2026-08-24 15:07:07.170953-04,21.676,16.993078,8,61772,1,1
5890,10,2026-08-24 15:07:08.171456-04,21.675,15.991245,8,61802,1,1
5891,10,2026-08-24 15:07:09.173873-04,21.677,14.993589,8,61832,1,1
5892,10,2026-08-24 15:07:10.17009-04,21.677,13.994893,8,61862,1,1
5893,10,2026-08-24 15:07:11.17323-04,21.675,12.991631,8,61892,1,1
5894,10,2026-08-24 15:07:12.170127-04,21.679,11.998913,8,61922,1,1
5895,10,2026-08-24 15:07:13.172069-04,21.675,17.013086,8,61952,1,1
5896,10,2026-08-24 15:07:14.17292-04,21.673,16.010487,8,61982,1,1
5897,10,2026-08-24 15:07:15.171134-04,21.67,15.008203,8,62012,1,1
5898,10,2026-08-24 15:07:16.17151-04,21.67,14.007692,8,62042,1,1
5899,10,2026-08-24 15:07:17.169629-04,21.674,13.012769,8,62072,1,1
5900,10,2026-08-24 15:07:18.170926-04,21.673,12.012915,8,62102,1,1
5901,10,2026-08-24 15:07:19.170596-04,21.669,17.006842,8,62132,1,1
5902,10,2026-08-24 15:07:20.17144-04,21.667,16.004585,8,62162,1,1
5903,10,2026-08-24 15:07:21.171243-04,21.67,15.008518,8,62192,1,1
5904,10,2026-08-24 15:07:22.1692-04,21.667,14.005568,8,62222,1,1
5905,10,2026-08-24 15:07:23.168912-04,21.665,13.003805,8,62252,1,1
5906,10,2026-08-24 15:07:24.169401-04,21.664,12.004854,8,62282,1,1
5907,10,2026-08-24 15:07:25.174496-04,21.661,17.000944,8,62312,1,1
5908,10,2026-08-24 15:07:26.171298-04,21.662,15.999859,8,62342,1,1
5909,10,2026-08-24 15:07:27.16945-04,21.662,15.000661,8,62372,1,1
5910,10,2026-08-24 15:07:28.177394-04,21.664,14.002045,8,62402,1,1
5911,10,2026-08-24 15:07:29.172309-04,21.663,13.0013,8,62432,1,1
5912,10,2026-08-24 15:07:30.176023-04,21.662,12.001832,8,62462,1,1
5913,10,2026-08-24 15:07:31.169373-04,21.676,17.014475,8,62492,1,1
5914,10,2026-08-24 15:07:32.169075-04,21.675,16.014236,8,62522,1,1
5915,10,2026-08-24 15:07:33.173175-04,21.677,15.015243,8,62552,1,1
5916,10,2026-08-24 15:07:34.170304-04,21.677,14.015932,8,62582,1,1
5917,10,2026-08-24 15:07:35.170534-04,21.679,13.016342,8,62612,1,1
5918,10,2026-08-24 15:07:36.177075-04,21.68,12.019934,8,62642,1,1
5919,10,2026-08-24 15:07:37.169928-04,21.675,17.012947,8,62672,1,1
5920,10,2026-08-24 15:07:38.170303-04,21.673,16.01064,8,62702,1,1
5921,10,2026-08-24 15:07:39.172421-04,21.67,15.008775,8,62732,1,1
5922,10,2026-08-24 15:07:40.17248-04,21.67,14.008521,8,62762,1,1
5923,10,2026-08-24 15:07:41.170622-04,21.672,13.009847,8,62792,1,1
5924,10,2026-08-24 15:07:42.170033-04,21.673,12.013148,8,62822,1,1
5925,10,2026-08-24 15:07:43.170033-04,21.669,17.007479,8,62852,1,1
5926,10,2026-08-24 15:07:44.171241-04,21.666,16.00341,8,62882,1,1
5927,10,2026-08-24 15:07:45.171124-04,21.67,15.008193,8,62912,1,1
5928,10,2026-08-24 15:07:46.171131-04,21.668,14.005463,8,62942,1,1
5929,10,2026-08-24 15:07:47.170906-04,21.665,13.002489,8,62972,1,1
5930,10,2026-08-24 15:07:48.16905-04,21.665,12.004648,8,63002,1,1
5931,10,2026-08-24 15:07:49.169764-04,21.683,17.021233,8,63032,1,1
5932,10,2026-08-24 15:07:50.170029-04,21.685,16.02234,8,63062,1,1
5933,10,2026-08-24 15:07:51.172231-04,21.681,15.019803,8,63092,1,1
5934,10,2026-08-24 15:07:52.170243-04,21.682,14.0208,8,63122,1,1
5935,10,2026-08-24 15:07:53.171185-04,21.686,13.024282,8,63152,1,1
5936,10,2026-08-24 15:07:54.170446-04,21.683,12.024065,8,63182,1,1
5937,10,2026-08-24 15:07:55.170285-04,21.676,17.014814,8,63212,1,1
5938,10,2026-08-24 15:07:56.178204-04,21.676,16.014112,8,63242,1,1
5939,10,2026-08-24 15:07:57.170834-04,21.678,15.015401,8,63272,1,1
5940,10,2026-08-24 15:07:58.171217-04,21.677,14.015116,8,63302,1,1
5941,10,2026-08-24 15:07:59.173014-04,21.677,13.014415,8,63332,1,1
5942,10,2026-08-24 15:08:00.175305-04,21.678,12.0183,8,63362,1,1
5943,10,2026-08-24 15:08:01.173255-04,21.676,17.034674,8,63392,1,1
5944,10,2026-08-24 15:08:02.170221-04,21.673,16.031979,8,63422,1,1
5945,10,2026-08-24 15:08:03.170697-04,21.67,15.030299,8,63452,1,1
5946,10,2026-08-24 15:08:04.172382-04,21.67,14.028621,8,63482,1,1
5947,10,2026-08-24 15:08:05.170544-04,21.673,13.032107,8,63512,1,1
5948,10,2026-08-24 15:08:06.173866-04,21.672,12.032516,8,63542,1,1
5949,10,2026-08-24 15:08:07.169532-04,21.689,17.001244,8,63572,1,1
5950,10,2026-08-24 15:08:08.17091-04,21.688,15.999484,8,63602,1,1
5951,10,2026-08-24 15:08:09.170079-04,21.686,14.998244,8,63632,1,1
5952,10,2026-08-24 15:08:10.170926-04,21.689,14.0003,8,63662,1,1
5953,10,2026-08-24 15:08:11.170327-04,21.686,12.997575,8,63692,1,1
5954,10,2026-08-24 15:08:12.170007-04,21.686,11.999008,8,63722,1,1
5955,10,2026-08-24 15:08:13.171931-04,21.682,17.014029,8,63752,1,1
5956,10,2026-08-24 15:08:14.171388-04,21.684,16.0161,8,63782,1,1
5957,10,2026-08-24 15:08:15.170719-04,21.685,15.017875,8,63812,1,1
5958,10,2026-08-24 15:08:16.170489-04,21.686,14.019084,8,63842,1,1
5959,10,2026-08-24 15:08:17.16943-04,21.686,13.018963,8,63872,1,1
5960,10,2026-08-24 15:08:18.17411-04,21.683,12.01782,8,63902,1,1
5961,10,2026-08-24 15:08:19.206878-04,21.671,17.030703,8,63932,1,1
5962,10,2026-08-24 15:08:20.174617-04,21.67,16.028946,8,63962,1,1
5963,10,2026-08-24 15:08:21.171402-04,21.672,15.031652,8,63992,1,1
5964,10,2026-08-24 15:08:22.169291-04,21.673,14.032905,8,64022,1,1
5965,10,2026-08-24 15:08:23.170257-04,21.673,13.033227,8,64052,1,1
5966,10,2026-08-24 15:08:24.172095-04,21.673,12.035578,8,64082,1,1
5967,10,2026-08-24 15:08:25.171522-04,21.668,17.0005,8,64112,1,1
5968,10,2026-08-24 15:08:26.170587-04,21.668,16.000135,8,64142,1,1
5969,10,2026-08-24 15:08:27.169523-04,21.665,14.997642,8,64172,1,1
5970,10,2026-08-24 15:08:28.171421-04,21.665,13.997797,8,64202,1,1
5971,10,2026-08-24 15:08:29.170419-04,21.668,13.000074,8,64232,1,1
5972,10,2026-08-24 15:08:30.170767-04,21.667,12.001187,8,64262,1,1
5973,10,2026-08-24 15:08:31.170587-04,21.685,16.996391,8,64292,1,1
5974,10,2026-08-24 15:08:32.169406-04,21.683,15.9942,8,64322,1,1
5975,10,2026-08-24 15:08:33.174575-04,21.686,14.997232,8,64352,1,1
5976,10,2026-08-24 15:08:34.169074-04,21.684,13.996125,8,64382,1,1
5977,10,2026-08-24 15:08:35.1678-04,21.682,12.99472,8,64412,1,1
5978,10,2026-08-24 15:08:36.170388-04,21.68,11.993631,8,64442,1,1
5979,10,2026-08-24 15:08:37.16891-04,21.674,17.012177,8,64472,1,1
5980,10,2026-08-24 15:08:38.170811-04,21.672,16.00939,8,64502,1,1
5981,10,2026-08-24 15:08:39.17179-04,21.675,15.012751,8,64532,1,1
5982,10,2026-08-24 15:08:40.172637-04,21.671,14.008483,8,64562,1,1
5983,10,2026-08-24 15:08:41.170938-04,21.67,13.007606,8,64592,1,1
5984,10,2026-08-24 15:08:42.170071-04,21.674,12.012437,8,64622,1,1
5985,10,2026-08-24 15:08:43.170078-04,21.665,17.002731,8,64652,1,1
5986,10,2026-08-24 15:08:44.173447-04,21.665,16.001858,8,64682,1,1
5987,10,2026-08-24 15:08:45.177385-04,21.667,15.005149,8,64712,1,1
5988,10,2026-08-24 15:08:46.171961-04,21.667,14.004885,8,64742,1,1
5989,10,2026-08-24 15:08:47.169677-04,21.667,13.004908,8,64772,1,1
5990,10,2026-08-24 15:08:48.17236-04,21.668,12.007382,8,64802,1,1
5991,10,2026-08-24 15:08:49.171246-04,21.665,17.024548,8,64832,1,1
5992,10,2026-08-24 15:08:50.17132-04,21.663,16.021763,8,64862,1,1
5993,10,2026-08-24 15:08:51.172225-04,21.66,15.019237,8,64892,1,1
5994,10,2026-08-24 15:08:52.170093-04,21.659,14.018081,8,64922,1,1
5995,10,2026-08-24 15:08:53.171369-04,21.662,13.021615,8,64952,1,1
5996,10,2026-08-24 15:08:54.171718-04,21.662,12.021301,8,64982,1,1
5997,10,2026-08-24 15:08:55.180402-04,21.677,17.01479,8,65012,1,1
5998,10,2026-08-24 15:08:56.171821-04,21.677,16.014824,8,65042,1,1
5999,10,2026-08-24 15:08:57.169938-04,21.679,15.016895,8,65072,1,1
6000,10,2026-08-24 15:08:58.170483-04,21.679,14.016755,8,65102,1,1
6001,10,2026-08-24 15:08:59.170213-04,21.676,13.013873,8,65132,1,1
6002,10,2026-08-24 15:09:00.169298-04,21.676,12.014796,8,65162,1,1
6003,10,2026-08-24 15:09:01.173418-04,21.673,17.009893,8,65192,1,1
6004,10,2026-08-24 15:09:02.169324-04,21.672,16.010096,8,65222,1,1
6005,10,2026-08-24 15:09:03.171606-04,21.67,15.008853,8,65252,1,1
6006,10,2026-08-24 15:09:04.17265-04,21.672,14.010016,8,65282,1,1
6007,10,2026-08-24 15:09:05.174166-04,21.675,13.011984,8,65312,1,1
6008,10,2026-08-24 15:09:06.171369-04,21.674,12.012529,8,65342,1,1
6009,10,2026-08-24 15:09:07.170609-04,21.665,17.024218,8,65372,1,1
6010,10,2026-08-24 15:09:08.171808-04,21.666,16.02549,8,65402,1,1
6011,10,2026-08-24 15:09:09.1708-04,21.668,15.027473,8,65432,1,1
6012,10,2026-08-24 15:09:10.170732-04,21.667,14.026321,8,65462,1,1
6013,10,2026-08-24 15:09:11.171391-04,21.67,13.028791,8,65492,1,1
6014,10,2026-08-24 15:09:12.168271-04,21.669,12.029807,8,65522,1,1
6015,10,2026-08-24 15:09:13.171644-04,21.685,17.023005,8,65552,1,1
6016,10,2026-08-24 15:09:14.171357-04,21.681,16.01912,8,65582,1,1
6017,10,2026-08-24 15:09:15.172942-04,21.681,15.018372,8,65612,1,1
6018,10,2026-08-24 15:09:16.171798-04,21.682,14.019558,8,65642,1,1
6019,10,2026-08-24 15:09:17.169437-04,21.684,13.022031,8,65672,1,1
6020,10,2026-08-24 15:09:18.170965-04,21.685,12.023595,8,65702,1,1
6021,10,2026-08-24 15:09:19.17209-04,21.68,17.039314,8,65732,1,1
6022,10,2026-08-24 15:09:20.170441-04,21.676,16.035456,8,65762,1,1
6023,10,2026-08-24 15:09:21.170533-04,21.682,15.040704,8,65792,1,1
6024,10,2026-08-24 15:09:22.169512-04,21.677,14.035955,8,65822,1,1
6025,10,2026-08-24 15:09:23.171078-04,21.677,13.035775,8,65852,1,1
6026,10,2026-08-24 15:09:24.174787-04,21.676,12.036018,8,65882,1,1
6027,10,2026-08-24 15:09:25.170242-04,21.694,17.007545,8,65912,1,1
6028,10,2026-08-24 15:09:26.170715-04,21.695,16.00596,8,65942,1,1
6029,10,2026-08-24 15:09:27.169642-04,21.695,15.005906,8,65972,1,1
6030,10,2026-08-24 15:09:28.17067-04,21.694,14.004845,8,66002,1,1
6031,10,2026-08-24 15:09:29.170817-04,21.698,13.008753,8,66032,1,1
6032,10,2026-08-24 15:09:30.169818-04,21.695,12.00848,8,66062,1,1
6033,10,2026-08-24 15:09:31.171345-04,21.687,17.018948,8,66092,1,1
6034,10,2026-08-24 15:09:32.169761-04,21.687,16.018154,8,66122,1,1
6035,10,2026-08-24 15:09:33.174502-04,21.689,15.021978,8,66152,1,1
6036,10,2026-08-24 15:09:34.178033-04,21.689,14.020433,8,66182,1,1
6037,10,2026-08-24 15:09:35.172211-04,21.688,13.021947,8,66212,1,1
6038,10,2026-08-24 15:09:36.174361-04,21.69,12.023977,8,66242,1,1
6039,10,2026-08-24 15:09:37.17003-04,21.682,17.018877,8,66272,1,1
6040,10,2026-08-24 15:09:38.171071-04,21.678,16.015759,8,66302,1,1
6041,10,2026-08-24 15:09:39.172156-04,21.676,15.014207,8,66332,1,1
6042,10,2026-08-24 15:09:40.170872-04,21.677,14.01357,8,66362,1,1
6043,10,2026-08-24 15:09:41.178656-04,21.677,13.015094,8,66392,1,1
6044,10,2026-08-24 15:09:42.168713-04,21.677,12.017323,8,66422,1,1
6045,10,2026-08-24 15:09:43.169876-04,21.672,17.030811,8,66452,1,1
6046,10,2026-08-24 15:09:44.170237-04,21.674,16.033571,8,66482,1,1
6047,10,2026-08-24 15:09:45.170272-04,21.674,15.033499,8,66512,1,1
6048,10,2026-08-24 15:09:46.17012-04,21.674,14.033256,8,66542,1,1
6049,10,2026-08-24 15:09:47.168761-04,21.672,13.031706,8,66572,1,1
6050,10,2026-08-24 15:09:48.171789-04,21.671,12.031052,8,66602,1,1
6051,10,2026-08-24 15:09:49.171073-04,21.689,17.02666,8,66632,1,1
6052,10,2026-08-24 15:09:50.172062-04,21.689,16.027205,8,66662,1,1
6053,10,2026-08-24 15:09:51.1718-04,21.692,15.028771,8,66692,1,1
6054,10,2026-08-24 15:09:52.170614-04,21.689,14.026089,8,66722,1,1
6055,10,2026-08-24 15:09:53.170918-04,21.693,13.030419,8,66752,1,1
6056,10,2026-08-24 15:09:54.170031-04,21.69,12.029807,8,66782,1,1
6057,10,2026-08-24 15:09:55.171104-04,21.682,17.019436,8,66812,1,1
6058,10,2026-08-24 15:09:56.170692-04,21.681,16.018856,8,66842,1,1
6059,10,2026-08-24 15:09:57.170954-04,21.685,15.021472,8,66872,1,1
6060,10,2026-08-24 15:09:58.170526-04,21.683,14.021008,8,66902,1,1
6061,10,2026-08-24 15:09:59.171255-04,21.683,13.020981,8,66932,1,1
6062,10,2026-08-24 15:10:00.173926-04,21.683,12.021885,8,66962,1,1
6063,10,2026-08-24 15:10:01.171525-04,21.68,17.017569,8,66992,1,1
6064,10,2026-08-24 15:10:02.170196-04,21.679,16.016335,8,67022,1,1
6065,10,2026-08-24 15:10:03.1707-04,21.676,15.014699,8,67052,1,1
6066,10,2026-08-24 15:10:04.169989-04,21.676,14.016107,8,67082,1,1
6067,10,2026-08-24 15:10:05.173094-04,21.677,13.015127,8,67112,1,1
6068,10,2026-08-24 15:10:06.170832-04,21.679,12.017463,8,67142,1,1
6069,10,2026-08-24 15:10:07.173331-04,21.696,17.034195,8,67172,1,1
6070,10,2026-08-24 15:10:08.170805-04,21.696,16.033848,8,67202,1,1
6071,10,2026-08-24 15:10:09.170513-04,21.696,15.033555,8,67232,1,1
6072,10,2026-08-24 15:10:10.169317-04,21.693,14.031209,8,67262,1,1
6073,10,2026-08-24 15:10:11.171494-04,21.693,13.030365,8,67292,1,1
6074,10,2026-08-24 15:10:12.171542-04,21.691,12.031263,8,67322,1,1
6075,10,2026-08-24 15:10:13.171409-04,21.688,16.999207,8,67352,1,1
6076,10,2026-08-24 15:10:14.171514-04,21.689,16.000257,8,67382,1,1
6077,10,2026-08-24 15:10:15.172352-04,21.689,15.000983,8,67412,1,1
6078,10,2026-08-24 15:10:16.171159-04,21.689,13.999463,8,67442,1,1
6079,10,2026-08-24 15:10:17.170263-04,21.69,13.000936,8,67472,1,1
6080,10,2026-08-24 15:10:18.170372-04,21.688,12.000237,8,67502,1,1
6081,10,2026-08-24 15:10:19.171198-04,21.682,16.99318,8,67532,1,1
6082,10,2026-08-24 15:10:20.171469-04,21.681,15.991979,8,67562,1,1
6083,10,2026-08-24 15:10:21.172671-04,21.683,14.993498,8,67592,1,1
6084,10,2026-08-24 15:10:22.173381-04,21.683,13.994641,8,67622,1,1
6085,10,2026-08-24 15:10:23.171733-04,21.685,12.995167,8,67652,1,1
6086,10,2026-08-24 15:10:24.170696-04,21.685,11.998171,8,67682,1,1
6087,10,2026-08-24 15:10:25.170886-04,21.674,17.012169,8,67712,1,1
6088,10,2026-08-24 15:10:26.171508-04,21.675,16.011436,8,67742,1,1
6089,10,2026-08-24 15:10:27.170922-04,21.672,15.00896,8,67772,1,1
6090,10,2026-08-24 15:10:28.171519-04,21.671,14.007717,8,67802,1,1
6091,10,2026-08-24 15:10:29.170839-04,21.672,13.010169,8,67832,1,1
6092,10,2026-08-24 15:10:30.169352-04,21.673,12.012566,8,67862,1,1
6093,10,2026-08-24 15:10:31.170392-04,21.668,17.02699,8,67892,1,1
6094,10,2026-08-24 15:10:32.170297-04,21.668,16.026194,8,67922,1,1
6095,10,2026-08-24 15:10:33.17062-04,21.671,15.028742,8,67952,1,1
6096,10,2026-08-24 15:10:34.17113-04,21.669,14.028061,8,67982,1,1
6097,10,2026-08-24 15:10:35.171728-04,21.666,13.025423,8,68012,1,1
6098,10,2026-08-24 15:10:36.171788-04,21.666,12.025693,8,68042,1,1
6099,10,2026-08-24 15:10:37.170784-04,21.662,17.020744,8,68072,1,1
6100,10,2026-08-24 15:10:38.173195-04,21.662,16.020489,8,68102,1,1
6101,10,2026-08-24 15:10:39.173754-04,21.661,15.020536,8,68132,1,1
6102,10,2026-08-24 15:10:40.172326-04,21.664,14.023211,8,68162,1,1
6103,10,2026-08-24 15:10:41.172733-04,21.665,13.023459,8,68192,1,1
6104,10,2026-08-24 15:10:42.173055-04,21.662,12.022713,8,68222,1,1
6105,10,2026-08-24 15:10:43.170368-04,21.678,17.036818,8,68252,1,1
6106,10,2026-08-24 15:10:44.170839-04,21.676,16.035164,8,68282,1,1
6107,10,2026-08-24 15:10:45.172343-04,21.678,15.03705,8,68312,1,1
6108,10,2026-08-24 15:10:46.171469-04,21.676,14.035618,8,68342,1,1
6109,10,2026-08-24 15:10:47.17414-04,21.679,13.037796,8,68372,1,1
6110,10,2026-08-24 15:10:48.172041-04,21.68,12.040758,8,68402,1,1
6111,10,2026-08-24 15:10:49.171321-04,21.694,17.004278,8,68432,1,1
6112,10,2026-08-24 15:10:50.172-04,21.696,16.005983,8,68462,1,1
6113,10,2026-08-24 15:10:51.170702-04,21.694,15.004923,8,68492,1,1
6114,10,2026-08-24 15:10:52.171237-04,21.692,14.003067,8,68522,1,1
6115,10,2026-08-24 15:10:53.172172-04,21.694,13.004428,8,68552,1,1
6116,10,2026-08-24 15:10:54.169807-04,21.695,12.006936,8,68582,1,1
6117,10,2026-08-24 15:10:55.169107-04,21.689,17.022982,8,68612,1,1
6118,10,2026-08-24 15:10:56.170795-04,21.689,16.020851,8,68642,1,1
6119,10,2026-08-24 15:10:57.171667-04,21.692,15.02404,8,68672,1,1
6120,10,2026-08-24 15:10:58.17223-04,21.689,14.020831,8,68702,1,1
6121,10,2026-08-24 15:10:59.173463-04,21.688,13.019496,8,68732,1,1
6122,10,2026-08-24 15:11:00.17526-04,21.687,12.02012,8,68762,1,1
6123,10,2026-08-24 15:11:01.171156-04,21.678,17.015184,8,68792,1,1
6124,10,2026-08-24 15:11:02.171963-04,21.678,16.014397,8,68822,1,1
6125,10,2026-08-24 15:11:03.171254-04,21.68,15.018017,8,68852,1,1
6126,10,2026-08-24 15:11:04.171842-04,21.679,14.016692,8,68882,1,1
6127,10,2026-08-24 15:11:05.174531-04,21.681,13.017762,8,68912,1,1
6128,10,2026-08-24 15:11:06.172189-04,21.68,12.019217,8,68942,1,1
6129,10,2026-08-24 15:11:07.171259-04,21.671,17.028828,8,68972,1,1
6130,10,2026-08-24 15:11:08.170736-04,21.671,16.029436,8,69002,1,1
6131,10,2026-08-24 15:11:09.172419-04,21.673,15.031019,8,69032,1,1
6132,10,2026-08-24 15:11:10.171935-04,21.673,14.031413,8,69062,1,1
6133,10,2026-08-24 15:11:11.171542-04,21.674,13.031871,8,69092,1,1
6134,10,2026-08-24 15:11:12.172031-04,21.674,12.034613,8,69122,1,1
6135,10,2026-08-24 15:11:13.171702-04,21.692,17.028769,8,69152,1,1
6136,10,2026-08-24 15:11:14.172316-04,21.691,16.027851,8,69182,1,1
6137,10,2026-08-24 15:11:15.170909-04,21.688,15.025108,8,69212,1,1
6138,10,2026-08-24 15:11:16.170766-04,21.686,14.024322,8,69242,1,1
6139,10,2026-08-24 15:11:17.171134-04,21.688,13.026189,8,69272,1,1
6140,10,2026-08-24 15:11:18.169543-04,21.689,12.027899,8,69302,1,1
6141,10,2026-08-24 15:11:19.170625-04,21.685,17.023172,8,69332,1,1
6142,10,2026-08-24 15:11:20.171576-04,21.685,16.021568,8,69362,1,1
6143,10,2026-08-24 15:11:21.171319-04,21.686,15.024285,8,69392,1,1
6144,10,2026-08-24 15:11:22.170446-04,21.685,14.02305,8,69422,1,1
6145,10,2026-08-24 15:11:23.172373-04,21.683,13.019857,8,69452,1,1
6146,10,2026-08-24 15:11:24.173384-04,21.682,12.02163,8,69482,1,1
6147,10,2026-08-24 15:11:25.171856-04,21.678,17.015182,8,69512,1,1
6148,10,2026-08-24 15:11:26.170932-04,21.678,16.014446,8,69542,1,1
6149,10,2026-08-24 15:11:27.170593-04,21.677,15.014953,8,69572,1,1
6150,10,2026-08-24 15:11:28.171312-04,21.679,14.016944,8,69602,1,1
6151,10,2026-08-24 15:11:29.172399-04,21.681,13.018284,8,69632,1,1
6152,10,2026-08-24 15:11:30.169824-04,21.678,12.017821,8,69662,1,1
6153,10,2026-08-24 15:11:31.171114-04,21.693,17.009977,8,69692,1,1
6154,10,2026-08-24 15:11:32.170992-04,21.692,16.00875,8,69722,1,1
6155,10,2026-08-24 15:11:33.17256-04,21.694,15.009868,8,69752,1,1
6156,10,2026-08-24 15:11:34.171299-04,21.694,14.00983,8,69782,1,1
6157,10,2026-08-24 15:11:35.172814-04,21.697,13.012567,8,69812,1,1
6158,10,2026-08-24 15:11:36.170059-04,21.696,12.014006,8,69842,1,1
6159,10,2026-08-24 15:11:37.171512-04,21.692,17.028498,8,69872,1,1
6160,10,2026-08-24 15:11:38.172102-04,21.689,16.025702,8,69902,1,1
6161,10,2026-08-24 15:11:39.172072-04,21.689,15.025431,8,69932,1,1
6162,10,2026-08-24 15:11:40.172817-04,21.686,14.025164,8,69962,1,1
6163,10,2026-08-24 15:11:41.170793-04,21.689,13.026713,8,69992,1,1
6164,10,2026-08-24 15:11:42.173841-04,21.688,12.026954,8,70022,1,1
6165,10,2026-08-24 15:11:43.170193-04,21.686,16.996847,8,70052,1,1
6166,10,2026-08-24 15:11:44.171329-04,21.685,15.995302,8,70082,1,1
6167,10,2026-08-24 15:11:45.173428-04,21.687,14.999009,8,70112,1,1
6168,10,2026-08-24 15:11:46.171477-04,21.686,13.997263,8,70142,1,1
6169,10,2026-08-24 15:11:47.172004-04,21.683,12.993114,8,70172,1,1
6170,10,2026-08-24 15:11:48.171886-04,21.682,11.994056,8,70202,1,1
6171,10,2026-08-24 15:11:49.174235-04,21.678,17.009995,8,70232,1,1
6172,10,2026-08-24 15:11:50.172098-04,21.678,16.009827,8,70262,1,1
6173,10,2026-08-24 15:11:51.173108-04,21.679,15.010074,8,70292,1,1
6174,10,2026-08-24 15:11:52.170849-04,21.678,14.010394,8,70322,1,1
6175,10,2026-08-24 15:11:53.172202-04,21.682,13.013475,8,70352,1,1
6176,10,2026-08-24 15:11:54.172052-04,21.679,12.010384,8,70382,1,1
6177,10,2026-08-24 15:11:55.169618-04,21.667,17.027964,8,70412,1,1
6178,10,2026-08-24 15:11:56.172905-04,21.665,16.023527,8,70442,1,1
6179,10,2026-08-24 15:11:57.17594-04,21.667,15.025401,8,70472,1,1
6180,10,2026-08-24 15:11:58.172817-04,21.668,14.026141,8,70502,1,1
6181,10,2026-08-24 15:11:59.172614-04,21.669,13.026895,8,70532,1,1
6182,10,2026-08-24 15:12:00.170752-04,21.667,12.028121,8,70562,1,1
6183,10,2026-08-24 15:12:01.171207-04,21.666,16.998034,8,70592,1,1
6184,10,2026-08-24 15:12:02.17183-04,21.664,15.995932,8,70622,1,1
6185,10,2026-08-24 15:12:03.172013-04,21.662,14.99341,8,70652,1,1
6186,10,2026-08-24 15:12:04.170607-04,21.661,13.992355,8,70682,1,1
6187,10,2026-08-24 15:12:05.169838-04,21.662,12.994716,8,70712,1,1
6188,10,2026-08-24 15:12:06.173284-04,21.662,11.995229,8,70742,1,1
6189,10,2026-08-24 15:12:07.171334-04,21.679,17.010153,8,70772,1,1
6190,10,2026-08-24 15:12:08.172109-04,21.68,16.011309,8,70802,1,1
6191,10,2026-08-24 15:12:09.17452-04,21.681,15.012829,8,70832,1,1
6192,10,2026-08-24 15:12:10.169746-04,21.678,14.010868,8,70862,1,1
6193,10,2026-08-24 15:12:11.172428-04,21.678,13.009158,8,70892,1,1
6194,10,2026-08-24 15:12:12.172509-04,21.676,12.00983,8,70922,1,1
6195,10,2026-08-24 15:12:13.172573-04,21.667,17.003792,8,70952,1,1
6196,10,2026-08-24 15:12:14.17204-04,21.667,16.004292,8,70982,1,1
6197,10,2026-08-24 15:12:15.172587-04,21.67,15.006887,8,71012,1,1
6198,10,2026-08-24 15:12:16.172514-04,21.67,14.006388,8,71042,1,1
6199,10,2026-08-24 15:12:17.171857-04,21.667,13.003889,8,71072,1,1
6200,10,2026-08-24 15:12:18.170426-04,21.67,12.008649,8,71102,1,1
6201,10,2026-08-24 15:12:19.170181-04,21.662,17.021572,8,71132,1,1
6202,10,2026-08-24 15:12:20.170961-04,21.66,16.018944,8,71162,1,1
6203,10,2026-08-24 15:12:21.171726-04,21.663,15.020831,8,71192,1,1
6204,10,2026-08-24 15:12:22.171958-04,21.662,14.020272,8,71222,1,1
6205,10,2026-08-24 15:12:23.171196-04,21.664,13.022424,8,71252,1,1
6206,10,2026-08-24 15:12:24.169854-04,21.664,12.023784,8,71282,1,1
6207,10,2026-08-24 15:12:25.170584-04,21.682,17.0191,8,71312,1,1
6208,10,2026-08-24 15:12:26.170822-04,21.679,16.015753,8,71342,1,1
6209,10,2026-08-24 15:12:27.170998-04,21.678,15.014986,8,71372,1,1
6210,10,2026-08-24 15:12:28.172691-04,21.677,14.013439,8,71402,1,1
6211,10,2026-08-24 15:12:29.169844-04,21.678,13.016082,8,71432,1,1
6212,10,2026-08-24 15:12:30.173267-04,21.679,12.017617,8,71462,1,1
6213,10,2026-08-24 15:12:31.172458-04,21.676,17.01253,8,71492,1,1
6214,10,2026-08-24 15:12:32.17313-04,21.674,16.01131,8,71522,1,1
6215,10,2026-08-24 15:12:33.175523-04,21.677,15.013785,8,71552,1,1
6216,10,2026-08-24 15:12:34.172787-04,21.675,14.011807,8,71582,1,1
6217,10,2026-08-24 15:12:35.171235-04,21.672,13.008525,8,71612,1,1
6218,10,2026-08-24 15:12:36.170841-04,21.671,12.010238,8,71642,1,1
6219,10,2026-08-24 15:12:37.171537-04,21.688,17.003485,8,71672,1,1
6220,10,2026-08-24 15:12:38.170251-04,21.689,16.004435,8,71702,1,1
6221,10,2026-08-24 15:12:39.171706-04,21.691,15.006822,8,71732,1,1
6222,10,2026-08-24 15:12:40.17493-04,21.689,14.004804,8,71762,1,1
6223,10,2026-08-24 15:12:41.171748-04,21.69,13.005767,8,71792,1,1
6224,10,2026-08-24 15:12:42.169874-04,21.692,12.009012,8,71822,1,1
6225,10,2026-08-24 15:12:43.170551-04,21.663,17.02095,8,71852,1,1
6226,10,2026-08-24 15:12:44.17178-04,21.661,16.01948,8,71882,1,1
6227,10,2026-08-24 15:12:45.174425-04,21.662,15.02001,8,71912,1,1
6228,10,2026-08-24 15:12:46.17224-04,21.66,14.018661,8,71942,1,1
6229,10,2026-08-24 15:12:47.171919-04,21.665,13.023137,8,71972,1,1
6230,10,2026-08-24 15:12:48.17086-04,21.662,12.020832,8,72002,1,1
6231,10,2026-08-24 15:12:49.170596-04,21.68,17.012804,8,72032,1,1
6232,10,2026-08-24 15:12:50.170236-04,21.681,16.013475,8,72062,1,1
6233,10,2026-08-24 15:12:51.172793-04,21.678,15.009845,8,72092,1,1
6234,10,2026-08-24 15:12:52.170822-04,21.677,14.00814,8,72122,1,1
6235,10,2026-08-24 15:12:53.171343-04,21.678,13.009891,8,72152,1,1
6236,10,2026-08-24 15:12:54.16951-04,21.678,12.012098,8,72182,1,1
6237,10,2026-08-24 15:12:55.170809-04,21.676,17.00752,8,72212,1,1
6238,10,2026-08-24 15:12:56.17135-04,21.675,16.007471,8,72242,1,1
6239,10,2026-08-24 15:12:57.172848-04,21.675,15.006416,8,72272,1,1
6240,10,2026-08-24 15:12:58.17308-04,21.675,14.006971,8,72302,1,1
6241,10,2026-08-24 15:12:59.173973-04,21.673,13.00466,8,72332,1,1
6242,10,2026-08-24 15:13:00.172467-04,21.671,12.005596,8,72362,1,1
6243,10,2026-08-24 15:13:01.173198-04,21.662,17.019848,8,72392,1,1
6244,10,2026-08-24 15:13:02.172965-04,21.661,16.019234,8,72422,1,1
6245,10,2026-08-24 15:13:03.170894-04,21.662,15.02166,8,72452,1,1
6246,10,2026-08-24 15:13:04.171757-04,21.665,14.023076,8,72482,1,1
6247,10,2026-08-24 15:13:05.175492-04,21.664,13.022623,8,72512,1,1
6248,10,2026-08-24 15:13:06.171718-04,21.665,12.025053,8,72542,1,1
6249,10,2026-08-24 15:13:07.17065-04,21.677,17.014433,8,72572,1,1
6250,10,2026-08-24 15:13:08.171047-04,21.677,16.013456,8,72602,1,1
6251,10,2026-08-24 15:13:09.17195-04,21.678,15.014975,8,72632,1,1
6252,10,2026-08-24 15:13:10.169638-04,21.678,14.015146,8,72662,1,1
6253,10,2026-08-24 15:13:11.171363-04,21.678,13.014637,8,72692,1,1
6254,10,2026-08-24 15:13:12.172566-04,21.676,12.015203,8,72722,1,1
6255,10,2026-08-24 15:13:13.173586-04,21.675,16.99077,8,72752,1,1
6256,10,2026-08-24 15:13:14.171011-04,21.674,15.989239,8,72782,1,1
6257,10,2026-08-24 15:13:15.170697-04,21.673,14.988894,8,72812,1,1
6258,10,2026-08-24 15:13:16.170013-04,21.671,13.986705,8,72842,1,1
6259,10,2026-08-24 15:13:17.170186-04,21.673,12.988232,8,72872,1,1
6260,10,2026-08-24 15:13:18.171306-04,21.673,11.990891,8,72902,1,1
6261,10,2026-08-24 15:13:19.171161-04,21.691,17.006672,8,72932,1,1
6262,10,2026-08-24 15:13:20.171446-04,21.691,16.006432,8,72962,1,1
6263,10,2026-08-24 15:13:21.172723-04,21.692,15.007146,8,72992,1,1
6264,10,2026-08-24 15:13:22.171194-04,21.69,14.005507,8,73022,1,1
6265,10,2026-08-24 15:13:23.171246-04,21.689,13.004809,8,73052,1,1
6266,10,2026-08-24 15:13:24.171223-04,21.686,12.003897,8,73082,1,1
6267,10,2026-08-24 15:13:25.171168-04,21.683,16.998983,8,73112,1,1
6268,10,2026-08-24 15:13:26.170846-04,21.683,15.998285,8,73142,1,1
6269,10,2026-08-24 15:13:27.172891-04,21.682,14.997432,8,73172,1,1
6270,10,2026-08-24 15:13:28.170775-04,21.685,14.000464,8,73202,1,1
6271,10,2026-08-24 15:13:29.169912-04,21.686,13.00341,8,73232,1,1
6272,10,2026-08-24 15:13:30.170278-04,21.687,12.004743,8,73262,1,1
6273,10,2026-08-24 15:13:31.171937-04,21.657,17.015106,8,73292,1,1
6274,10,2026-08-24 15:13:32.171079-04,21.655,16.013376,8,73322,1,1
6275,10,2026-08-24 15:13:33.172982-04,21.657,15.014778,8,73352,1,1
6276,10,2026-08-24 15:13:34.171974-04,21.657,14.014865,8,73382,1,1
6277,10,2026-08-24 15:13:35.174084-04,21.658,13.016186,8,73412,1,1
6278,10,2026-08-24 15:13:36.172448-04,21.658,12.017968,8,73442,1,1
6279,10,2026-08-24 15:13:37.171799-04,21.676,17.014755,8,73472,1,1
6280,10,2026-08-24 15:13:38.172629-04,21.676,16.0133,8,73502,1,1
6281,10,2026-08-24 15:13:39.172445-04,21.674,15.010482,8,73532,1,1
6282,10,2026-08-24 15:13:40.170532-04,21.671,14.007494,8,73562,1,1
6283,10,2026-08-24 15:13:41.170911-04,21.673,13.009362,8,73592,1,1
6284,10,2026-08-24 15:13:42.171788-04,21.673,12.011443,8,73622,1,1
6285,10,2026-08-24 15:13:43.170927-04,21.67,17.02883,8,73652,1,1
6286,10,2026-08-24 15:13:44.170368-04,21.666,16.026157,8,73682,1,1
6287,10,2026-08-24 15:13:45.175284-04,21.67,15.029246,8,73712,1,1
6288,10,2026-08-24 15:13:46.170465-04,21.671,14.030399,8,73742,1,1
6289,10,2026-08-24 15:13:47.171552-04,21.669,13.027071,8,73772,1,1
6290,10,2026-08-24 15:13:48.170761-04,21.666,12.0261,8,73802,1,1
6291,10,2026-08-24 15:13:49.171587-04,21.683,17.021994,8,73832,1,1
6292,10,2026-08-24 15:13:50.171143-04,21.682,16.020294,8,73862,1,1
6293,10,2026-08-24 15:13:51.176634-04,21.686,15.022466,8,73892,1,1
6294,10,2026-08-24 15:13:52.17262-04,21.684,14.021228,8,73922,1,1
6295,10,2026-08-24 15:13:53.172342-04,21.685,13.022068,8,73952,1,1
6296,10,2026-08-24 15:13:54.171218-04,21.685,12.022881,8,73982,1,1
6297,10,2026-08-24 15:13:55.172996-04,21.679,17.03667,8,74012,1,1
6298,10,2026-08-24 15:13:56.171951-04,21.676,16.034273,8,74042,1,1
6299,10,2026-08-24 15:13:57.179178-04,21.678,15.03634,8,74072,1,1
6300,10,2026-08-24 15:13:58.17193-04,21.677,14.035412,8,74102,1,1
6301,10,2026-08-24 15:13:59.172148-04,21.68,13.038569,8,74132,1,1
6302,10,2026-08-24 15:14:00.170689-04,21.68,12.039077,8,74162,1,1
6303,10,2026-08-24 15:14:01.171322-04,21.698,17.007013,8,74192,1,1
6304,10,2026-08-24 15:14:02.170519-04,21.696,16.00618,8,74222,1,1
6305,10,2026-08-24 15:14:03.17178-04,21.695,15.006129,8,74252,1,1
6306,10,2026-08-24 15:14:04.171067-04,21.692,14.002299,8,74282,1,1
6307,10,2026-08-24 15:14:05.171746-04,21.694,13.004455,8,74312,1,1
6308,10,2026-08-24 15:14:06.170265-04,21.694,12.004912,8,74342,1,1
6309,10,2026-08-24 15:14:07.170558-04,21.69,17.021757,8,74372,1,1
6310,10,2026-08-24 15:14:08.171743-04,21.69,16.021328,8,74402,1,1
6311,10,2026-08-24 15:14:09.171772-04,21.692,15.023753,8,74432,1,1
6312,10,2026-08-24 15:14:10.171641-04,21.693,14.023345,8,74462,1,1
6313,10,2026-08-24 15:14:11.171548-04,21.689,13.020815,8,74492,1,1
6314,10,2026-08-24 15:14:12.17035-04,21.687,12.020821,8,74522,1,1
6315,10,2026-08-24 15:14:13.171587-04,21.678,17.036371,8,74552,1,1
6316,10,2026-08-24 15:14:14.170827-04,21.678,16.035875,8,74582,1,1
6317,10,2026-08-24 15:14:15.170986-04,21.681,15.038981,8,74612,1,1
6318,10,2026-08-24 15:14:16.171445-04,21.68,14.037845,8,74642,1,1
6319,10,2026-08-24 15:14:17.174771-04,21.682,13.039161,8,74672,1,1
6320,10,2026-08-24 15:14:18.176213-04,21.682,12.042361,8,74702,1,1
6321,10,2026-08-24 15:14:19.17136-04,21.674,17.005554,8,74732,1,1
6322,10,2026-08-24 15:14:20.171439-04,21.671,16.002953,8,74762,1,1
6323,10,2026-08-24 15:14:21.171638-04,21.673,15.004229,8,74792,1,1
6324,10,2026-08-24 15:14:22.170833-04,21.672,14.003778,8,74822,1,1
6325,10,2026-08-24 15:14:23.171518-04,21.675,13.006546,8,74852,1,1
6326,10,2026-08-24 15:14:24.171493-04,21.675,12.008057,8,74882,1,1
6327,10,2026-08-24 15:14:25.173673-04,21.692,17.001904,8,74912,1,1
6328,10,2026-08-24 15:14:26.171238-04,21.693,16.00302,8,74942,1,1
6329,10,2026-08-24 15:14:27.170627-04,21.69,15.000372,8,74972,1,1
6330,10,2026-08-24 15:14:28.170945-04,21.687,13.997107,8,75002,1,1
6331,10,2026-08-24 15:14:29.170874-04,21.689,12.999267,8,75032,1,1
6332,10,2026-08-24 15:14:30.169664-04,21.688,12.000294,8,75062,1,1
6333,10,2026-08-24 15:14:31.172809-04,21.679,17.014412,8,75092,1,1
6334,10,2026-08-24 15:14:32.172244-04,21.68,16.01592,8,75122,1,1
6335,10,2026-08-24 15:14:33.171631-04,21.682,15.018708,8,75152,1,1
6336,10,2026-08-24 15:14:34.170845-04,21.682,14.019118,8,75182,1,1
6337,10,2026-08-24 15:14:35.17227-04,21.679,13.016285,8,75212,1,1
6338,10,2026-08-24 15:14:36.175776-04,21.677,12.015416,8,75242,1,1
6339,10,2026-08-24 15:14:37.173564-04,21.673,17.0103,8,75272,1,1
6340,10,2026-08-24 15:14:38.170372-04,21.673,16.010359,8,75302,1,1
6341,10,2026-08-24 15:14:39.172826-04,21.676,15.012796,8,75332,1,1
6342,10,2026-08-24 15:14:40.172794-04,21.672,14.010215,8,75362,1,1
6343,10,2026-08-24 15:14:41.172357-04,21.677,13.013366,8,75392,1,1
6344,10,2026-08-24 15:14:42.175793-04,21.675,12.013522,8,75422,1,1
6345,10,2026-08-24 15:14:43.171834-04,21.669,17.02669,8,75452,1,1
6346,10,2026-08-24 15:14:44.171631-04,21.666,16.02447,8,75482,1,1
6347,10,2026-08-24 15:14:45.171411-04,21.668,15.026468,8,75512,1,1
6348,10,2026-08-24 15:14:46.171716-04,21.667,14.025381,8,75542,1,1
6349,10,2026-08-24 15:14:47.175652-04,21.671,13.028735,8,75572,1,1
6350,10,2026-08-24 15:14:48.173491-04,21.67,12.028855,8,75602,1,1
6351,10,2026-08-24 15:14:49.17483-04,21.687,17.023848,8,75632,1,1
6352,10,2026-08-24 15:14:50.171804-04,21.687,16.023994,8,75662,1,1
6353,10,2026-08-24 15:14:51.17073-04,21.685,15.022004,8,75692,1,1
6354,10,2026-08-24 15:14:52.171185-04,21.682,14.019001,8,75722,1,1
6355,10,2026-08-24 15:14:53.171402-04,21.684,13.02071,8,75752,1,1
6356,10,2026-08-24 15:14:54.174403-04,21.683,12.022563,8,75782,1,1
6357,10,2026-08-24 15:14:55.172611-04,21.679,17.017996,8,75812,1,1
6358,10,2026-08-24 15:14:56.170413-04,21.676,16.015373,8,75842,1,1
6359,10,2026-08-24 15:14:57.171742-04,21.677,15.017879,8,75872,1,1
6360,10,2026-08-24 15:14:58.169134-04,21.677,14.016516,8,75902,1,1
6361,10,2026-08-24 15:14:59.169673-04,21.675,13.016052,8,75932,1,1
6362,10,2026-08-24 15:15:00.171777-04,21.671,12.015215,8,75962,1,1
6363,10,2026-08-24 15:15:01.168717-04,21.667,17.009415,8,75992,1,1
6364,10,2026-08-24 15:15:02.167082-04,21.666,16.008923,8,76022,1,1
6365,10,2026-08-24 15:15:03.166705-04,21.668,15.012191,8,76052,1,1
6366,10,2026-08-24 15:15:04.166601-04,21.664,14.008904,8,76082,1,1
6367,10,2026-08-24 15:15:05.166047-04,21.664,13.008461,8,76112,1,1
6368,10,2026-08-24 15:15:06.166556-04,21.666,12.01297,8,76142,1,1
6369,10,2026-08-24 15:15:07.164859-04,21.681,17.027157,8,76172,1,1
6370,10,2026-08-24 15:15:08.163755-04,21.678,16.023956,8,76202,1,1
6371,10,2026-08-24 15:15:09.163738-04,21.679,15.024723,8,76232,1,1
6372,10,2026-08-24 15:15:10.163123-04,21.679,14.025552,8,76262,1,1
6373,10,2026-08-24 15:15:11.162958-04,21.681,13.027888,8,76292,1,1
6374,10,2026-08-24 15:15:12.162119-04,21.68,12.028772,8,76322,1,1
6375,10,2026-08-24 15:15:13.16118-04,21.676,16.997309,8,76352,1,1
6376,10,2026-08-24 15:15:14.159169-04,21.675,15.996078,8,76382,1,1
6377,10,2026-08-24 15:15:15.16009-04,21.674,14.994894,8,76412,1,1
6378,10,2026-08-24 15:15:16.158081-04,21.671,13.993969,8,76442,1,1
6379,10,2026-08-24 15:15:17.159819-04,21.67,12.992616,8,76472,1,1
6380,10,2026-08-24 15:15:18.158371-04,21.671,11.995946,8,76502,1,1
6381,10,2026-08-24 15:15:19.159291-04,21.666,17.010141,8,76532,1,1
6382,10,2026-08-24 15:15:20.164182-04,21.668,16.011242,8,76562,1,1
6383,10,2026-08-24 15:15:21.159508-04,21.667,15.011946,8,76592,1,1
6384,10,2026-08-24 15:15:22.160301-04,21.669,14.01351,8,76622,1,1
6385,10,2026-08-24 15:15:23.158843-04,21.666,13.010918,8,76652,1,1
6386,10,2026-08-24 15:15:24.156998-04,21.664,12.010236,8,76682,1,1
6387,10,2026-08-24 15:15:25.158753-04,21.653,17.003254,8,76712,1,1
6388,10,2026-08-24 15:15:26.158645-04,21.654,16.003471,8,76742,1,1
6389,10,2026-08-24 15:15:27.158102-04,21.654,15.004828,8,76772,1,1
6390,10,2026-08-24 15:15:28.158536-04,21.654,14.003761,8,76802,1,1
6391,10,2026-08-24 15:15:29.160328-04,21.655,13.004342,8,76832,1,1
6392,10,2026-08-24 15:15:30.157281-04,21.658,12.010518,8,76862,1,1
6393,10,2026-08-24 15:15:31.157991-04,21.648,17.02057,8,76892,1,1
6394,10,2026-08-24 15:15:32.157981-04,21.647,16.018906,8,76922,1,1
6395,10,2026-08-24 15:15:33.158162-04,21.647,15.019124,8,76952,1,1
6396,10,2026-08-24 15:15:34.157389-04,21.648,14.019728,8,76982,1,1
6397,10,2026-08-24 15:15:35.157629-04,21.651,13.023239,8,77012,1,1
6398,10,2026-08-24 15:15:36.154932-04,21.648,12.022054,8,77042,1,1
6399,10,2026-08-24 15:15:37.155788-04,21.667,17.019135,8,77072,1,1
6400,10,2026-08-24 15:15:38.158751-04,21.666,16.017023,8,77102,1,1
6401,10,2026-08-24 15:15:39.155966-04,21.663,15.015071,8,77132,1,1
6402,10,2026-08-24 15:15:40.155555-04,21.663,14.015571,8,77162,1,1
6403,10,2026-08-24 15:15:41.156991-04,21.663,13.014632,8,77192,1,1
6404,10,2026-08-24 15:15:42.15481-04,21.665,12.018362,8,77222,1,1
6405,10,2026-08-24 15:15:43.156784-04,21.662,17.01241,8,77252,1,1
6406,10,2026-08-24 15:15:44.157475-04,21.657,16.010206,8,77282,1,1
6407,10,2026-08-24 15:15:45.157359-04,21.661,15.011539,8,77312,1,1
6408,10,2026-08-24 15:15:46.156708-04,21.662,14.01411,8,77342,1,1
6409,10,2026-08-24 15:15:47.15723-04,21.66,13.010974,8,77372,1,1
6410,10,2026-08-24 15:15:48.155592-04,21.657,12.009791,8,77402,1,1
6411,10,2026-08-24 15:15:49.158022-04,21.652,17.024609,8,77432,1,1
6412,10,2026-08-24 15:15:50.156942-04,21.653,16.025253,8,77462,1,1
6413,10,2026-08-24 15:15:51.154814-04,21.654,15.028832,8,77492,1,1
6414,10,2026-08-24 15:15:52.156867-04,21.653,14.026091,8,77522,1,1
6415,10,2026-08-24 15:15:53.157222-04,21.655,13.027971,8,77552,1,1
6416,10,2026-08-24 15:15:54.155541-04,21.656,12.03144,8,77582,1,1
6417,10,2026-08-24 15:15:55.157848-04,21.669,17.020012,8,77612,1,1
6418,10,2026-08-24 15:15:56.157236-04,21.667,16.019062,8,77642,1,1
6419,10,2026-08-24 15:15:57.157417-04,21.669,15.021062,8,77672,1,1
6420,10,2026-08-24 15:15:58.1567-04,21.668,14.01951,8,77702,1,1
6421,10,2026-08-24 15:15:59.157275-04,21.67,13.021919,8,77732,1,1
6422,10,2026-08-24 15:16:00.15591-04,21.671,12.024355,8,77762,1,1
6423,10,2026-08-24 15:16:01.156599-04,21.666,17.039026,8,77792,1,1
6424,10,2026-08-24 15:16:02.155717-04,21.663,16.036226,8,77822,1,1
6425,10,2026-08-24 15:16:03.155819-04,21.665,15.038173,8,77852,1,1
6426,10,2026-08-24 15:16:04.15645-04,21.661,14.034532,8,77882,1,1
6427,10,2026-08-24 15:16:05.158267-04,21.662,13.035278,8,77912,1,1
6428,10,2026-08-24 15:16:06.155218-04,21.662,12.037309,8,77942,1,1
6429,10,2026-08-24 15:16:07.15693-04,21.681,17.006226,8,77972,1,1
6430,10,2026-08-24 15:16:08.15689-04,21.679,16.003769,8,78002,1,1
6431,10,2026-08-24 15:16:09.157441-04,21.683,15.008206,8,78032,1,1
6432,10,2026-08-24 15:16:10.152967-04,21.683,14.01018,8,78062,1,1
6433,10,2026-08-24 15:16:11.156708-04,21.681,13.005866,8,78092,1,1
6434,10,2026-08-24 15:16:12.154222-04,21.678,12.005394,8,78122,1,1
6435,10,2026-08-24 15:16:13.156601-04,21.673,16.998434,8,78152,1,1
6436,10,2026-08-24 15:16:14.156597-04,21.672,15.997612,8,78182,1,1
6437,10,2026-08-24 15:16:15.155503-04,21.675,15.001457,8,78212,1,1
6438,10,2026-08-24 15:16:16.155011-04,21.674,14.002045,8,78242,1,1
6439,10,2026-08-24 15:16:17.156603-04,21.676,13.000871,8,78272,1,1
6440,10,2026-08-24 15:16:18.155691-04,21.678,12.00483,8,78302,1,1
6441,10,2026-08-24 15:16:19.156515-04,21.664,17.016226,8,78332,1,1
6442,10,2026-08-24 15:16:20.159183-04,21.662,16.014254,8,78362,1,1
6443,10,2026-08-24 15:16:21.157223-04,21.663,15.014444,8,78392,1,1
6444,10,2026-08-24 15:16:22.156473-04,21.661,14.013139,8,78422,1,1
6445,10,2026-08-24 15:16:23.155353-04,21.664,13.018165,8,78452,1,1
6446,10,2026-08-24 15:16:24.154414-04,21.662,12.01555,8,78482,1,1
6447,10,2026-08-24 15:16:25.156533-04,21.66,17.011765,8,78512,1,1
6448,10,2026-08-24 15:16:26.153972-04,21.662,16.015335,8,78542,1,1
6449,10,2026-08-24 15:16:27.155915-04,21.659,15.01114,8,78572,1,1
6450,10,2026-08-24 15:16:28.155544-04,21.656,14.007929,8,78602,1,1
6451,10,2026-08-24 15:16:29.158161-04,21.658,13.009888,8,78632,1,1
6452,10,2026-08-24 15:16:30.155969-04,21.651,12.00943,8,78662,1,1
6453,10,2026-08-24 15:16:31.154853-04,21.654,17.028765,8,78692,1,1
6454,10,2026-08-24 15:16:32.156914-04,21.653,16.026403,8,78722,1,1
6455,10,2026-08-24 15:16:33.159446-04,21.657,15.028782,8,78752,1,1
6456,10,2026-08-24 15:16:34.157216-04,21.656,14.029617,8,78782,1,1
6457,10,2026-08-24 15:16:35.157479-04,21.653,13.025797,8,78812,1,1
6458,10,2026-08-24 15:16:36.156008-04,21.652,12.026764,8,78842,1,1
6459,10,2026-08-24 15:16:37.15647-04,21.667,17.02031,8,78872,1,1
6460,10,2026-08-24 15:16:38.157062-04,21.668,16.020884,8,78902,1,1
6461,10,2026-08-24 15:16:39.156979-04,21.672,15.023446,8,78932,1,1
6462,10,2026-08-24 15:16:40.156366-04,21.669,14.020814,8,78962,1,1
6463,10,2026-08-24 15:16:41.156903-04,21.67,13.021828,8,78992,1,1
6464,10,2026-08-24 15:16:42.156005-04,21.671,12.024832,8,79022,1,1
6465,10,2026-08-24 15:16:43.157275-04,21.665,17.011253,8,79052,1,1
6466,10,2026-08-24 15:16:44.15669-04,21.662,16.008553,8,79082,1,1
6467,10,2026-08-24 15:16:45.157479-04,21.663,15.009534,8,79112,1,1
6468,10,2026-08-24 15:16:46.157522-04,21.663,14.00923,8,79142,1,1
6469,10,2026-08-24 15:16:47.156418-04,21.665,13.012796,8,79172,1,1
6470,10,2026-08-24 15:16:48.154668-04,21.664,12.012548,8,79202,1,1
6471,10,2026-08-24 15:16:49.156001-04,21.677,17.003605,8,79232,1,1
6472,10,2026-08-24 15:16:50.156237-04,21.684,16.008999,8,79262,1,1
6473,10,2026-08-24 15:16:51.156314-04,21.681,15.005762,8,79292,1,1
6474,10,2026-08-24 15:16:52.156864-04,21.678,14.003472,8,79322,1,1
6475,10,2026-08-24 15:16:53.157061-04,21.679,13.005454,8,79352,1,1
6476,10,2026-08-24 15:16:54.156802-04,21.678,12.004966,8,79382,1,1
6477,10,2026-08-24 15:16:55.156629-04,21.648,17.021036,8,79412,1,1
6478,10,2026-08-24 15:16:56.156059-04,21.647,16.021606,8,79442,1,1
6479,10,2026-08-24 15:16:57.157554-04,21.646,15.019223,8,79472,1,1
6480,10,2026-08-24 15:16:58.15637-04,21.649,14.023537,8,79502,1,1
6481,10,2026-08-24 15:16:59.156818-04,21.649,13.022212,8,79532,1,1
6482,10,2026-08-24 15:17:00.15517-04,21.646,12.022069,8,79562,1,1
6483,10,2026-08-24 15:17:01.156538-04,21.663,17.01462,8,79592,1,1
6484,10,2026-08-24 15:17:02.156382-04,21.662,16.014244,8,79622,1,1
6485,10,2026-08-24 15:17:03.157444-04,21.665,15.017069,8,79652,1,1
6486,10,2026-08-24 15:17:04.155482-04,21.663,14.016227,8,79682,1,1
6487,10,2026-08-24 15:17:05.155703-04,21.666,13.017982,8,79712,1,1
6488,10,2026-08-24 15:17:06.155334-04,21.666,12.019505,8,79742,1,1
6489,10,2026-08-24 15:17:07.155727-04,21.659,17.011951,8,79772,1,1
6490,10,2026-08-24 15:17:08.155848-04,21.656,16.007874,8,79802,1,1
6491,10,2026-08-24 15:17:09.156697-04,21.657,15.009071,8,79832,1,1
6492,10,2026-08-24 15:17:10.156078-04,21.657,14.00919,8,79862,1,1
6493,10,2026-08-24 15:17:11.154956-04,21.66,13.012839,8,79892,1,1
6494,10,2026-08-24 15:17:12.154824-04,21.658,12.0122,8,79922,1,1
6495,10,2026-08-24 15:17:13.155894-04,21.678,17.029379,8,79952,1,1
6496,10,2026-08-24 15:17:14.155987-04,21.677,16.028524,8,79982,1,1
6497,10,2026-08-24 15:17:15.155943-04,21.676,15.027507,8,80012,1,1
6498,10,2026-08-24 15:17:16.155974-04,21.673,14.02528,8,80042,1,1
6499,10,2026-08-24 15:17:17.155833-04,21.674,13.025613,8,80072,1,1
6500,10,2026-08-24 15:17:18.153628-04,21.674,12.028353,8,80102,1,1
6501,10,2026-08-24 15:17:19.156228-04,21.649,17.022385,8,80132,1,1
6502,10,2026-08-24 15:17:20.156023-04,21.648,16.02137,8,80162,1,1
6503,10,2026-08-24 15:17:21.156408-04,21.651,15.024377,8,80192,1,1
6504,10,2026-08-24 15:17:22.157174-04,21.65,14.023389,8,80222,1,1
6505,10,2026-08-24 15:17:23.156433-04,21.649,13.022263,8,80252,1,1
6506,10,2026-08-24 15:17:24.1553-04,21.646,12.021407,8,80282,1,1
6507,10,2026-08-24 15:17:25.157443-04,21.663,17.035828,8,80312,1,1
6508,10,2026-08-24 15:17:26.15586-04,21.662,16.03596,8,80342,1,1
6509,10,2026-08-24 15:17:27.15695-04,21.665,15.038404,8,80372,1,1
6510,10,2026-08-24 15:17:28.156919-04,21.663,14.037581,8,80402,1,1
6511,10,2026-08-24 15:17:29.156834-04,21.666,13.03885,8,80432,1,1
6512,10,2026-08-24 15:17:30.154215-04,21.664,12.038818,8,80462,1,1
6513,10,2026-08-24 15:17:31.156477-04,21.681,17.006332,8,80492,1,1
6514,10,2026-08-24 15:17:32.156807-04,21.678,16.003592,8,80522,1,1
6515,10,2026-08-24 15:17:33.157393-04,21.678,15.002694,8,80552,1,1
6516,10,2026-08-24 15:17:34.157416-04,21.678,14.003335,8,80582,1,1
6517,10,2026-08-24 15:17:35.156726-04,21.681,13.006602,8,80612,1,1
6518,10,2026-08-24 15:17:36.154499-04,21.679,12.007003,8,80642,1,1
6519,10,2026-08-24 15:17:37.157517-04,21.675,17.021807,8,80672,1,1
6520,10,2026-08-24 15:17:38.155813-04,21.677,16.023478,8,80702,1,1
6521,10,2026-08-24 15:17:39.156543-04,21.676,15.023526,8,80732,1,1
6522,10,2026-08-24 15:17:40.156041-04,21.674,14.020101,8,80762,1,1
6523,10,2026-08-24 15:17:41.156816-04,21.672,13.01867,8,80792,1,1
6524,10,2026-08-24 15:17:42.15717-04,21.673,12.021077,8,80822,1,1
6525,10,2026-08-24 15:17:43.156987-04,21.665,17.038326,8,80852,1,1
6526,10,2026-08-24 15:17:44.156501-04,21.664,16.037373,8,80882,1,1
6527,10,2026-08-24 15:17:45.157606-04,21.664,15.037496,8,80912,1,1
6528,10,2026-08-24 15:17:46.157207-04,21.666,14.038744,8,80942,1,1
6529,10,2026-08-24 15:17:47.15708-04,21.663,13.036228,8,80972,1,1
6530,10,2026-08-24 15:17:48.154443-04,21.662,12.038407,8,81002,1,1
6531,10,2026-08-24 15:17:49.157269-04,21.657,17.003828,8,81032,1,1
6532,10,2026-08-24 15:17:50.156084-04,21.657,16.004284,8,81062,1,1
6533,10,2026-08-24 15:17:51.156673-04,21.66,15.006383,8,81092,1,1
6534,10,2026-08-24 15:17:52.156206-04,21.658,14.004793,8,81122,1,1
6535,10,2026-08-24 15:17:53.158711-04,21.658,13.004703,8,81152,1,1
6536,10,2026-08-24 15:17:54.155682-04,21.661,12.009823,8,81182,1,1
6537,10,2026-08-24 15:17:55.1571-04,21.676,17.001307,8,81212,1,1
6538,10,2026-08-24 15:17:56.153842-04,21.672,15.99959,8,81242,1,1
6539,10,2026-08-24 15:17:57.156254-04,21.672,14.998063,8,81272,1,1
6540,10,2026-08-24 15:17:58.158296-04,21.672,13.997129,8,81302,1,1
6541,10,2026-08-24 15:17:59.157616-04,21.676,13.002141,8,81332,1,1
6542,10,2026-08-24 15:18:00.154811-04,21.673,12.001607,8,81362,1,1
6543,10,2026-08-24 15:18:01.155418-04,21.664,16.9967,8,81392,1,1
6544,10,2026-08-24 15:18:02.156466-04,21.666,15.996734,8,81422,1,1
6545,10,2026-08-24 15:18:03.156162-04,21.664,14.994007,8,81452,1,1
6546,10,2026-08-24 15:18:04.156844-04,21.663,13.99311,8,81482,1,1
6547,10,2026-08-24 15:18:05.155755-04,21.663,12.99367,8,81512,1,1
6548,10,2026-08-24 15:18:06.156812-04,21.66,11.993832,8,81542,1,1
6549,10,2026-08-24 15:18:07.15402-04,21.657,17.011793,8,81572,1,1
6550,10,2026-08-24 15:18:08.157377-04,21.659,16.010984,8,81602,1,1
6551,10,2026-08-24 15:18:09.157133-04,21.657,15.009825,8,81632,1,1
6552,10,2026-08-24 15:18:10.154682-04,21.661,14.012849,8,81662,1,1
6553,10,2026-08-24 15:18:11.157277-04,21.66,13.012434,8,81692,1,1
6554,10,2026-08-24 15:18:12.153831-04,21.657,12.011901,8,81722,1,1
6555,10,2026-08-24 15:18:13.157544-04,21.651,17.003532,8,81752,1,1
6556,10,2026-08-24 15:18:14.157442-04,21.651,16.003723,8,81782,1,1
6557,10,2026-08-24 15:18:15.155699-04,21.654,15.006932,8,81812,1,1
6558,10,2026-08-24 15:18:16.157027-04,21.653,14.004693,8,81842,1,1
6559,10,2026-08-24 15:18:17.156151-04,21.654,13.005752,8,81872,1,1
6560,10,2026-08-24 15:18:18.156411-04,21.656,12.009532,8,81902,1,1
6561,10,2026-08-24 15:18:19.155406-04,21.647,17.021118,8,81932,1,1
6562,10,2026-08-24 15:18:20.156704-04,21.647,16.019812,8,81962,1,1
6563,10,2026-08-24 15:18:21.15665-04,21.646,15.018992,8,81992,1,1
6564,10,2026-08-24 15:18:22.163036-04,21.646,14.019341,8,82022,1,1
6565,10,2026-08-24 15:18:23.156549-04,21.648,13.021433,8,82052,1,1
6566,10,2026-08-24 15:18:24.159288-04,21.647,12.022358,8,82082,1,1
6567,10,2026-08-24 15:18:25.157398-04,21.663,16.993267,8,82112,1,1
6568,10,2026-08-24 15:18:26.157157-04,21.667,15.997143,8,82142,1,1
6569,10,2026-08-24 15:18:27.155759-04,21.665,14.996413,8,82172,1,1
6570,10,2026-08-24 15:18:28.156597-04,21.663,13.993374,8,82202,1,1
6571,10,2026-08-24 15:18:29.155276-04,21.661,12.992637,8,82232,1,1
6572,10,2026-08-24 15:18:30.154107-04,21.663,11.995186,8,82262,1,1
6573,10,2026-08-24 15:18:31.156301-04,21.659,17.011614,8,82292,1,1
6574,10,2026-08-24 15:18:32.157117-04,21.659,16.010868,8,82322,1,1
6575,10,2026-08-24 15:18:33.157582-04,21.659,15.010943,8,82352,1,1
6576,10,2026-08-24 15:18:34.156537-04,21.659,14.011139,8,82382,1,1
6577,10,2026-08-24 15:18:35.157295-04,21.66,13.012644,8,82412,1,1
6578,10,2026-08-24 15:18:36.154237-04,21.657,12.011786,8,82442,1,1
6579,10,2026-08-24 15:18:37.155965-04,21.651,17.024729,8,82472,1,1
6580,10,2026-08-24 15:18:38.156209-04,21.652,16.024832,8,82502,1,1
6581,10,2026-08-24 15:18:39.156594-04,21.653,15.026337,8,82532,1,1
6582,10,2026-08-24 15:18:40.1545-04,21.652,14.02563,8,82562,1,1
6583,10,2026-08-24 15:18:41.156639-04,21.654,13.027338,8,82592,1,1
6584,10,2026-08-24 15:18:42.155633-04,21.65,12.030616,8,82622,1,1
6585,10,2026-08-24 15:18:43.155906-04,21.65,16.996372,8,82652,1,1
6586,10,2026-08-24 15:18:44.156275-04,21.647,15.993333,8,82682,1,1
6587,10,2026-08-24 15:18:45.157392-04,21.646,14.993339,8,82712,1,1
6588,10,2026-08-24 15:18:46.156234-04,21.645,13.992907,8,82742,1,1
6589,10,2026-08-24 15:18:47.156222-04,21.648,12.994487,8,82772,1,1
6590,10,2026-08-24 15:18:48.155669-04,21.647,11.995293,8,82802,1,1
6591,10,2026-08-24 15:18:49.157715-04,21.665,17.01328,8,82832,1,1
6592,10,2026-08-24 15:18:50.156478-04,21.667,16.01344,8,82862,1,1
6593,10,2026-08-24 15:18:51.155585-04,21.666,15.013072,8,82892,1,1
6594,10,2026-08-24 15:18:52.156346-04,21.663,14.009393,8,82922,1,1
6595,10,2026-08-24 15:18:53.15689-04,21.662,13.009145,8,82952,1,1
6596,10,2026-08-24 15:18:54.154471-04,21.66,12.009757,8,82982,1,1
6597,10,2026-08-24 15:18:55.156684-04,21.653,17.005123,8,83012,1,1
6598,10,2026-08-24 15:18:56.157035-04,21.65,16.00326,8,83042,1,1
6599,10,2026-08-24 15:18:57.158181-04,21.653,15.004878,8,83072,1,1
6600,10,2026-08-24 15:18:58.156455-04,21.655,14.008085,8,83102,1,1
6601,10,2026-08-24 15:18:59.157146-04,21.653,13.005,8,83132,1,1
6602,10,2026-08-24 15:19:00.156817-04,21.652,12.006198,8,83162,1,1
6603,10,2026-08-24 15:19:01.156836-04,21.645,17.019447,8,83192,1,1
6604,10,2026-08-24 15:19:02.156672-04,21.645,16.019423,8,83222,1,1
6605,10,2026-08-24 15:19:03.156581-04,21.648,15.021966,8,83252,1,1
6606,10,2026-08-24 15:19:04.157563-04,21.647,14.020779,8,83282,1,1
6607,10,2026-08-24 15:19:05.156671-04,21.648,13.02105,8,83312,1,1
6608,10,2026-08-24 15:19:06.153664-04,21.65,12.026288,8,83342,1,1
6609,10,2026-08-24 15:19:07.155771-04,21.665,16.996803,8,83372,1,1
6610,10,2026-08-24 15:19:08.156992-04,21.663,15.993584,8,83402,1,1
6611,10,2026-08-24 15:19:09.156453-04,21.662,14.992478,8,83432,1,1
6612,10,2026-08-24 15:19:10.155955-04,21.662,13.992698,8,83462,1,1
6613,10,2026-08-24 15:19:11.157501-04,21.664,12.99461,8,83492,1,1
6614,10,2026-08-24 15:19:12.154818-04,21.663,11.995289,8,83522,1,1
6615,10,2026-08-24 15:19:13.155694-04,21.659,17.011877,8,83552,1,1
6616,10,2026-08-24 15:19:14.155266-04,21.661,16.013853,8,83582,1,1
6617,10,2026-08-24 15:19:15.155543-04,21.66,15.012698,8,83612,1,1
6618,10,2026-08-24 15:19:16.155546-04,21.658,14.009583,8,83642,1,1
6619,10,2026-08-24 15:19:17.156152-04,21.656,13.009261,8,83672,1,1
6620,10,2026-08-24 15:19:18.161381-04,21.655,12.009985,8,83702,1,1
6621,10,2026-08-24 15:19:19.154394-04,21.675,17.007442,8,83732,1,1
6622,10,2026-08-24 15:19:20.15581-04,21.674,16.004847,8,83762,1,1
6623,10,2026-08-24 15:19:21.156552-04,21.675,15.006879,8,83792,1,1
6624,10,2026-08-24 15:19:22.160232-04,21.678,14.008088,8,83822,1,1
6625,10,2026-08-24 15:19:23.156512-04,21.676,13.007345,8,83852,1,1
6626,10,2026-08-24 15:19:24.153872-04,21.673,12.006823,8,83882,1,1
6627,10,2026-08-24 15:19:25.156401-04,21.646,16.99795,8,83912,1,1
6628,10,2026-08-24 15:19:26.156433-04,21.645,15.997478,8,83942,1,1
6629,10,2026-08-24 15:19:27.156357-04,21.649,15.002125,8,83972,1,1
6630,10,2026-08-24 15:19:28.156764-04,21.648,13.999437,8,84002,1,1
6631,10,2026-08-24 15:19:29.156966-04,21.647,12.998703,8,84032,1,1
6632,10,2026-08-24 15:19:30.156472-04,21.647,12.000359,8,84062,1,1
6633,10,2026-08-24 15:19:31.158238-04,21.665,17.017326,8,84092,1,1
6634,10,2026-08-24 15:19:32.1565-04,21.662,16.015299,8,84122,1,1
6635,10,2026-08-24 15:19:33.158203-04,21.661,15.013049,8,84152,1,1
6636,10,2026-08-24 15:19:34.156345-04,21.661,14.01384,8,84182,1,1
6637,10,2026-08-24 15:19:35.155974-04,21.664,13.018088,8,84212,1,1
6638,10,2026-08-24 15:19:36.155929-04,21.663,12.017915,8,84242,1,1
6639,10,2026-08-24 15:19:37.161897-04,21.659,17.012037,8,84272,1,1
6640,10,2026-08-24 15:19:38.155215-04,21.66,16.012478,8,84302,1,1
6641,10,2026-08-24 15:19:39.155597-04,21.66,15.012673,8,84332,1,1
6642,10,2026-08-24 15:19:40.153036-04,21.658,14.011653,8,84362,1,1
6643,10,2026-08-24 15:19:41.155876-04,21.657,13.008974,8,84392,1,1
6644,10,2026-08-24 15:19:42.155055-04,21.656,12.009707,8,84422,1,1
6645,10,2026-08-24 15:19:43.155564-04,21.654,17.027115,8,84452,1,1
6646,10,2026-08-24 15:19:44.156474-04,21.651,16.02517,8,84482,1,1
6647,10,2026-08-24 15:19:45.157873-04,21.653,15.026606,8,84512,1,1
6648,10,2026-08-24 15:19:46.157401-04,21.651,14.02382,8,84542,1,1
6649,10,2026-08-24 15:19:47.157091-04,21.655,13.028889,8,84572,1,1
6650,10,2026-08-24 15:19:48.155454-04,21.652,12.027477,8,84602,1,1
6651,10,2026-08-24 15:19:49.156926-04,21.667,16.9936,8,84632,1,1
6652,10,2026-08-24 15:19:50.158739-04,21.666,15.99137,8,84662,1,1
6653,10,2026-08-24 15:19:51.155874-04,21.67,14.996796,8,84692,1,1
6654,10,2026-08-24 15:19:52.156441-04,21.668,13.992753,8,84722,1,1
6655,10,2026-08-24 15:19:53.157286-04,21.669,12.994799,8,84752,1,1
6656,10,2026-08-24 15:19:54.155639-04,21.671,11.99856,8,84782,1,1
6657,10,2026-08-24 15:19:55.156879-04,21.666,17.012442,8,84812,1,1
6658,10,2026-08-24 15:19:56.15553-04,21.663,16.009983,8,84842,1,1
6659,10,2026-08-24 15:19:57.156564-04,21.662,15.008791,8,84872,1,1
6660,10,2026-08-24 15:19:58.156431-04,21.661,14.008026,8,84902,1,1
6661,10,2026-08-24 15:19:59.156625-04,21.664,13.012845,8,84932,1,1
6662,10,2026-08-24 15:20:00.154414-04,21.662,12.010224,8,84962,1,1
6663,10,2026-08-24 15:20:01.155416-04,21.654,17.028194,8,84992,1,1
6664,10,2026-08-24 15:20:02.15592-04,21.653,16.027021,8,85022,1,1
6665,10,2026-08-24 15:20:03.157132-04,21.655,15.028749,8,85052,1,1
6666,10,2026-08-24 15:20:04.154961-04,21.652,14.026135,8,85082,1,1
6667,10,2026-08-24 15:20:05.157644-04,21.651,13.024559,8,85112,1,1
6668,10,2026-08-24 15:20:06.155969-04,21.65,12.025374,8,85142,1,1
6669,10,2026-08-24 15:20:07.154825-04,21.648,16.996796,8,85172,1,1
6670,10,2026-08-24 15:20:08.157535-04,21.647,15.994367,8,85202,1,1
6671,10,2026-08-24 15:20:09.156716-04,21.649,14.995731,8,85232,1,1
6672,10,2026-08-24 15:20:10.15453-04,21.65,13.996271,8,85262,1,1
6673,10,2026-08-24 15:20:11.156509-04,21.65,12.996467,8,85292,1,1
6674,10,2026-08-24 15:20:12.160091-04,21.647,11.995734,8,85322,1,1
6675,10,2026-08-24 15:20:13.156005-04,21.661,17.007559,8,85352,1,1
6676,10,2026-08-24 15:20:14.155367-04,21.66,16.007769,8,85382,1,1
6677,10,2026-08-24 15:20:15.156173-04,21.664,15.011371,8,85412,1,1
6678,10,2026-08-24 15:20:16.155744-04,21.664,14.010138,8,85442,1,1
6679,10,2026-08-24 15:20:17.156072-04,21.664,13.010504,8,85472,1,1
6680,10,2026-08-24 15:20:18.153013-04,21.664,12.01358,8,85502,1,1
6681,10,2026-08-24 15:20:19.157448-04,21.655,17.007116,8,85532,1,1
6682,10,2026-08-24 15:20:20.155962-04,21.651,16.004032,8,85562,1,1
6683,10,2026-08-24 15:20:21.157697-04,21.65,15.002251,8,85592,1,1
6684,10,2026-08-24 15:20:22.157558-04,21.65,14.00268,8,85622,1,1
6685,10,2026-08-24 15:20:23.155407-04,21.653,13.006202,8,85652,1,1
6686,10,2026-08-24 15:20:24.15441-04,21.651,12.00488,8,85682,1,1
6687,10,2026-08-24 15:20:25.156162-04,21.648,17.021093,8,85712,1,1
6688,10,2026-08-24 15:20:26.155417-04,21.649,16.02327,8,85742,1,1
6689,10,2026-08-24 15:20:27.15534-04,21.649,15.023565,8,85772,1,1
6690,10,2026-08-24 15:20:28.155388-04,21.647,14.021199,8,85802,1,1
6691,10,2026-08-24 15:20:29.15641-04,21.644,13.018622,8,85832,1,1
6692,10,2026-08-24 15:20:30.153617-04,21.644,12.020556,8,85862,1,1
6693,10,2026-08-24 15:20:31.15641-04,21.664,17.016964,8,85892,1,1
6694,10,2026-08-24 15:20:32.156988-04,21.662,16.014364,8,85922,1,1
6695,10,2026-08-24 15:20:33.156145-04,21.664,15.016788,8,85952,1,1
6696,10,2026-08-24 15:20:34.156763-04,21.663,14.01461,8,85982,1,1
6697,10,2026-08-24 15:20:35.156601-04,21.666,13.019009,8,86012,1,1
6698,10,2026-08-24 15:20:36.154402-04,21.663,12.0178,8,86042,1,1
6699,10,2026-08-24 15:20:37.156353-04,21.655,17.029259,8,86072,1,1
6700,10,2026-08-24 15:20:38.156438-04,21.656,16.028767,8,86102,1,1
6701,10,2026-08-24 15:20:39.158209-04,21.659,15.032204,8,86132,1,1
6702,10,2026-08-24 15:20:40.155338-04,21.658,14.031711,8,86162,1,1
6703,10,2026-08-24 15:20:41.159016-04,21.659,13.031933,8,86192,1,1
6704,10,2026-08-24 15:20:42.155088-04,21.66,12.035175,8,86222,1,1
6705,10,2026-08-24 15:20:43.155723-04,21.677,17.028748,8,86252,1,1
6706,10,2026-08-24 15:20:44.155892-04,21.674,16.026472,8,86282,1,1
6707,10,2026-08-24 15:20:45.15864-04,21.672,15.023531,8,86312,1,1
6708,10,2026-08-24 15:20:46.156481-04,21.672,14.024725,8,86342,1,1
6709,10,2026-08-24 15:20:47.157477-04,21.674,13.026352,8,86372,1,1
6710,10,2026-08-24 15:20:48.154394-04,21.672,12.026206,8,86402,1,1
6711,10,2026-08-24 15:20:49.156971-04,21.67,17.0215,8,86432,1,1
6712,10,2026-08-24 15:20:50.156524-04,21.669,16.022198,8,86462,1,1
6713,10,2026-08-24 15:20:51.157387-04,21.671,15.023926,8,86492,1,1
6714,10,2026-08-24 15:20:52.155852-04,21.669,14.022706,8,86522,1,1
6715,10,2026-08-24 15:20:53.156327-04,21.666,13.019016,8,86552,1,1
6716,10,2026-08-24 15:20:54.153776-04,21.668,12.02221,8,86582,1,1
6717,10,2026-08-24 15:20:55.159222-04,21.663,17.01597,8,86612,1,1
6718,10,2026-08-24 15:20:56.157322-04,21.661,16.01267,8,86642,1,1
6719,10,2026-08-24 15:20:57.157915-04,21.664,15.01721,8,86672,1,1
6720,10,2026-08-24 15:20:58.156286-04,21.663,14.016287,8,86702,1,1
6721,10,2026-08-24 15:20:59.157848-04,21.666,13.020705,8,86732,1,1
6722,10,2026-08-24 15:21:00.153953-04,21.663,12.018257,8,86762,1,1
6723,10,2026-08-24 15:21:01.15702-04,21.677,17.029715,8,86792,1,1
6724,10,2026-08-24 15:21:02.15817-04,21.679,16.030884,8,86822,1,1
6725,10,2026-08-24 15:21:03.158281-04,21.681,15.032838,8,86852,1,1
6726,10,2026-08-24 15:21:04.157577-04,21.679,14.031489,8,86882,1,1
6727,10,2026-08-24 15:21:05.157278-04,21.679,13.030427,8,86912,1,1
6728,10,2026-08-24 15:21:06.15706-04,21.679,12.034315,8,86942,1,1
6729,10,2026-08-24 15:21:07.155301-04,21.677,17.00277,8,86972,1,1
6730,10,2026-08-24 15:21:08.15701-04,21.674,16.00012,8,87002,1,1
6731,10,2026-08-24 15:21:09.158573-04,21.671,14.997554,8,87032,1,1
6732,10,2026-08-24 15:21:10.15591-04,21.673,13.999387,8,87062,1,1
6733,10,2026-08-24 15:21:11.157382-04,21.673,12.999494,8,87092,1,1
6734,10,2026-08-24 15:21:12.155735-04,21.671,11.998848,8,87122,1,1
6735,10,2026-08-24 15:21:13.155774-04,21.666,17.013712,8,87152,1,1
6736,10,2026-08-24 15:21:14.156508-04,21.669,16.016848,8,87182,1,1
6737,10,2026-08-24 15:21:15.157195-04,21.671,15.018608,8,87212,1,1
6738,10,2026-08-24 15:21:16.15478-04,21.669,14.016472,8,87242,1,1
6739,10,2026-08-24 15:21:17.157923-04,21.667,13.013182,8,87272,1,1
6740,10,2026-08-24 15:21:18.155452-04,21.668,12.017638,8,87302,1,1
6741,10,2026-08-24 15:21:19.157487-04,21.659,17.01153,8,87332,1,1
6742,10,2026-08-24 15:21:20.158345-04,21.656,16.007427,8,87362,1,1
6743,10,2026-08-24 15:21:21.157994-04,21.656,15.007919,8,87392,1,1
6744,10,2026-08-24 15:21:22.158309-04,21.659,14.010637,8,87422,1,1
6745,10,2026-08-24 15:21:23.157485-04,21.661,13.013063,8,87452,1,1
6746,10,2026-08-24 15:21:24.159187-04,21.658,12.012743,8,87482,1,1
6747,10,2026-08-24 15:21:25.157974-04,21.651,17.023808,8,87512,1,1
6748,10,2026-08-24 15:21:26.156017-04,21.652,16.02661,8,87542,1,1
6749,10,2026-08-24 15:21:27.157274-04,21.652,15.026217,8,87572,1,1
6750,10,2026-08-24 15:21:28.156576-04,21.65,14.025074,8,87602,1,1
6751,10,2026-08-24 15:21:29.157126-04,21.654,13.027739,8,87632,1,1
6752,10,2026-08-24 15:21:30.157192-04,21.654,12.028924,8,87662,1,1
6753,10,2026-08-24 15:21:31.157618-04,21.672,17.023754,8,87692,1,1
6754,10,2026-08-24 15:21:32.157077-04,21.667,16.019686,8,87722,1,1
6755,10,2026-08-24 15:21:33.159541-04,21.666,15.019039,8,87752,1,1
6756,10,2026-08-24 15:21:34.157438-04,21.668,14.020721,8,87782,1,1
6757,10,2026-08-24 15:21:35.156151-04,21.669,13.022769,8,87812,1,1
6758,10,2026-08-24 15:21:36.161419-04,21.666,12.019748,8,87842,1,1
6759,10,2026-08-24 15:21:37.157244-04,21.664,17.016602,8,87872,1,1
6760,10,2026-08-24 15:21:38.156278-04,21.663,16.015715,8,87902,1,1
6761,10,2026-08-24 15:21:39.157233-04,21.666,15.018442,8,87932,1,1
6762,10,2026-08-24 15:21:40.154323-04,21.663,14.016273,8,87962,1,1
6763,10,2026-08-24 15:21:41.156195-04,21.661,13.014692,8,87992,1,1
6764,10,2026-08-24 15:21:42.153566-04,21.663,12.017079,8,88022,1,1
6765,10,2026-08-24 15:21:43.156905-04,21.658,17.010427,8,88052,1,1
6766,10,2026-08-24 15:21:44.160759-04,21.657,16.010017,8,88082,1,1
6767,10,2026-08-24 15:21:45.157891-04,21.658,15.010385,8,88112,1,1
6768,10,2026-08-24 15:21:46.158097-04,21.66,14.011404,8,88142,1,1
6769,10,2026-08-24 15:21:47.157627-04,21.659,13.011825,8,88172,1,1
6770,10,2026-08-24 15:21:48.154099-04,21.658,12.012837,8,88202,1,1
6771,10,2026-08-24 15:21:49.156389-04,21.672,17.025572,8,88232,1,1
6772,10,2026-08-24 15:21:50.157358-04,21.674,16.026497,8,88262,1,1
6773,10,2026-08-24 15:21:51.1572-04,21.673,15.025691,8,88292,1,1
6774,10,2026-08-24 15:21:52.156358-04,21.672,14.023474,8,88322,1,1
6775,10,2026-08-24 15:21:53.158131-04,21.676,13.028101,8,88352,1,1
6776,10,2026-08-24 15:21:54.155482-04,21.674,12.027339,8,88382,1,1
6777,10,2026-08-24 15:21:55.160153-04,21.669,16.99556,8,88412,1,1
6778,10,2026-08-24 15:21:56.158046-04,21.669,15.994999,8,88442,1,1
6779,10,2026-08-24 15:21:57.158106-04,21.668,14.993924,8,88472,1,1
6780,10,2026-08-24 15:21:58.158406-04,21.667,13.992833,8,88502,1,1
6781,10,2026-08-24 15:21:59.158415-04,21.669,12.994138,8,88532,1,1
6782,10,2026-08-24 15:22:00.153945-04,21.666,11.993997,8,88562,1,1
6783,10,2026-08-24 15:22:01.158381-04,21.664,17.01152,8,88592,1,1
6784,10,2026-08-24 15:22:02.15705-04,21.664,16.011906,8,88622,1,1
6785,10,2026-08-24 15:22:03.156281-04,21.664,15.012703,8,88652,1,1
6786,10,2026-08-24 15:22:04.157337-04,21.664,14.011035,8,88682,1,1
6787,10,2026-08-24 15:22:05.155026-04,21.662,13.009399,8,88712,1,1
6788,10,2026-08-24 15:22:06.153154-04,21.662,12.011139,8,88742,1,1
6789,10,2026-08-24 15:22:07.157164-04,21.652,17.026459,8,88772,1,1
6790,10,2026-08-24 15:22:08.15518-04,21.65,16.024006,8,88802,1,1
6791,10,2026-08-24 15:22:09.156958-04,21.654,15.027716,8,88832,1,1
6792,10,2026-08-24 15:22:10.155739-04,21.654,14.027884,8,88862,1,1
6793,10,2026-08-24 15:22:11.161107-04,21.656,13.030679,8,88892,1,1
6794,10,2026-08-24 15:22:12.154572-04,21.652,12.02768,8,88922,1,1
6795,10,2026-08-24 15:22:13.155-04,21.645,17.021324,8,88952,1,1
6796,10,2026-08-24 15:22:14.157812-04,21.646,16.020664,8,88982,1,1
6797,10,2026-08-24 15:22:15.157919-04,21.648,15.021804,8,89012,1,1
6798,10,2026-08-24 15:22:16.156729-04,21.644,14.019528,8,89042,1,1
6799,10,2026-08-24 15:22:17.156659-04,21.645,13.019647,8,89072,1,1
6800,10,2026-08-24 15:22:18.153202-04,21.648,12.024083,8,89102,1,1
6801,10,2026-08-24 15:22:19.157646-04,21.666,17.018967,8,89132,1,1
6802,10,2026-08-24 15:22:20.157537-04,21.662,16.014627,8,89162,1,1
6803,10,2026-08-24 15:22:21.157444-04,21.661,15.014136,8,89192,1,1
6804,10,2026-08-24 15:22:22.158242-04,21.663,14.014806,8,89222,1,1
6805,10,2026-08-24 15:22:23.156046-04,21.663,13.017999,8,89252,1,1
6806,10,2026-08-24 15:22:24.15503-04,21.661,12.015571,8,89282,1,1
6807,10,2026-08-24 15:22:25.156944-04,21.679,17.010159,8,89312,1,1
6808,10,2026-08-24 15:22:26.157526-04,21.679,16.010784,8,89342,1,1
6809,10,2026-08-24 15:22:27.156466-04,21.682,15.013746,8,89372,1,1
6810,10,2026-08-24 15:22:28.157442-04,21.68,14.011145,8,89402,1,1
6811,10,2026-08-24 15:22:29.156681-04,21.677,13.008222,8,89432,1,1
6812,10,2026-08-24 15:22:30.154341-04,21.677,12.010712,8,89462,1,1
6813,10,2026-08-24 15:22:31.157316-04,21.675,17.028778,8,89492,1,1
6814,10,2026-08-24 15:22:32.158582-04,21.672,16.024664,8,89522,1,1
6815,10,2026-08-24 15:22:33.157379-04,21.675,15.027336,8,89552,1,1
6816,10,2026-08-24 15:22:34.158099-04,21.674,14.026436,8,89582,1,1
6817,10,2026-08-24 15:22:35.156568-04,21.677,13.030122,8,89612,1,1
6818,10,2026-08-24 15:22:36.154112-04,21.675,12.029857,8,89642,1,1
6819,10,2026-08-24 15:22:37.156417-04,21.666,16.99206,8,89672,1,1
6820,10,2026-08-24 15:22:38.158089-04,21.667,15.993163,8,89702,1,1
6821,10,2026-08-24 15:22:39.158739-04,21.669,14.994921,8,89732,1,1
6822,10,2026-08-24 15:22:40.154443-04,21.666,13.992998,8,89762,1,1
6823,10,2026-08-24 15:22:41.156083-04,21.668,12.994485,8,89792,1,1
6824,10,2026-08-24 15:22:42.154772-04,21.667,11.995345,8,89822,1,1
6825,10,2026-08-24 15:22:43.156794-04,21.667,17.014166,8,89852,1,1
6826,10,2026-08-24 15:22:44.158545-04,21.664,16.01132,8,89882,1,1
6827,10,2026-08-24 15:22:45.158713-04,21.661,15.008246,8,89912,1,1
6828,10,2026-08-24 15:22:46.157138-04,21.662,14.008801,8,89942,1,1
6829,10,2026-08-24 15:22:47.160389-04,21.663,13.010324,8,89972,1,1
6830,10,2026-08-24 15:22:48.153957-04,21.662,12.01022,8,90002,1,1
6831,10,2026-08-24 15:22:49.157168-04,21.652,17.005268,8,90032,1,1
6832,10,2026-08-24 15:22:50.157657-04,21.653,16.005043,8,90062,1,1
6833,10,2026-08-24 15:22:51.157743-04,21.656,15.008347,8,90092,1,1
6834,10,2026-08-24 15:22:52.15657-04,21.653,14.006085,8,90122,1,1
6835,10,2026-08-24 15:22:53.157225-04,21.65,13.003321,8,90152,1,1
6836,10,2026-08-24 15:22:54.152888-04,21.651,12.006319,8,90182,1,1
6837,10,2026-08-24 15:22:55.158916-04,21.649,17.022787,8,90212,1,1
6838,10,2026-08-24 15:22:56.157141-04,21.647,16.020784,8,90242,1,1
6839,10,2026-08-24 15:22:57.157847-04,21.646,15.019212,8,90272,1,1
6840,10,2026-08-24 15:22:58.15689-04,21.647,14.021623,8,90302,1,1
6841,10,2026-08-24 15:22:59.157715-04,21.647,13.02082,8,90332,1,1
6842,10,2026-08-24 15:23:00.15299-04,21.648,12.024427,8,90362,1,1
6843,10,2026-08-24 15:23:01.157902-04,21.662,17.014463,8,90392,1,1
6844,10,2026-08-24 15:23:02.157898-04,21.661,16.014124,8,90422,1,1
6845,10,2026-08-24 15:23:03.156288-04,21.665,15.017488,8,90452,1,1
6846,10,2026-08-24 15:23:04.157873-04,21.661,14.013442,8,90482,1,1
6847,10,2026-08-24 15:23:05.156288-04,21.664,13.01687,8,90512,1,1
6848,10,2026-08-24 15:23:06.153472-04,21.664,12.0179,8,90542,1,1
6849,10,2026-08-24 15:23:07.156778-04,21.66,17.012486,8,90572,1,1
6850,10,2026-08-24 15:23:08.157117-04,21.658,16.011314,8,90602,1,1
6851,10,2026-08-24 15:23:09.157058-04,21.655,15.008253,8,90632,1,1
6852,10,2026-08-24 15:23:10.155565-04,21.656,14.009289,8,90662,1,1
6853,10,2026-08-24 15:23:11.156403-04,21.658,13.012859,8,90692,1,1
6854,10,2026-08-24 15:23:12.153517-04,21.656,12.009527,8,90722,1,1
6855,10,2026-08-24 15:23:13.157125-04,21.652,17.026451,8,90752,1,1
6856,10,2026-08-24 15:23:14.157927-04,21.653,16.02703,8,90782,1,1
6857,10,2026-08-24 15:23:15.15772-04,21.656,15.029685,8,90812,1,1
6858,10,2026-08-24 15:23:16.156754-04,21.651,14.02509,8,90842,1,1
6859,10,2026-08-24 15:23:17.157089-04,21.651,13.025154,8,90872,1,1
6860,10,2026-08-24 15:23:18.153286-04,21.652,12.027817,8,90902,1,1
6861,10,2026-08-24 15:23:19.157524-04,21.669,17.022001,8,90932,1,1
6862,10,2026-08-24 15:23:20.157061-04,21.666,16.019005,8,90962,1,1
6863,10,2026-08-24 15:23:21.157724-04,21.669,15.022168,8,90992,1,1
6864,10,2026-08-24 15:23:22.157128-04,21.667,14.020025,8,91022,1,1
6865,10,2026-08-24 15:23:23.156714-04,21.672,13.025204,8,91052,1,1
6866,10,2026-08-24 15:23:24.155578-04,21.669,12.02419,8,91082,1,1
6867,10,2026-08-24 15:23:25.161599-04,21.661,17.008068,8,91112,1,1
6868,10,2026-08-24 15:23:26.157834-04,21.662,16.00954,8,91142,1,1
6869,10,2026-08-24 15:23:27.158022-04,21.662,15.009769,8,91172,1,1
6870,10,2026-08-24 15:23:28.1546-04,21.661,14.008072,8,91202,1,1
6871,10,2026-08-24 15:23:29.157429-04,21.662,13.009661,8,91232,1,1
6872,10,2026-08-24 15:23:30.154612-04,21.662,12.011851,8,91262,1,1
6873,10,2026-08-24 15:23:31.155992-04,21.677,17.003227,8,91292,1,1
6874,10,2026-08-24 15:23:32.158551-04,21.68,16.006638,8,91322,1,1
6875,10,2026-08-24 15:23:33.156567-04,21.677,15.003304,8,91352,1,1
6876,10,2026-08-24 15:23:34.157315-04,21.679,14.005656,8,91382,1,1
6877,10,2026-08-24 15:23:35.156371-04,21.68,13.007335,8,91412,1,1
6878,10,2026-08-24 15:23:36.155094-04,21.677,12.004842,8,91442,1,1
6879,10,2026-08-24 15:23:37.156569-04,21.648,17.021927,8,91472,1,1
6880,10,2026-08-24 15:23:38.156977-04,21.647,16.021608,8,91502,1,1
6881,10,2026-08-24 15:23:39.157529-04,21.644,15.018358,8,91532,1,1
6882,10,2026-08-24 15:23:40.161134-04,21.647,14.021787,8,91562,1,1
6883,10,2026-08-24 15:23:41.1564-04,21.646,13.022161,8,91592,1,1
6884,10,2026-08-24 15:23:42.16103-04,21.646,12.02265,8,91622,1,1
6885,10,2026-08-24 15:23:43.156203-04,21.662,17.009602,8,91652,1,1
6886,10,2026-08-24 15:23:44.157921-04,21.661,16.00854,8,91682,1,1
6887,10,2026-08-24 15:23:45.158361-04,21.665,15.011014,8,91712,1,1
6888,10,2026-08-24 15:23:46.162498-04,21.662,14.009759,8,91742,1,1
6889,10,2026-08-24 15:23:47.158442-04,21.665,13.012668,8,91772,1,1
6890,10,2026-08-24 15:23:48.153304-04,21.665,12.014198,8,91802,1,1
6891,10,2026-08-24 15:23:49.158063-04,21.656,17.003641,8,91832,1,1
6892,10,2026-08-24 15:23:50.15772-04,21.658,16.006264,8,91862,1,1
6893,10,2026-08-24 15:23:51.157766-04,21.657,15.004937,8,91892,1,1
6894,10,2026-08-24 15:23:52.156737-04,21.656,14.003578,8,91922,1,1
6895,10,2026-08-24 15:23:53.156107-04,21.658,13.00583,8,91952,1,1
6896,10,2026-08-24 15:23:54.156017-04,21.657,12.006939,8,91982,1,1
6897,10,2026-08-24 15:23:55.160549-04,21.645,17.021545,8,92012,1,1
6898,10,2026-08-24 15:23:56.158051-04,21.648,16.022099,8,92042,1,1
6899,10,2026-08-24 15:23:57.157992-04,21.646,15.020281,8,92072,1,1
6900,10,2026-08-24 15:23:58.157387-04,21.646,14.020121,8,92102,1,1
6901,10,2026-08-24 15:23:59.160364-04,21.647,13.020948,8,92132,1,1
6902,10,2026-08-24 15:24:00.153465-04,21.645,12.020979,8,92162,1,1
6903,10,2026-08-24 15:24:01.161259-04,21.663,17.01024,8,92192,1,1
6904,10,2026-08-24 15:24:02.156921-04,21.665,16.01764,8,92222,1,1
6905,10,2026-08-24 15:24:03.156598-04,21.665,15.017815,8,92252,1,1
6906,10,2026-08-24 15:24:04.153777-04,21.664,14.018761,8,92282,1,1
6907,10,2026-08-24 15:24:05.156248-04,21.661,13.016162,8,92312,1,1
6908,10,2026-08-24 15:24:06.153328-04,21.662,12.017232,8,92342,1,1
6909,10,2026-08-24 15:24:07.157639-04,21.657,17.031149,8,92372,1,1
6910,10,2026-08-24 15:24:08.156153-04,21.655,16.029388,8,92402,1,1
6911,10,2026-08-24 15:24:09.157069-04,21.658,15.032085,8,92432,1,1
6912,10,2026-08-24 15:24:10.156-04,21.658,14.031833,8,92462,1,1
6913,10,2026-08-24 15:24:11.157771-04,21.66,13.034371,8,92492,1,1
6914,10,2026-08-24 15:24:12.153172-04,21.659,12.03545,8,92522,1,1
6915,10,2026-08-24 15:24:13.156919-04,21.672,17.003656,8,92552,1,1
6916,10,2026-08-24 15:24:14.153964-04,21.673,16.006472,8,92582,1,1
6917,10,2026-08-24 15:24:15.158266-04,21.673,15.004433,8,92612,1,1
6918,10,2026-08-24 15:24:16.157889-04,21.672,14.003409,8,92642,1,1
6919,10,2026-08-24 15:24:17.156322-04,21.672,13.005575,8,92672,1,1
6920,10,2026-08-24 15:24:18.155545-04,21.673,12.005488,8,92702,1,1
6921,10,2026-08-24 15:24:19.160313-04,21.671,17.023829,8,92732,1,1
6922,10,2026-08-24 15:24:20.157504-04,21.668,16.020344,8,92762,1,1
6923,10,2026-08-24 15:24:21.15779-04,21.667,15.019622,8,92792,1,1
6924,10,2026-08-24 15:24:22.157198-04,21.668,14.020745,8,92822,1,1
6925,10,2026-08-24 15:24:23.15674-04,21.667,13.020319,8,92852,1,1
6926,10,2026-08-24 15:24:24.152871-04,21.666,12.021043,8,92882,1,1
6927,10,2026-08-24 15:24:25.156727-04,21.664,17.037758,8,92912,1,1
6928,10,2026-08-24 15:24:26.154884-04,21.662,16.037004,8,92942,1,1
6929,10,2026-08-24 15:24:27.157366-04,21.666,15.039839,8,92972,1,1
6930,10,2026-08-24 15:24:28.159162-04,21.664,14.038373,8,93002,1,1
6931,10,2026-08-24 15:24:29.159835-04,21.662,13.0358,8,93032,1,1
6932,10,2026-08-24 15:24:30.153251-04,21.661,12.036967,8,93062,1,1
6933,10,2026-08-24 15:24:31.157977-04,21.657,17.004803,8,93092,1,1
6934,10,2026-08-24 15:24:32.157549-04,21.655,16.00275,8,93122,1,1
6935,10,2026-08-24 15:24:33.157915-04,21.658,15.005195,8,93152,1,1
6936,10,2026-08-24 15:24:34.157503-04,21.657,14.004681,8,93182,1,1
6937,10,2026-08-24 15:24:35.155913-04,21.66,13.007684,8,93212,1,1
6938,10,2026-08-24 15:24:36.154038-04,21.66,12.008034,8,93242,1,1
6939,10,2026-08-24 15:24:37.158272-04,21.672,16.998428,8,93272,1,1
6940,10,2026-08-24 15:24:38.157378-04,21.672,15.997974,8,93302,1,1
6941,10,2026-08-24 15:24:39.157913-04,21.674,14.999717,8,93332,1,1
6942,10,2026-08-24 15:24:40.160061-04,21.672,13.998332,8,93362,1,1
6943,10,2026-08-24 15:24:41.157753-04,21.673,12.999376,8,93392,1,1
6944,10,2026-08-24 15:24:42.154557-04,21.673,12.00147,8,93422,1,1
6945,10,2026-08-24 15:24:43.153701-04,21.665,16.997726,8,93452,1,1
6946,10,2026-08-24 15:24:44.157623-04,21.662,15.993935,8,93482,1,1
6947,10,2026-08-24 15:24:45.158199-04,21.662,14.993323,8,93512,1,1
6948,10,2026-08-24 15:24:46.15813-04,21.661,13.992764,8,93542,1,1
6949,10,2026-08-24 15:24:47.157483-04,21.663,12.995455,8,93572,1,1
6950,10,2026-08-24 15:24:48.154244-04,21.66,11.99397,8,93602,1,1
6951,10,2026-08-24 15:24:49.159357-04,21.658,17.011215,8,93632,1,1
6952,10,2026-08-24 15:24:50.15765-04,21.657,16.010136,8,93662,1,1
6953,10,2026-08-24 15:24:51.156876-04,21.66,15.012905,8,93692,1,1
6954,10,2026-08-24 15:24:52.15502-04,21.659,14.012132,8,93722,1,1
6955,10,2026-08-24 15:24:53.155433-04,21.656,13.009279,8,93752,1,1
6956,10,2026-08-24 15:24:54.15468-04,21.655,12.010047,8,93782,1,1
6957,10,2026-08-24 15:24:55.157895-04,21.652,17.005068,8,93812,1,1
6958,10,2026-08-24 15:24:56.155038-04,21.651,16.0048,8,93842,1,1
6959,10,2026-08-24 15:24:57.157771-04,21.651,15.004877,8,93872,1,1
6960,10,2026-08-24 15:24:58.154871-04,21.652,14.004438,8,93902,1,1
6961,10,2026-08-24 15:24:59.157628-04,21.655,13.008418,8,93932,1,1
6962,10,2026-08-24 15:25:00.153482-04,21.651,12.005643,8,93962,1,1
6963,10,2026-08-24 15:25:01.157967-04,21.646,16.998373,8,93992,1,1
6964,10,2026-08-24 15:25:02.156849-04,21.645,15.999648,8,94022,1,1
6965,10,2026-08-24 15:25:03.156821-04,21.647,14.999364,8,94052,1,1
6966,10,2026-08-24 15:25:04.157719-04,21.644,13.996776,8,94082,1,1
6967,10,2026-08-24 15:25:05.157229-04,21.646,12.998646,8,94112,1,1
6968,10,2026-08-24 15:25:06.154527-04,21.646,12.000497,8,94142,1,1
6969,10,2026-08-24 15:25:07.157713-04,21.665,17.019194,8,94172,1,1
6970,10,2026-08-24 15:25:08.156949-04,21.665,16.017506,8,94202,1,1
6971,10,2026-08-24 15:25:09.158525-04,21.662,15.01487,8,94232,1,1
6972,10,2026-08-24 15:25:10.155433-04,21.661,14.013358,8,94262,1,1
6973,10,2026-08-24 15:25:11.158209-04,21.663,13.015811,8,94292,1,1
6974,10,2026-08-24 15:25:12.154149-04,21.661,12.015518,8,94322,1,1
6975,10,2026-08-24 15:25:13.157123-04,21.657,17.009443,8,94352,1,1
6976,10,2026-08-24 15:25:14.156204-04,21.657,16.00965,8,94382,1,1
6977,10,2026-08-24 15:25:15.155988-04,21.661,15.013679,8,94412,1,1
6978,10,2026-08-24 15:25:16.1574-04,21.659,14.012112,8,94442,1,1
6979,10,2026-08-24 15:25:17.155113-04,21.654,13.008102,8,94472,1,1
6980,10,2026-08-24 15:25:18.154206-04,21.655,12.010306,8,94502,1,1
6981,10,2026-08-24 15:25:19.155958-04,21.65,17.004921,8,94532,1,1
6982,10,2026-08-24 15:25:20.156738-04,21.65,16.00479,8,94562,1,1
6983,10,2026-08-24 15:25:21.15619-04,21.652,15.005409,8,94592,1,1
6984,10,2026-08-24 15:25:22.158006-04,21.652,14.004846,8,94622,1,1
6985,10,2026-08-24 15:25:23.156944-04,21.655,13.00828,8,94652,1,1
6986,10,2026-08-24 15:25:24.153888-04,21.652,12.007566,8,94682,1,1
6987,10,2026-08-24 15:25:25.158849-04,21.667,17.020313,8,94712,1,1
6988,10,2026-08-24 15:25:26.155322-04,21.666,16.020876,8,94742,1,1
6989,10,2026-08-24 15:25:27.158066-04,21.668,15.022861,8,94772,1,1
6990,10,2026-08-24 15:25:28.156333-04,21.668,14.020784,8,94802,1,1
6991,10,2026-08-24 15:25:29.158275-04,21.668,13.020622,8,94832,1,1
6992,10,2026-08-24 15:25:30.154253-04,21.667,12.021937,8,94862,1,1
6993,10,2026-08-24 15:25:31.158054-04,21.662,17.014557,8,94892,1,1
6994,10,2026-08-24 15:25:32.156771-04,21.663,16.017872,8,94922,1,1
6995,10,2026-08-24 15:25:33.158099-04,21.662,15.016781,8,94952,1,1
6996,10,2026-08-24 15:25:34.156081-04,21.661,14.016455,8,94982,1,1
6997,10,2026-08-24 15:25:35.158996-04,21.663,13.01539,8,95012,1,1
6998,10,2026-08-24 15:25:36.153003-04,21.66,12.015905,8,95042,1,1
6999,10,2026-08-24 15:25:37.156879-04,21.657,17.030766,8,95072,1,1
7000,10,2026-08-24 15:25:38.159839-04,21.657,16.031233,8,95102,1,1
7001,10,2026-08-24 15:25:39.155134-04,21.66,15.034533,8,95132,1,1
7002,10,2026-08-24 15:25:40.153785-04,21.66,14.033776,8,95162,1,1
7003,10,2026-08-24 15:25:41.158535-04,21.656,13.029707,8,95192,1,1
7004,10,2026-08-24 15:25:42.154618-04,21.656,12.031354,8,95222,1,1
7005,10,2026-08-24 15:25:43.155411-04,21.674,17.000185,8,95252,1,1
7006,10,2026-08-24 15:25:44.155886-04,21.673,15.999454,8,95282,1,1
7007,10,2026-08-24 15:25:45.15657-04,21.673,15.000824,8,95312,1,1
7008,10,2026-08-24 15:25:46.156899-04,21.673,14.001482,8,95342,1,1
7009,10,2026-08-24 15:25:47.16063-04,21.672,12.999662,8,95372,1,1
7010,10,2026-08-24 15:25:48.153834-04,21.676,12.003689,8,95402,1,1
7011,10,2026-08-24 15:25:49.15794-04,21.667,17.014832,8,95432,1,1
7012,10,2026-08-24 15:25:50.158028-04,21.667,16.014091,8,95462,1,1
7013,10,2026-08-24 15:25:51.158545-04,21.668,15.015507,8,95492,1,1
7014,10,2026-08-24 15:25:52.157577-04,21.666,14.013554,8,95522,1,1
7015,10,2026-08-24 15:25:53.15714-04,21.667,13.014971,8,95552,1,1
7016,10,2026-08-24 15:25:54.160702-04,21.668,12.017446,8,95582,1,1
7017,10,2026-08-24 15:25:55.156509-04,21.66,17.034914,8,95612,1,1
7018,10,2026-08-24 15:25:56.156509-04,21.66,16.033775,8,95642,1,1
7019,10,2026-08-24 15:25:57.157822-04,21.657,15.030728,8,95672,1,1
7020,10,2026-08-24 15:25:58.156618-04,21.656,14.029982,8,95702,1,1
7021,10,2026-08-24 15:25:59.157781-04,21.657,13.031559,8,95732,1,1
7022,10,2026-08-24 15:26:00.156311-04,21.655,12.031844,8,95762,1,1
7023,10,2026-08-24 15:26:01.156864-04,21.652,16.999098,8,95792,1,1
7024,10,2026-08-24 15:26:02.157333-04,21.652,15.999579,8,95822,1,1
7025,10,2026-08-24 15:26:03.156827-04,21.653,15.001878,8,95852,1,1
7026,10,2026-08-24 15:26:04.155961-04,21.654,14.00233,8,95882,1,1
7027,10,2026-08-24 15:26:05.15637-04,21.652,12.999492,8,95912,1,1
7028,10,2026-08-24 15:26:06.153129-04,21.651,12.000475,8,95942,1,1
7029,10,2026-08-24 15:26:07.155145-04,21.667,16.993172,8,95972,1,1
7030,10,2026-08-24 15:26:08.155894-04,21.666,15.992635,8,96002,1,1
7031,10,2026-08-24 15:26:09.158087-04,21.668,14.993856,8,96032,1,1
7032,10,2026-08-24 15:26:10.155032-04,21.668,13.994615,8,96062,1,1
7033,10,2026-08-24 15:26:11.158719-04,21.67,12.996324,8,96092,1,1
7034,10,2026-08-24 15:26:12.153623-04,21.67,11.998082,8,96122,1,1
7035,10,2026-08-24 15:26:13.157941-04,21.657,17.009762,8,96152,1,1
7036,10,2026-08-24 15:26:14.155473-04,21.656,16.01034,8,96182,1,1
7037,10,2026-08-24 15:26:15.157666-04,21.656,15.009838,8,96212,1,1
7038,10,2026-08-24 15:26:16.154473-04,21.655,14.010292,8,96242,1,1
7039,10,2026-08-24 15:26:17.156155-04,21.657,13.011578,8,96272,1,1
7040,10,2026-08-24 15:26:18.154221-04,21.657,12.011497,8,96302,1,1
7041,10,2026-08-24 15:26:19.155929-04,21.653,17.008297,8,96332,1,1
7042,10,2026-08-24 15:26:20.156357-04,21.654,16.006912,8,96362,1,1
7043,10,2026-08-24 15:26:21.156965-04,21.649,15.003798,8,96392,1,1
7044,10,2026-08-24 15:26:22.154889-04,21.65,14.004971,8,96422,1,1
7045,10,2026-08-24 15:26:23.157292-04,21.651,13.003632,8,96452,1,1
7046,10,2026-08-24 15:26:24.158713-04,21.649,12.00516,8,96482,1,1
7047,10,2026-08-24 15:26:25.15712-04,21.645,17.019518,8,96512,1,1
7048,10,2026-08-24 15:26:26.156488-04,21.646,16.020054,8,96542,1,1
7049,10,2026-08-24 15:26:27.157229-04,21.649,15.023317,8,96572,1,1
7050,10,2026-08-24 15:26:28.155584-04,21.649,14.024677,8,96602,1,1
7051,10,2026-08-24 15:26:29.154605-04,21.644,13.020224,8,96632,1,1
7052,10,2026-08-24 15:26:30.154443-04,21.645,12.021091,8,96662,1,1
7053,10,2026-08-24 15:26:31.156285-04,21.662,17.014462,8,96692,1,1
7054,10,2026-08-24 15:26:32.157342-04,21.661,16.014082,8,96722,1,1
7055,10,2026-08-24 15:26:33.158275-04,21.66,15.014153,8,96752,1,1
7056,10,2026-08-24 15:26:34.155977-04,21.662,14.014818,8,96782,1,1
7057,10,2026-08-24 15:26:35.15656-04,21.664,13.017664,8,96812,1,1
7058,10,2026-08-24 15:26:36.15359-04,21.664,12.01982,8,96842,1,1
7059,10,2026-08-24 15:26:37.158655-04,21.657,17.010159,8,96872,1,1
7060,10,2026-08-24 15:26:38.159633-04,21.656,16.009102,8,96902,1,1
7061,10,2026-08-24 15:26:39.154704-04,21.657,15.010582,8,96932,1,1
7062,10,2026-08-24 15:26:40.154095-04,21.656,14.00937,8,96962,1,1
7063,10,2026-08-24 15:26:41.163988-04,21.658,13.010701,8,96992,1,1
7064,10,2026-08-24 15:26:42.156559-04,21.657,12.012059,8,97022,1,1
7065,10,2026-08-24 15:26:43.154317-04,21.655,17.028671,8,97052,1,1
7066,10,2026-08-24 15:26:44.154321-04,21.653,16.02958,8,97082,1,1
7067,10,2026-08-24 15:26:45.157134-04,21.652,15.027324,8,97112,1,1
7068,10,2026-08-24 15:26:46.157969-04,21.651,14.025167,8,97142,1,1
7069,10,2026-08-24 15:26:47.156872-04,21.653,13.027774,8,97172,1,1
7070,10,2026-08-24 15:26:48.156835-04,21.65,12.026427,8,97202,1,1
7071,10,2026-08-24 15:26:49.155644-04,21.668,17.022161,8,97232,1,1
7072,10,2026-08-24 15:26:50.156663-04,21.667,16.020378,8,97262,1,1
7073,10,2026-08-24 15:26:51.156665-04,21.67,15.02235,8,97292,1,1
7074,10,2026-08-24 15:26:52.155307-04,21.671,14.025812,8,97322,1,1
7075,10,2026-08-24 15:26:53.157031-04,21.666,13.019317,8,97352,1,1
7076,10,2026-08-24 15:26:54.154288-04,21.667,12.021537,8,97382,1,1
7077,10,2026-08-24 15:26:55.156651-04,21.663,17.037275,8,97412,1,1
7078,10,2026-08-24 15:26:56.157319-04,21.661,16.03589,8,97442,1,1
7079,10,2026-08-24 15:26:57.1542-04,21.663,15.038287,8,97472,1,1
7080,10,2026-08-24 15:26:58.156594-04,21.662,14.037548,8,97502,1,1
7081,10,2026-08-24 15:26:59.156968-04,21.666,13.04048,8,97532,1,1
7082,10,2026-08-24 15:27:00.153104-04,21.666,12.041868,8,97562,1,1
7083,10,2026-08-24 15:27:01.157166-04,21.679,17.00505,8,97592,1,1
7084,10,2026-08-24 15:27:02.157171-04,21.676,16.002533,8,97622,1,1
7085,10,2026-08-24 15:27:03.156629-04,21.678,15.004383,8,97652,1,1
7086,10,2026-08-24 15:27:04.15624-04,21.678,14.004855,8,97682,1,1
7087,10,2026-08-24 15:27:05.15749-04,21.68,13.006011,8,97712,1,1
7088,10,2026-08-24 15:27:06.152994-04,21.677,12.006646,8,97742,1,1
7089,10,2026-08-24 15:27:07.157526-04,21.675,17.022911,8,97772,1,1
7090,10,2026-08-24 15:27:08.156835-04,21.675,16.02374,8,97802,1,1
7091,10,2026-08-24 15:27:09.156161-04,21.674,15.022206,8,97832,1,1
7092,10,2026-08-24 15:27:10.154282-04,21.672,14.021094,8,97862,1,1
7093,10,2026-08-24 15:27:11.154928-04,21.673,13.020573,8,97892,1,1
7094,10,2026-08-24 15:27:12.153491-04,21.67,12.020967,8,97922,1,1
7095,10,2026-08-24 15:27:13.156772-04,21.663,17.016342,8,97952,1,1
7096,10,2026-08-24 15:27:14.155252-04,21.663,16.016546,8,97982,1,1
7097,10,2026-08-24 15:27:15.159496-04,21.663,15.01586,8,98012,1,1
7098,10,2026-08-24 15:27:16.155527-04,21.664,14.01756,8,98042,1,1
7099,10,2026-08-24 15:27:17.156311-04,21.66,13.014124,8,98072,1,1
7100,10,2026-08-24 15:27:18.152965-04,21.66,12.014698,8,98102,1,1
7101,10,2026-08-24 15:27:19.15626-04,21.656,17.031477,8,98132,1,1
7102,10,2026-08-24 15:27:20.157728-04,21.657,16.03151,8,98162,1,1
7103,10,2026-08-24 15:27:21.157078-04,21.658,15.031828,8,98192,1,1
7104,10,2026-08-24 15:27:22.157623-04,21.657,14.030839,8,98222,1,1
7105,10,2026-08-24 15:27:23.155117-04,21.659,13.034535,8,98252,1,1
7106,10,2026-08-24 15:27:24.154297-04,21.658,12.035606,8,98282,1,1
7107,10,2026-08-24 15:27:25.156945-04,21.674,17.026445,8,98312,1,1
7108,10,2026-08-24 15:27:26.156292-04,21.671,16.024729,8,98342,1,1
7109,10,2026-08-24 15:27:27.158904-04,21.673,15.025787,8,98372,1,1
7110,10,2026-08-24 15:27:28.15585-04,21.671,14.02474,8,98402,1,1
7111,10,2026-08-24 15:27:29.156745-04,21.673,13.026867,8,98432,1,1
7112,10,2026-08-24 15:27:30.163317-04,21.672,12.026516,8,98462,1,1
7113,10,2026-08-24 15:27:31.155088-04,21.671,17.023418,8,98492,1,1
7114,10,2026-08-24 15:27:32.158554-04,21.669,16.022211,8,98522,1,1
7115,10,2026-08-24 15:27:33.157012-04,21.667,15.019485,8,98552,1,1
7116,10,2026-08-24 15:27:34.156622-04,21.665,14.01916,8,98582,1,1
7117,10,2026-08-24 15:27:35.156603-04,21.667,13.020973,8,98612,1,1
7118,10,2026-08-24 15:27:36.153389-04,21.665,12.020932,8,98642,1,1
7119,10,2026-08-24 15:27:37.155752-04,21.663,17.015882,8,98672,1,1
7120,10,2026-08-24 15:27:38.15612-04,21.661,16.014187,8,98702,1,1
7121,10,2026-08-24 15:27:39.157682-04,21.662,15.015608,8,98732,1,1
7122,10,2026-08-24 15:27:40.154835-04,21.664,14.01807,8,98762,1,1
7123,10,2026-08-24 15:27:41.156824-04,21.662,13.015359,8,98792,1,1
7124,10,2026-08-24 15:27:42.170268-04,21.66,12.014521,8,98822,1,1
7125,10,2026-08-24 15:27:43.155009-04,21.679,17.032072,8,98852,1,1
7126,10,2026-08-24 15:27:44.156428-04,21.679,16.031431,8,98882,1,1
7127,10,2026-08-24 15:27:45.157617-04,21.677,15.029992,8,98912,1,1
7128,10,2026-08-24 15:27:46.157273-04,21.676,14.029061,8,98942,1,1
7129,10,2026-08-24 15:27:47.156791-04,21.681,13.033947,8,98972,1,1
7130,10,2026-08-24 15:27:48.154192-04,21.681,12.035751,8,99002,1,1
7131,10,2026-08-24 15:27:49.157269-04,21.674,17.000006,8,99032,1,1
7132,10,2026-08-24 15:27:50.157473-04,21.673,15.998687,8,99062,1,1
7133,10,2026-08-24 15:27:51.157903-04,21.672,14.99953,8,99092,1,1
7134,10,2026-08-24 15:27:52.156358-04,21.671,13.997002,8,99122,1,1
7135,10,2026-08-24 15:27:53.157757-04,21.672,12.998949,8,99152,1,1
7136,10,2026-08-24 15:27:54.152719-04,21.673,12.00248,8,99182,1,1
7137,10,2026-08-24 15:27:55.156815-04,21.671,16.998556,8,99212,1,1
7138,10,2026-08-24 15:27:56.157196-04,21.668,15.99555,8,99242,1,1
7139,10,2026-08-24 15:27:57.155241-04,21.668,14.995516,8,99272,1,1
7140,10,2026-08-24 15:27:58.155649-04,21.665,13.992603,8,99302,1,1
7141,10,2026-08-24 15:27:59.155393-04,21.668,12.994959,8,99332,1,1
7142,10,2026-08-24 15:28:00.155688-04,21.665,11.994594,8,99362,1,1
7143,10,2026-08-24 15:28:01.156892-04,21.657,17.009361,8,99392,1,1
7144,10,2026-08-24 15:28:02.156028-04,21.655,16.008812,8,99422,1,1
7145,10,2026-08-24 15:28:03.156236-04,21.659,15.013248,8,99452,1,1
7146,10,2026-08-24 15:28:04.156251-04,21.659,14.0115,8,99482,1,1
7147,10,2026-08-24 15:28:05.155484-04,21.657,13.011315,8,99512,1,1
7148,10,2026-08-24 15:28:06.15434-04,21.655,12.009748,8,99542,1,1
7149,10,2026-08-24 15:28:07.156835-04,21.653,17.027676,8,99572,1,1
7150,10,2026-08-24 15:28:08.157555-04,21.652,16.026182,8,99602,1,1
7151,10,2026-08-24 15:28:09.157358-04,21.651,15.026654,8,99632,1,1
7152,10,2026-08-24 15:28:10.154418-04,21.65,14.024406,8,99662,1,1
7153,10,2026-08-24 15:28:11.157987-04,21.652,13.026403,8,99692,1,1
7154,10,2026-08-24 15:28:12.154333-04,21.653,12.029561,8,99722,1,1
7155,10,2026-08-24 15:28:13.157482-04,21.647,17.021736,8,99752,1,1
7156,10,2026-08-24 15:28:14.156696-04,21.645,16.018787,8,99782,1,1
7157,10,2026-08-24 15:28:15.158491-04,21.647,15.020705,8,99812,1,1
7158,10,2026-08-24 15:28:16.155608-04,21.643,14.020487,8,99842,1,1
7159,10,2026-08-24 15:28:17.155601-04,21.646,13.020028,8,99872,1,1
7160,10,2026-08-24 15:28:18.154169-04,21.646,12.022675,8,99902,1,1
7161,10,2026-08-24 15:28:19.15502-04,21.663,17.038494,8,99932,1,1
7162,10,2026-08-24 15:28:20.155875-04,21.665,16.039146,8,99962,1,1
7163,10,2026-08-24 15:28:21.157084-04,21.661,15.036443,8,99992,1,1
7164,10,2026-08-24 15:28:22.155503-04,21.661,14.034728,8,100022,1,1
7165,10,2026-08-24 15:28:23.158866-04,21.661,13.035066,8,100052,1,1
7166,10,2026-08-24 15:28:24.153943-04,21.661,12.036866,8,100082,1,1
7167,10,2026-08-24 15:28:25.156764-04,21.677,17.004566,8,100112,1,1
7168,10,2026-08-24 15:28:26.155989-04,21.677,16.003748,8,100142,1,1
7169,10,2026-08-24 15:28:27.156861-04,21.681,15.008034,8,100172,1,1
7170,10,2026-08-24 15:28:28.156421-04,21.679,14.006397,8,100202,1,1
7171,10,2026-08-24 15:28:29.159103-04,21.679,13.005124,8,100232,1,1
7172,10,2026-08-24 15:28:30.155084-04,21.677,12.004879,8,100262,1,1
7173,10,2026-08-24 15:28:31.156147-04,21.672,17.02048,8,100292,1,1
7174,10,2026-08-24 15:28:32.157208-04,21.672,16.020803,8,100322,1,1
7175,10,2026-08-24 15:28:33.156895-04,21.672,15.020216,8,100352,1,1
7176,10,2026-08-24 15:28:34.157911-04,21.673,14.02028,8,100382,1,1
7177,10,2026-08-24 15:28:35.155429-04,21.674,13.022756,8,100412,1,1
7178,10,2026-08-24 15:28:36.154091-04,21.674,12.023695,8,100442,1,1
7179,10,2026-08-24 15:28:37.157578-04,21.663,17.015715,8,100472,1,1
7180,10,2026-08-24 15:28:38.157883-04,21.661,16.01348,8,100502,1,1
7181,10,2026-08-24 15:28:39.157233-04,21.66,15.014297,8,100532,1,1
7182,10,2026-08-24 15:28:40.154176-04,21.662,14.015563,8,100562,1,1
7183,10,2026-08-24 15:28:41.154266-04,21.663,13.016631,8,100592,1,1
7184,10,2026-08-24 15:28:42.16123-04,21.661,12.016752,8,100622,1,1
7185,10,2026-08-24 15:28:43.15839-04,21.658,17.032478,8,100652,1,1
7186,10,2026-08-24 15:28:44.159555-04,21.659,16.034016,8,100682,1,1
7187,10,2026-08-24 15:28:45.157357-04,21.658,15.032273,8,100712,1,1
7188,10,2026-08-24 15:28:46.157789-04,21.655,14.030039,8,100742,1,1
7189,10,2026-08-24 15:28:47.15767-04,21.656,13.02972,8,100772,1,1
7190,10,2026-08-24 15:28:48.152932-04,21.655,12.030958,8,100802,1,1
7191,10,2026-08-24 15:28:49.155583-04,21.672,17.025906,8,100832,1,1
7192,10,2026-08-24 15:28:50.156679-04,21.672,16.026257,8,100862,1,1
7193,10,2026-08-24 15:28:51.156787-04,21.675,15.028986,8,100892,1,1
7194,10,2026-08-24 15:28:52.1542-04,21.675,14.028686,8,100922,1,1
7195,10,2026-08-24 15:28:53.157795-04,21.674,13.026885,8,100952,1,1
7196,10,2026-08-24 15:28:54.152893-04,21.671,12.026683,8,100982,1,1
7197,10,2026-08-24 15:28:55.154941-04,21.667,17.021065,8,101012,1,1
7198,10,2026-08-24 15:28:56.155584-04,21.665,16.018028,8,101042,1,1
7199,10,2026-08-24 15:28:57.154717-04,21.668,15.023817,8,101072,1,1
7200,10,2026-08-24 15:28:58.157351-04,21.666,14.019507,8,101102,1,1
7201,10,2026-08-24 15:28:59.15658-04,21.669,13.022773,8,101132,1,1
7202,10,2026-08-24 15:29:00.156258-04,21.668,12.022621,8,101162,1,1
7203,10,2026-08-24 15:29:01.157927-04,21.663,17.01609,8,101192,1,1
7204,10,2026-08-24 15:29:02.155993-04,21.66,16.013561,8,101222,1,1
7205,10,2026-08-24 15:29:03.156899-04,21.66,15.014164,8,101252,1,1
7206,10,2026-08-24 15:29:04.156978-04,21.661,14.015238,8,101282,1,1
7207,10,2026-08-24 15:29:05.157212-04,21.663,13.016054,8,101312,1,1
7208,10,2026-08-24 15:29:06.153306-04,21.662,12.016773,8,101342,1,1
7209,10,2026-08-24 15:29:07.155746-04,21.68,17.01188,8,101372,1,1
7210,10,2026-08-24 15:29:08.158367-04,21.68,16.011162,8,101402,1,1
7211,10,2026-08-24 15:29:09.157152-04,21.677,15.009531,8,101432,1,1
7212,10,2026-08-24 15:29:10.154343-04,21.676,14.008634,8,101462,1,1
7213,10,2026-08-24 15:29:11.156907-04,21.678,13.010537,8,101492,1,1
7214,10,2026-08-24 15:29:12.154356-04,21.676,12.009372,8,101522,1,1
7215,10,2026-08-24 15:29:13.156288-04,21.672,17.026054,8,101552,1,1
7216,10,2026-08-24 15:29:14.156776-04,21.672,16.026192,8,101582,1,1
7217,10,2026-08-24 15:29:15.157498-04,21.674,15.027991,8,101612,1,1
7218,10,2026-08-24 15:29:16.156477-04,21.675,14.028694,8,101642,1,1
7219,10,2026-08-24 15:29:17.156236-04,21.673,13.026996,8,101672,1,1
7220,10,2026-08-24 15:29:18.153475-04,21.672,12.026426,8,101702,1,1
7221,10,2026-08-24 15:29:19.15556-04,21.666,16.993584,8,101732,1,1
7222,10,2026-08-24 15:29:20.15649-04,21.665,15.992323,8,101762,1,1
7223,10,2026-08-24 15:29:21.157194-04,21.668,14.993731,8,101792,1,1
7224,10,2026-08-24 15:29:22.156523-04,21.666,13.993418,8,101822,1,1
7225,10,2026-08-24 15:29:23.156662-04,21.669,12.996351,8,101852,1,1
7226,10,2026-08-24 15:29:24.154318-04,21.67,11.997833,8,101882,1,1
7227,10,2026-08-24 15:29:25.155862-04,21.663,17.010147,8,101912,1,1
7228,10,2026-08-24 15:29:26.155065-04,21.661,16.00927,8,101942,1,1
7229,10,2026-08-24 15:29:27.156731-04,21.661,15.008786,8,101972,1,1
7230,10,2026-08-24 15:29:28.157522-04,21.66,14.008143,8,102002,1,1
7231,10,2026-08-24 15:29:29.157851-04,21.662,13.009563,8,102032,1,1
7232,10,2026-08-24 15:29:30.153722-04,21.661,12.011319,8,102062,1,1
7233,10,2026-08-24 15:29:31.158143-04,21.653,17.029215,8,102092,1,1
7234,10,2026-08-24 15:29:32.156048-04,21.653,16.026985,8,102122,1,1
7235,10,2026-08-24 15:29:33.15687-04,21.652,15.027425,8,102152,1,1
7236,10,2026-08-24 15:29:34.155626-04,21.65,14.024911,8,102182,1,1
7237,10,2026-08-24 15:29:35.156705-04,21.652,13.026233,8,102212,1,1
7238,10,2026-08-24 15:29:36.153458-04,21.65,12.026704,8,102242,1,1
7239,10,2026-08-24 15:29:37.157145-04,21.647,16.99402,8,102272,1,1
7240,10,2026-08-24 15:29:38.158222-04,21.644,15.992913,8,102302,1,1
7241,10,2026-08-24 15:29:39.156018-04,21.648,14.996661,8,102332,1,1
7242,10,2026-08-24 15:29:40.155568-04,21.648,13.995494,8,102362,1,1
7243,10,2026-08-24 15:29:41.154957-04,21.647,12.995654,8,102392,1,1
7244,10,2026-08-24 15:29:42.153717-04,21.645,11.99473,8,102422,1,1
7245,10,2026-08-24 15:29:43.158043-04,21.662,17.009113,8,102452,1,1
7246,10,2026-08-24 15:29:44.155565-04,21.661,16.009703,8,102482,1,1
7247,10,2026-08-24 15:29:45.157172-04,21.66,15.008918,8,102512,1,1
7248,10,2026-08-24 15:29:46.155512-04,21.66,14.007822,8,102542,1,1
7249,10,2026-08-24 15:29:47.157415-04,21.661,13.009638,8,102572,1,1
7250,10,2026-08-24 15:29:48.153423-04,21.663,12.013706,8,102602,1,1
7251,10,2026-08-24 15:29:49.154663-04,21.651,17.00509,8,102632,1,1
7252,10,2026-08-24 15:29:50.156555-04,21.65,16.00469,8,102662,1,1
7253,10,2026-08-24 15:29:51.159504-04,21.65,15.00512,8,102692,1,1
7254,10,2026-08-24 15:29:52.15438-04,21.651,14.004764,8,102722,1,1
7255,10,2026-08-24 15:29:53.156316-04,21.651,13.00426,8,102752,1,1
7256,10,2026-08-24 15:29:54.152028-04,21.65,12.00605,8,102782,1,1
7257,10,2026-08-24 15:29:55.158865-04,21.648,17.023394,8,102812,1,1
7258,10,2026-08-24 15:29:56.156683-04,21.648,16.021873,8,102842,1,1
7259,10,2026-08-24 15:29:57.156642-04,21.648,15.022215,8,102872,1,1
7260,10,2026-08-24 15:29:58.155233-04,21.645,14.019409,8,102902,1,1
7261,10,2026-08-24 15:29:59.154022-04,21.645,13.021346,8,102932,1,1
7262,10,2026-08-24 15:30:00.154038-04,21.644,12.020606,8,102962,1,1
7263,10,2026-08-24 15:30:01.157422-04,21.662,17.015112,8,102992,1,1
7264,10,2026-08-24 15:30:02.155742-04,21.661,16.01491,8,103022,1,1
7265,10,2026-08-24 15:30:03.156645-04,21.664,15.017846,8,103052,1,1
7266,10,2026-08-24 15:30:04.156774-04,21.663,14.016395,8,103082,1,1
7267,10,2026-08-24 15:30:05.156932-04,21.664,13.016781,8,103112,1,1
7268,10,2026-08-24 15:30:06.155353-04,21.661,12.016668,8,103142,1,1
7269,10,2026-08-24 15:30:07.1564-04,21.656,17.008371,8,103172,1,1
7270,10,2026-08-24 15:30:08.155696-04,21.656,16.010147,8,103202,1,1
7271,10,2026-08-24 15:30:09.160686-04,21.656,15.008426,8,103232,1,1
7272,10,2026-08-24 15:30:10.153619-04,21.655,14.009537,8,103262,1,1
7273,10,2026-08-24 15:30:11.157258-04,21.659,13.012804,8,103292,1,1
7274,10,2026-08-24 15:30:12.151847-04,21.658,12.013672,8,103322,1,1
7275,10,2026-08-24 15:30:13.158156-04,21.674,17.006193,8,103352,1,1
7276,10,2026-08-24 15:30:14.15615-04,21.671,16.003798,8,103382,1,1
7277,10,2026-08-24 15:30:15.156894-04,21.672,15.00378,8,103412,1,1
7278,10,2026-08-24 15:30:16.155661-04,21.673,14.004164,8,103442,1,1
7279,10,2026-08-24 15:30:17.156303-04,21.672,13.003266,8,103472,1,1
7280,10,2026-08-24 15:30:18.154002-04,21.672,12.005545,8,103502,1,1
7281,10,2026-08-24 15:30:19.154497-04,21.648,17.025534,8,103532,1,1
7282,10,2026-08-24 15:30:20.156188-04,21.648,16.021889,8,103562,1,1
7283,10,2026-08-24 15:30:21.158065-04,21.647,15.021157,8,103592,1,1
7284,10,2026-08-24 15:30:22.156915-04,21.644,14.019631,8,103622,1,1
7285,10,2026-08-24 15:30:23.157336-04,21.646,13.019894,8,103652,1,1
7286,10,2026-08-24 15:30:24.152806-04,21.644,12.021114,8,103682,1,1
7287,10,2026-08-24 15:30:25.157402-04,21.661,17.008495,8,103712,1,1
7288,10,2026-08-24 15:30:26.158258-04,21.661,16.00917,8,103742,1,1
7289,10,2026-08-24 15:30:27.157169-04,21.665,15.012191,8,103772,1,1
7290,10,2026-08-24 15:30:28.155559-04,21.663,14.011524,8,103802,1,1
7291,10,2026-08-24 15:30:29.156978-04,21.664,13.011365,8,103832,1,1
7292,10,2026-08-24 15:30:30.152215-04,21.661,12.010678,8,103862,1,1
7293,10,2026-08-24 15:30:31.156355-04,21.655,17.00394,8,103892,1,1
7294,10,2026-08-24 15:30:32.155634-04,21.656,16.004728,8,103922,1,1
7295,10,2026-08-24 15:30:33.156925-04,21.656,15.004607,8,103952,1,1
7296,10,2026-08-24 15:30:34.156343-04,21.656,14.004448,8,103982,1,1
7297,10,2026-08-24 15:30:35.155146-04,21.655,13.003694,8,104012,1,1
7298,10,2026-08-24 15:30:36.154059-04,21.658,12.007783,8,104042,1,1
7299,10,2026-08-24 15:30:37.157987-04,21.647,17.02251,8,104072,1,1
7300,10,2026-08-24 15:30:38.157768-04,21.645,16.019348,8,104102,1,1
7301,10,2026-08-24 15:30:39.15863-04,21.646,15.019853,8,104132,1,1
7302,10,2026-08-24 15:30:40.153391-04,21.644,14.019295,8,104162,1,1
7303,10,2026-08-24 15:30:41.15871-04,21.646,13.020691,8,104192,1,1
7304,10,2026-08-24 15:30:42.15344-04,21.644,12.020646,8,104222,1,1
7305,10,2026-08-24 15:30:43.157897-04,21.662,17.016352,8,104252,1,1
7306,10,2026-08-24 15:30:44.155849-04,21.665,16.017933,8,104282,1,1
7307,10,2026-08-24 15:30:45.157813-04,21.664,15.017033,8,104312,1,1
7308,10,2026-08-24 15:30:46.159874-04,21.661,14.014956,8,104342,1,1
7309,10,2026-08-24 15:30:47.156988-04,21.662,13.015982,8,104372,1,1
7310,10,2026-08-24 15:30:48.15689-04,21.66,12.015202,8,104402,1,1
7311,10,2026-08-24 15:30:49.15615-04,21.656,16.988195,8,104432,1,1
7312,10,2026-08-24 15:30:50.156574-04,21.656,15.988392,8,104462,1,1
7313,10,2026-08-24 15:30:51.156282-04,21.659,14.991405,8,104492,1,1
7314,10,2026-08-24 15:30:52.155227-04,21.658,13.990109,8,104522,1,1
7315,10,2026-08-24 15:30:53.156535-04,21.659,12.990331,8,104552,1,1
7316,10,2026-08-24 15:30:54.152022-04,21.656,11.990065,8,104582,1,1
7317,10,2026-08-24 15:30:55.153489-04,21.672,17.005482,8,104612,1,1
7318,10,2026-08-24 15:30:56.154637-04,21.672,16.004654,8,104642,1,1
7319,10,2026-08-24 15:30:57.155194-04,21.672,15.003356,8,104672,1,1
7320,10,2026-08-24 15:30:58.155762-04,21.673,14.005616,8,104702,1,1
7321,10,2026-08-24 15:30:59.157016-04,21.674,13.005628,8,104732,1,1
7322,10,2026-08-24 15:31:00.154314-04,21.675,12.008199,8,104762,1,1
7323,10,2026-08-24 15:31:01.156466-04,21.667,16.999256,8,104792,1,1
7324,10,2026-08-24 15:31:02.156038-04,21.666,15.999751,8,104822,1,1
7325,10,2026-08-24 15:31:03.156354-04,21.665,14.99796,8,104852,1,1
7326,10,2026-08-24 15:31:04.15567-04,21.666,13.997585,8,104882,1,1
7327,10,2026-08-24 15:31:05.154926-04,21.666,12.997971,8,104912,1,1
7328,10,2026-08-24 15:31:06.154108-04,21.665,11.999903,8,104942,1,1
7329,10,2026-08-24 15:31:07.155748-04,21.642,17.016136,8,104972,1,1
7330,10,2026-08-24 15:31:08.157535-04,21.643,16.0168,8,105002,1,1
7331,10,2026-08-24 15:31:09.154917-04,21.642,15.017174,8,105032,1,1
7332,10,2026-08-24 15:31:10.157142-04,21.64,14.014824,8,105062,1,1
7333,10,2026-08-24 15:31:11.158168-04,21.639,13.013215,8,105092,1,1
7334,10,2026-08-24 15:31:12.1539-04,21.639,12.016617,8,105122,1,1
7335,10,2026-08-24 15:31:13.155416-04,21.657,17.010704,8,105152,1,1
7336,10,2026-08-24 15:31:14.157705-04,21.655,16.008411,8,105182,1,1
7337,10,2026-08-24 15:31:15.157112-04,21.655,15.008391,8,105212,1,1
7338,10,2026-08-24 15:31:16.157312-04,21.659,14.011583,8,105242,1,1
7339,10,2026-08-24 15:31:17.155165-04,21.658,13.011884,8,105272,1,1
7340,10,2026-08-24 15:31:18.152861-04,21.656,12.010999,8,105302,1,1
7341,10,2026-08-24 15:31:19.154508-04,21.65,17.024029,8,105332,1,1
7342,10,2026-08-24 15:31:20.154264-04,21.65,16.02518,8,105362,1,1
7343,10,2026-08-24 15:31:21.156653-04,21.65,15.025082,8,105392,1,1
7344,10,2026-08-24 15:31:22.156603-04,21.65,14.024034,8,105422,1,1
7345,10,2026-08-24 15:31:23.157033-04,21.653,13.027181,8,105452,1,1
7346,10,2026-08-24 15:31:24.152655-04,21.652,12.0293,8,105482,1,1
7347,10,2026-08-24 15:31:25.156579-04,21.669,17.022074,8,105512,1,1
7348,10,2026-08-24 15:31:26.15749-04,21.666,16.019938,8,105542,1,1
7349,10,2026-08-24 15:31:27.156899-04,21.666,15.019655,8,105572,1,1
7350,10,2026-08-24 15:31:28.156072-04,21.667,14.020822,8,105602,1,1
7351,10,2026-08-24 15:31:29.155928-04,21.666,13.020283,8,105632,1,1
7352,10,2026-08-24 15:31:30.154061-04,21.666,12.021606,8,105662,1,1
7353,10,2026-08-24 15:31:31.156259-04,21.664,17.03907,8,105692,1,1
7354,10,2026-08-24 15:31:32.155918-04,21.663,16.038843,8,105722,1,1
7355,10,2026-08-24 15:31:33.15758-04,21.664,15.038358,8,105752,1,1
7356,10,2026-08-24 15:31:34.155848-04,21.659,14.034457,8,105782,1,1
7357,10,2026-08-24 15:31:35.1556-04,21.661,13.034763,8,105812,1,1
7358,10,2026-08-24 15:31:36.153468-04,21.659,12.03666,8,105842,1,1
7359,10,2026-08-24 15:31:37.15846-04,21.678,17.004915,8,105872,1,1
7360,10,2026-08-24 15:31:38.157958-04,21.677,16.004066,8,105902,1,1
7361,10,2026-08-24 15:31:39.153586-04,21.68,15.007878,8,105932,1,1
7362,10,2026-08-24 15:31:40.1546-04,21.68,14.005886,8,105962,1,1
7363,10,2026-08-24 15:31:41.154416-04,21.68,13.007065,8,105992,1,1
7364,10,2026-08-24 15:31:42.157075-04,21.678,12.005927,8,106022,1,1
7365,10,2026-08-24 15:31:43.156197-04,21.67,17.018862,8,106052,1,1
7366,10,2026-08-24 15:31:44.156605-04,21.67,16.018608,8,106082,1,1
7367,10,2026-08-24 15:31:45.15669-04,21.671,15.019942,8,106112,1,1
7368,10,2026-08-24 15:31:46.156297-04,21.67,14.018992,8,106142,1,1
7369,10,2026-08-24 15:31:47.156521-04,21.674,13.022412,8,106172,1,1
7370,10,2026-08-24 15:31:48.15503-04,21.673,12.022768,8,106202,1,1
7371,10,2026-08-24 15:31:49.155096-04,21.664,17.0387,8,106232,1,1
7372,10,2026-08-24 15:31:50.156465-04,21.662,16.036825,8,106262,1,1
7373,10,2026-08-24 15:31:51.15559-04,21.66,15.036007,8,106292,1,1
7374,10,2026-08-24 15:31:52.156396-04,21.66,14.035574,8,106322,1,1
7375,10,2026-08-24 15:31:53.157192-04,21.661,13.036,8,106352,1,1
7376,10,2026-08-24 15:31:54.15359-04,21.66,12.036531,8,106382,1,1
7377,10,2026-08-24 15:31:55.154024-04,21.658,17.006746,8,106412,1,1
7378,10,2026-08-24 15:31:56.155454-04,21.658,16.006899,8,106442,1,1
7379,10,2026-08-24 15:31:57.159231-04,21.658,15.006899,8,106472,1,1
7380,10,2026-08-24 15:31:58.158301-04,21.656,14.004278,8,106502,1,1
7381,10,2026-08-24 15:31:59.155943-04,21.655,13.003775,8,106532,1,1
7382,10,2026-08-24 15:32:00.1541-04,21.654,12.004913,8,106562,1,1
7383,10,2026-08-24 15:32:01.154741-04,21.671,16.99854,8,106592,1,1
7384,10,2026-08-24 15:32:02.158877-04,21.671,15.998028,8,106622,1,1
7385,10,2026-08-24 15:32:03.156364-04,21.673,14.99983,8,106652,1,1
7386,10,2026-08-24 15:32:04.156489-04,21.674,14.0013,8,106682,1,1
7387,10,2026-08-24 15:32:05.154774-04,21.675,13.001771,8,106712,1,1
7388,10,2026-08-24 15:32:06.152171-04,21.672,12.001204,8,106742,1,1
7389,10,2026-08-24 15:32:07.155829-04,21.66,17.014181,8,106772,1,1
7390,10,2026-08-24 15:32:08.155984-04,21.662,16.015472,8,106802,1,1
7391,10,2026-08-24 15:32:09.157136-04,21.661,15.01487,8,106832,1,1
7392,10,2026-08-24 15:32:10.156136-04,21.662,14.015434,8,106862,1,1
7393,10,2026-08-24 15:32:11.155765-04,21.665,13.017742,8,106892,1,1
7394,10,2026-08-24 15:32:12.155309-04,21.663,12.01747,8,106922,1,1
7395,10,2026-08-24 15:32:13.156766-04,21.659,17.0124,8,106952,1,1
7396,10,2026-08-24 15:32:14.156751-04,21.656,16.010063,8,106982,1,1
7397,10,2026-08-24 15:32:15.186461-04,21.656,15.008367,8,107012,1,1
7398,10,2026-08-24 15:32:16.155731-04,21.655,14.008944,8,107042,1,1
7399,10,2026-08-24 15:32:17.155625-04,21.656,13.009496,8,107072,1,1
7400,10,2026-08-24 15:32:18.15313-04,21.655,12.011235,8,107102,1,1
7401,10,2026-08-24 15:32:19.156986-04,21.652,17.027546,8,107132,1,1
7402,10,2026-08-24 15:32:20.155401-04,21.653,16.028364,8,107162,1,1
7403,10,2026-08-24 15:32:21.155456-04,21.652,15.02672,8,107192,1,1
7404,10,2026-08-24 15:32:22.15474-04,21.651,14.025733,8,107222,1,1
7405,10,2026-08-24 15:32:23.156414-04,21.649,13.024155,8,107252,1,1
7406,10,2026-08-24 15:32:24.15274-04,21.65,12.027618,8,107282,1,1
7407,10,2026-08-24 15:32:25.164166-04,21.665,17.019192,8,107312,1,1
7408,10,2026-08-24 15:32:26.156163-04,21.665,16.019192,8,107342,1,1
7409,10,2026-08-24 15:32:27.155424-04,21.669,15.022761,8,107372,1,1
7410,10,2026-08-24 15:32:28.15839-04,21.667,14.021156,8,107402,1,1
7411,10,2026-08-24 15:32:29.154021-04,21.669,13.023091,8,107432,1,1
7412,10,2026-08-24 15:32:30.154927-04,21.667,12.022426,8,107462,1,1
7413,10,2026-08-24 15:32:31.163313-04,21.661,17.014542,8,107492,1,1
7414,10,2026-08-24 15:32:32.157354-04,21.661,16.014572,8,107522,1,1
7415,10,2026-08-24 15:32:33.159248-04,21.66,15.013808,8,107552,1,1
7416,10,2026-08-24 15:32:34.156047-04,21.662,14.015492,8,107582,1,1
7417,10,2026-08-24 15:32:35.15636-04,21.663,13.017268,8,107612,1,1
7418,10,2026-08-24 15:32:36.163864-04,21.663,12.018974,8,107642,1,1
7419,10,2026-08-24 15:32:37.156179-04,21.659,17.0122,8,107672,1,1
7420,10,2026-08-24 15:32:38.158445-04,21.656,16.010244,8,107702,1,1
7421,10,2026-08-24 15:32:39.155988-04,21.656,15.008526,8,107732,1,1
7422,10,2026-08-24 15:32:40.15935-04,21.656,14.008807,8,107762,1,1
7423,10,2026-08-24 15:32:41.15661-04,21.654,13.009104,8,107792,1,1
7424,10,2026-08-24 15:32:42.156161-04,21.654,12.010161,8,107822,1,1
7425,11,2026-08-24 17:26:46.24807-04,24.642,5.392087,1,23,1,1.05
7426,11,2026-08-24 17:26:47.250747-04,24.589,10.333237,4,54,1,1.05
7427,11,2026-08-24 17:26:48.251886-04,24.539,15.298835,6,86,1,1.05
7428,11,2026-08-24 17:26:49.248325-04,24.489,14.24977,9,117,1,1.05
7429,11,2026-08-24 17:26:50.248826-04,24.437,13.19744,11,149,1,1.05
7430,11,2026-08-24 17:26:51.249318-04,24.397,18.130499,14,180,1,1.05
7431,11,2026-08-24 17:26:52.248567-04,24.351,17.069845,17,211,1,1.05
7432,11,2026-08-24 17:26:53.248887-04,24.3,16.018623,21,243,1,1.05
7433,11,2026-08-24 17:26:54.248796-04,24.261,14.978746,23,274,1,1.05
7434,11,2026-08-24 17:26:55.248888-04,24.209,13.927518,27,306,1,1.05
7435,11,2026-08-24 17:26:56.248285-04,24.158,12.876254,30,338,1,1.05
7436,11,2026-08-24 17:26:57.253572-04,24.103,17.842499,34,369,1,1.05
7437,11,2026-08-24 17:26:58.249547-04,24.048,16.788189,36,401,1,1.05
7438,11,2026-08-24 17:26:59.250106-04,23.995,15.734177,39,432,1,1.05
7439,11,2026-08-24 17:27:00.249087-04,23.955,14.69338,41,463,1,1.05
7440,11,2026-08-24 17:27:01.248347-04,23.902,13.641761,44,495,1,1.05
7441,11,2026-08-24 17:27:02.247775-04,23.851,12.590731,45,527,1,1.05
7442,11,2026-08-24 17:27:03.247627-04,23.795,11.539729,48,557,1,1.05
7443,11,2026-08-24 17:27:04.250007-04,23.744,10.488488,50,590,1,1.05
7444,11,2026-08-24 17:27:05.247856-04,23.693,9.438019,54,621,1,1.05
7445,11,2026-08-24 17:27:06.251526-04,23.642,14.40173,56,652,1,1.05
7446,11,2026-08-24 17:27:07.247856-04,23.59,13.351493,59,684,1,1.05
7447,11,2026-08-24 17:27:08.248461-04,23.541,12.30115,61,716,1,1.05
7448,11,2026-08-24 17:27:09.249047-04,23.495,11.260614,65,747,1,1.05
7449,11,2026-08-24 17:27:10.250035-04,23.443,10.208691,68,779,1,1.05
7450,11,2026-08-24 17:27:11.249806-04,23.391,9.156471,71,810,1,1.05
7451,11,2026-08-24 17:27:12.248493-04,23.339,8.104742,73,842,1,1.05
7452,11,2026-08-24 17:27:13.24927-04,23.286,13.020211,75,873,1,1.05
7453,11,2026-08-24 17:27:14.248697-04,23.236,11.97041,76,903,1,1.05
7454,11,2026-08-24 17:27:15.248081-04,23.21,10.928584,78,936,1,1.05
7455,11,2026-08-24 17:27:16.247781-04,23.158,9.876289,80,968,1,1.05
7456,11,2026-08-24 17:27:17.256179-04,23.106,8.823997,82,999,1,1.05
7457,11,2026-08-24 17:27:18.249635-04,23.055,13.76677,84,1030,1,1.05
7458,11,2026-08-24 17:27:19.247757-04,23.005,12.717997,85,1062,1,1.05
7459,11,2026-08-24 17:27:20.249536-04,22.944,11.666688,88,1093,1,1.05
7460,11,2026-08-24 17:27:21.250023-04,22.891,10.614178,91,1124,1,1.05
7461,11,2026-08-24 17:27:22.249896-04,22.841,9.563791,93,1156,1,1.05
7462,11,2026-08-24 17:27:23.249134-04,22.791,8.513645,96,1188,1,1.05
7463,11,2026-08-24 17:27:24.249365-04,22.751,13.489497,98,1219,1,1.05
7464,11,2026-08-24 17:27:25.249655-04,22.698,12.438172,101,1251,1,1.05
7465,11,2026-08-24 17:27:26.250877-04,22.641,11.385391,104,1282,1,1.05
7466,11,2026-08-24 17:27:27.24943-04,22.588,10.332535,106,1314,1,1.05
7467,11,2026-08-24 17:27:28.309065-04,22.537,9.281005,108,1345,1,1.05
7468,11,2026-08-24 17:27:29.259682-04,22.485,8.228714,110,1377,1,1.05
7469,11,2026-08-24 17:27:30.25813-04,22.442,7.187661,111,1408,1,1.05
7470,11,2026-08-24 17:27:31.248098-04,22.392,12.131563,114,1440,1,1.05
7471,11,2026-08-24 17:27:32.249416-04,22.334,11.078643,116,1471,1,1.05
7472,11,2026-08-24 17:27:33.255229-04,22.284,10.028963,118,1503,1,1.05
7473,11,2026-08-24 17:27:34.248031-04,22.258,9.002932,121,1533,1,1
7474,11,2026-08-24 17:27:35.249682-04,22.259,14.019161,121,1564,1,1
7475,11,2026-08-24 17:27:36.249925-04,22.257,13.018281,121,1594,1,1
7476,11,2026-08-24 17:27:37.247447-04,22.256,12.016716,121,1624,1,1
7477,11,2026-08-24 17:27:38.253074-04,22.272,11.017481,121,1654,1,1
7478,11,2026-08-24 17:27:39.249669-04,22.272,16.011257,121,1684,1,1
7479,11,2026-08-24 17:27:40.249743-04,22.272,15.010434,121,1714,1,1
7480,11,2026-08-24 17:27:41.249795-04,22.273,14.012696,121,1744,1,1
7481,11,2026-08-24 17:27:42.249276-04,22.272,13.011205,121,1774,1,1
7482,11,2026-08-24 17:27:43.248249-04,22.272,12.01225,121,1804,1,1
7483,11,2026-08-24 17:27:44.247978-04,22.267,11.011852,121,1834,1,1
7484,11,2026-08-24 17:27:45.249849-04,22.267,16.005621,121,1864,1,1
7485,11,2026-08-24 17:27:46.251736-04,22.266,15.005056,121,1894,1,1
7486,11,2026-08-24 17:27:47.249513-04,22.265,14.003704,121,1924,1,1
7487,11,2026-08-24 17:27:48.25048-04,22.266,13.005622,121,1954,1,1
7488,11,2026-08-24 17:27:49.247499-04,22.268,12.007937,121,1984,1,1
7489,11,2026-08-24 17:27:50.251008-04,22.264,11.007796,121,2014,1,1
7490,11,2026-08-24 17:27:51.249285-04,22.264,16.023987,121,2044,1,1
7491,11,2026-08-24 17:27:52.254864-04,22.26,15.021627,121,2074,1,1
7492,11,2026-08-24 17:27:53.246993-04,22.261,14.022505,121,2104,1,1
7493,11,2026-08-24 17:27:54.249539-04,22.263,13.023474,121,2134,1,1
7494,11,2026-08-24 17:27:55.247651-04,22.262,12.023367,121,2164,1,1
7495,11,2026-08-24 17:27:56.248513-04,22.278,17.017649,121,2194,1,1
7496,11,2026-08-24 17:27:57.247669-04,22.277,16.01799,121,2224,1,1
7497,11,2026-08-24 17:27:58.24865-04,22.278,15.017101,121,2254,1,1
7498,11,2026-08-24 17:27:59.249705-04,22.276,14.016323,121,2284,1,1
7499,11,2026-08-24 17:28:00.249791-04,22.277,13.016915,121,2314,1,1
7500,11,2026-08-24 17:28:01.247651-04,22.276,12.016802,121,2344,1,1
7501,11,2026-08-24 17:28:02.249999-04,22.27,11.01472,121,2374,1,1
7502,11,2026-08-24 17:28:03.247567-04,22.271,16.032272,121,2404,1,1
7503,11,2026-08-24 17:28:04.248535-04,22.272,15.0346,121,2434,1,1
7504,11,2026-08-24 17:28:05.249859-04,22.274,14.034949,121,2464,1,1
7505,11,2026-08-24 17:28:06.249343-04,22.271,13.031073,121,2494,1,1
7506,11,2026-08-24 17:28:07.247584-04,22.273,12.035553,121,2524,1,1
7507,11,2026-08-24 17:28:08.247755-04,22.288,11.034305,121,2554,1,1
7508,11,2026-08-24 17:28:09.25006-04,22.29,16.002789,121,2584,1,1
7509,11,2026-08-24 17:28:10.248748-04,22.288,14.99982,121,2614,1,1
7510,11,2026-08-24 17:28:11.249732-04,22.289,14.002101,121,2644,1,1
7511,11,2026-08-24 17:28:12.249785-04,22.288,13.000995,121,2674,1,1
7512,11,2026-08-24 17:28:13.248028-04,22.289,12.001814,121,2704,1,1
7513,11,2026-08-24 17:28:14.25068-04,22.282,11.000456,121,2734,1,1
7514,11,2026-08-24 17:28:15.248905-04,22.282,10.000355,121,2764,1,1
7515,11,2026-08-24 17:28:16.249754-04,22.282,8.999162,121,2794,1,1
7516,11,2026-08-24 17:28:17.2488-04,22.281,7.999924,121,2824,1,1
7517,11,2026-08-24 17:28:18.247801-04,22.281,7.00083,121,2854,1,1
7518,11,2026-08-24 17:28:19.248214-04,22.284,12.018042,121,2884,1,1
7519,11,2026-08-24 17:28:20.249715-04,22.274,11.018433,121,2914,1,1
7520,11,2026-08-24 17:28:21.249072-04,22.271,10.014999,121,2944,1,1
7521,11,2026-08-24 17:28:22.248303-04,22.27,9.015402,121,2974,1,1
7522,11,2026-08-24 17:28:23.246753-04,22.272,8.018119,121,3004,1,1
7523,11,2026-08-24 17:28:24.246598-04,22.273,7.019642,121,3034,1,1
7524,11,2026-08-24 17:28:25.246038-04,22.273,12.014322,121,3064,1,1
7525,11,2026-08-24 17:28:26.24725-04,22.267,11.013441,121,3094,1,1
7526,11,2026-08-24 17:28:27.248747-04,22.266,16.027178,121,3124,1,1
7527,11,2026-08-24 17:28:28.248639-04,22.267,15.027669,121,3154,1,1
7528,11,2026-08-24 17:28:29.249788-04,22.266,14.026824,121,3184,1,1
7529,11,2026-08-24 17:28:30.248949-04,22.266,13.026845,121,3214,1,1
7530,11,2026-08-24 17:28:31.247361-04,22.265,12.027428,121,3244,1,1
7531,11,2026-08-24 17:28:32.248921-04,22.281,11.026643,121,3274,1,1
7532,11,2026-08-24 17:28:33.2504-04,22.282,10.026843,121,3304,1,1
7533,11,2026-08-24 17:28:34.247924-04,22.283,9.028494,121,3334,1,1
7534,11,2026-08-24 17:28:35.250017-04,22.284,8.029448,121,3364,1,1
7535,11,2026-08-24 17:28:36.249151-04,22.281,7.025563,121,3394,1,1
7536,11,2026-08-24 17:28:37.247286-04,22.281,12.021804,121,3424,1,1
7537,11,2026-08-24 17:28:38.255683-04,22.277,11.022466,121,3454,1,1
7538,11,2026-08-24 17:28:39.24895-04,22.278,10.023526,121,3484,1,1
7539,11,2026-08-24 17:28:40.249072-04,22.279,9.023732,121,3514,1,1
7540,11,2026-08-24 17:28:41.248181-04,22.276,8.02252,121,3544,1,1
7541,11,2026-08-24 17:28:42.248238-04,22.277,7.023024,121,3574,1,1
7542,11,2026-08-24 17:28:43.24781-04,22.278,12.018732,121,3604,1,1
7543,11,2026-08-24 17:28:44.248931-04,22.271,11.016519,121,3634,1,1
7544,11,2026-08-24 17:28:45.2482-04,22.271,10.01627,121,3664,1,1
7545,11,2026-08-24 17:28:46.24833-04,22.271,9.01599,121,3694,1,1
7546,11,2026-08-24 17:28:47.247127-04,22.271,8.01672,121,3724,1,1
7547,11,2026-08-24 17:28:48.248788-04,22.27,7.015653,121,3754,1,1
7548,11,2026-08-24 17:28:49.24718-04,22.273,12.013522,121,3784,1,1
7549,11,2026-08-24 17:28:50.249524-04,22.289,11.013208,121,3814,1,1
7550,11,2026-08-24 17:28:51.249506-04,22.289,10.012555,121,3844,1,1
7551,11,2026-08-24 17:28:52.248179-04,22.286,15.026288,121,3874,1,1
7552,11,2026-08-24 17:28:53.247621-04,22.287,14.027925,121,3904,1,1
7553,11,2026-08-24 17:28:54.248959-04,22.288,13.02791,121,3934,1,1
7554,11,2026-08-24 17:28:55.244597-04,22.289,12.030818,121,3964,1,1
7555,11,2026-08-24 17:28:56.251135-04,22.282,11.02928,121,3994,1,1
7556,11,2026-08-24 17:28:57.248798-04,22.281,15.995563,121,4024,1,1
7557,11,2026-08-24 17:28:58.247835-04,22.28,14.994507,121,4054,1,1
7558,11,2026-08-24 17:28:59.248181-04,22.28,13.9956,121,4084,1,1
7559,11,2026-08-24 17:29:00.247495-04,22.281,12.994822,121,4114,1,1
7560,11,2026-08-24 17:29:01.245869-04,22.279,11.995372,121,4144,1,1
7561,11,2026-08-24 17:29:02.247248-04,22.274,10.993867,121,4174,1,1
7562,11,2026-08-24 17:29:03.246187-04,22.274,15.989239,121,4204,1,1
7563,11,2026-08-24 17:29:04.245762-04,22.275,14.991614,121,4234,1,1
7564,11,2026-08-24 17:29:05.252049-04,22.277,13.991597,121,4264,1,1
7565,11,2026-08-24 17:29:06.247958-04,22.276,12.991428,121,4294,1,1
7566,11,2026-08-24 17:29:07.245555-04,22.273,11.989649,121,4324,1,1
7567,11,2026-08-24 17:29:08.24676-04,22.264,10.990117,121,4354,1,1
7568,11,2026-08-24 17:29:09.247092-04,22.266,9.992691,121,4384,1,1
7569,11,2026-08-24 17:29:10.245954-04,22.266,8.991596,121,4414,1,1
7570,11,2026-08-24 17:29:11.248306-04,22.265,7.992173,121,4444,1,1
7571,11,2026-08-24 17:29:12.246129-04,22.265,13.008092,121,4474,1,1
7572,11,2026-08-24 17:29:13.245237-04,22.264,12.007268,121,4504,1,1
7573,11,2026-08-24 17:29:14.247214-04,22.258,11.005073,121,4534,1,1
7574,11,2026-08-24 17:29:15.245859-04,22.258,10.005449,121,4564,1,1
7575,11,2026-08-24 17:29:16.267426-04,22.257,9.00441,121,4594,1,1
7576,11,2026-08-24 17:29:17.248741-04,22.257,8.004265,121,4624,1,1
7577,11,2026-08-24 17:29:18.245728-04,22.257,7.00517,121,4654,1,1
7578,11,2026-08-24 17:29:19.244289-04,22.259,12.023985,121,4684,1,1
7579,11,2026-08-24 17:29:20.245258-04,22.254,11.02478,121,4714,1,1
7580,11,2026-08-24 17:29:21.246474-04,22.252,10.020064,121,4744,1,1
7581,11,2026-08-24 17:29:22.245327-04,22.251,9.02152,121,4774,1,1
7582,11,2026-08-24 17:29:23.24521-04,22.253,8.022568,121,4804,1,1
7583,11,2026-08-24 17:29:24.246146-04,22.254,13.019266,121,4834,1,1
7584,11,2026-08-24 17:29:25.242873-04,22.255,12.019681,121,4864,1,1
7585,11,2026-08-24 17:29:26.245531-04,22.269,11.018445,121,4894,1,1
7586,11,2026-08-24 17:29:27.246273-04,22.268,10.016427,121,4924,1,1
7587,11,2026-08-24 17:29:28.246227-04,22.269,9.017218,121,4954,1,1
7588,11,2026-08-24 17:29:29.24554-04,22.268,14.03225,121,4984,1,1
7589,11,2026-08-24 17:29:30.247874-04,22.268,13.03246,121,5014,1,1
7590,11,2026-08-24 17:29:31.245714-04,22.267,12.032613,121,5044,1,1
7591,11,2026-08-24 17:29:32.245803-04,22.283,11.031437,121,5074,1,1
7592,11,2026-08-24 17:29:33.245288-04,22.283,15.9995,121,5104,1,1
7593,11,2026-08-24 17:29:34.245686-04,22.285,15.000866,121,5134,1,1
7594,11,2026-08-24 17:29:35.244646-04,22.286,14.002988,121,5164,1,1
7595,11,2026-08-24 17:29:36.246814-04,22.285,13.002091,121,5194,1,1
7596,11,2026-08-24 17:29:37.244739-04,22.285,12.003358,121,5224,1,1
7597,11,2026-08-24 17:29:38.264061-04,22.279,11.000866,121,5254,1,1
7598,11,2026-08-24 17:29:39.245564-04,22.28,16.017704,121,5284,1,1
7599,11,2026-08-24 17:29:40.245691-04,22.281,15.018069,121,5314,1,1
7600,11,2026-08-24 17:29:41.244173-04,22.28,14.018303,121,5344,1,1
7601,11,2026-08-24 17:29:42.248523-04,22.28,13.018055,121,5374,1,1
7602,11,2026-08-24 17:29:43.245521-04,22.279,12.01785,121,5404,1,1
7603,11,2026-08-24 17:29:44.245637-04,22.268,11.015995,121,5434,1,1
7604,11,2026-08-24 17:29:45.243728-04,22.268,16.011702,121,5464,1,1
7605,11,2026-08-24 17:29:46.245767-04,22.267,15.009509,121,5494,1,1
7606,11,2026-08-24 17:29:47.244328-04,22.267,14.010851,121,5524,1,1
7607,11,2026-08-24 17:29:48.245384-04,22.267,13.009927,121,5554,1,1
7608,11,2026-08-24 17:29:49.243004-04,22.268,12.013006,121,5584,1,1
7609,11,2026-08-24 17:29:50.244465-04,22.262,11.011303,121,5614,1,1
7610,11,2026-08-24 17:29:51.24554-04,22.264,16.027845,121,5644,1,1
7611,11,2026-08-24 17:29:52.243335-04,22.262,15.026673,121,5674,1,1
7612,11,2026-08-24 17:29:53.243678-04,22.263,14.028297,121,5704,1,1
7613,11,2026-08-24 17:29:54.246487-04,22.264,13.028427,121,5734,1,1
7614,11,2026-08-24 17:29:55.241583-04,22.263,12.029501,121,5764,1,1
7615,11,2026-08-24 17:29:56.244306-04,22.279,11.028385,121,5794,1,1
7616,11,2026-08-24 17:29:57.243837-04,22.28,10.029222,121,5824,1,1
7617,11,2026-08-24 17:29:58.247242-04,22.278,9.027463,121,5854,1,1
7618,11,2026-08-24 17:29:59.243181-04,22.279,14.023128,121,5884,1,1
7619,11,2026-08-24 17:30:00.244675-04,22.278,13.021079,121,5914,1,1
7620,11,2026-08-24 17:30:01.243533-04,22.277,12.021517,121,5944,1,1
7621,11,2026-08-24 17:30:02.245576-04,22.272,11.021335,121,5974,1,1
7622,11,2026-08-24 17:30:03.24542-04,22.272,10.020617,121,6004,1,1
7623,11,2026-08-24 17:30:04.243238-04,22.274,9.023265,121,6034,1,1
7624,11,2026-08-24 17:30:05.245401-04,22.275,8.024853,121,6064,1,1
7625,11,2026-08-24 17:30:06.245856-04,22.274,13.017294,121,6094,1,1
7626,11,2026-08-24 17:30:07.243364-04,22.274,12.018813,121,6124,1,1
7627,11,2026-08-24 17:30:08.247466-04,22.268,11.016432,121,6154,1,1
7628,11,2026-08-24 17:30:09.245375-04,22.267,10.015374,121,6184,1,1
7629,11,2026-08-24 17:30:10.243229-04,22.27,9.019097,121,6214,1,1
7630,11,2026-08-24 17:30:11.244845-04,22.268,8.017255,121,6244,1,1
7631,11,2026-08-24 17:30:12.2437-04,22.269,7.018212,121,6274,1,1
7632,11,2026-08-24 17:30:13.243922-04,22.267,12.012254,121,6304,1,1
7633,11,2026-08-24 17:30:14.244989-04,22.285,11.012442,121,6334,1,1
7634,11,2026-08-24 17:30:15.2447-04,22.283,10.01062,121,6364,1,1
7635,11,2026-08-24 17:30:16.243788-04,22.283,9.010516,121,6394,1,1
7636,11,2026-08-24 17:30:17.242806-04,22.283,8.010737,121,6424,1,1
7637,11,2026-08-24 17:30:18.244695-04,22.283,13.005426,121,6454,1,1
7638,11,2026-08-24 17:30:19.243572-04,22.285,12.007122,121,6484,1,1
7639,11,2026-08-24 17:30:20.244004-04,22.281,11.008471,121,6514,1,1
7640,11,2026-08-24 17:30:21.244167-04,22.279,10.007196,121,6544,1,1
7641,11,2026-08-24 17:30:22.243884-04,22.279,9.007991,121,6574,1,1
7642,11,2026-08-24 17:30:23.244328-04,22.279,8.006631,121,6604,1,1
7643,11,2026-08-24 17:30:24.244697-04,22.279,7.007296,121,6634,1,1
7644,11,2026-08-24 17:30:25.241598-04,22.279,12.024137,121,6664,1,1
7645,11,2026-08-24 17:30:26.244896-04,22.273,11.022174,121,6694,1,1
7646,11,2026-08-24 17:30:27.24449-04,22.273,10.022616,121,6724,1,1
7647,11,2026-08-24 17:30:28.244187-04,22.272,9.020903,121,6754,1,1
7648,11,2026-08-24 17:30:29.245136-04,22.272,8.021489,121,6784,1,1
7649,11,2026-08-24 17:30:30.244301-04,22.273,12.99,121,6814,1,1
7650,11,2026-08-24 17:30:31.244205-04,22.271,11.98929,121,6844,1,1
7651,11,2026-08-24 17:30:32.244683-04,22.266,10.989311,121,6874,1,1
7652,11,2026-08-24 17:30:33.243332-04,22.266,16.005495,121,6904,1,1
7653,11,2026-08-24 17:30:34.24339-04,22.268,15.007023,121,6934,1,1
7654,11,2026-08-24 17:30:35.243171-04,22.269,14.008331,121,6964,1,1
7655,11,2026-08-24 17:30:36.245593-04,22.267,13.006765,121,6994,1,1
7656,11,2026-08-24 17:30:37.244295-04,22.269,12.008219,121,7024,1,1
7657,11,2026-08-24 17:30:38.25188-04,22.257,11.005852,121,7054,1,1
7658,11,2026-08-24 17:30:39.244022-04,22.258,16.022858,121,7084,1,1
7659,11,2026-08-24 17:30:40.243643-04,22.257,15.022814,121,7114,1,1
7660,11,2026-08-24 17:30:41.243915-04,22.258,14.023146,121,7144,1,1
7661,11,2026-08-24 17:30:42.244461-04,22.258,13.023262,121,7174,1,1
7662,11,2026-08-24 17:30:43.249264-04,22.256,12.022526,121,7204,1,1
7663,11,2026-08-24 17:30:44.243611-04,22.251,11.022867,121,7233,1,1
7664,11,2026-08-24 17:30:45.243483-04,22.251,15.989724,121,7264,1,1
7665,11,2026-08-24 17:30:46.259234-04,22.251,14.989733,121,7294,1,1
7666,11,2026-08-24 17:30:47.244627-04,22.251,13.989058,121,7324,1,1
7667,11,2026-08-24 17:30:48.244311-04,22.25,12.989362,121,7353,1,1
7668,11,2026-08-24 17:30:49.244539-04,22.251,11.991785,121,7383,1,1
7669,11,2026-08-24 17:30:50.245526-04,22.268,10.991294,121,7413,1,1
7670,11,2026-08-24 17:30:51.2442-04,22.269,16.007383,121,7444,1,1
7671,11,2026-08-24 17:30:52.244456-04,22.266,15.004757,121,7474,1,1
7672,11,2026-08-24 17:30:53.249852-04,22.267,14.006466,121,7503,1,1
7673,11,2026-08-24 17:30:54.244651-04,22.269,13.007134,121,7534,1,1
7674,11,2026-08-24 17:30:55.241994-04,22.268,12.007547,121,7564,1,1
7675,11,2026-08-24 17:30:56.244305-04,22.257,11.007154,121,7594,1,1
7676,11,2026-08-24 17:30:57.24901-04,22.257,16.002104,121,7623,1,1
7677,11,2026-08-24 17:30:58.243376-04,22.256,15.001109,121,7653,1,1
7678,11,2026-08-24 17:30:59.243396-04,22.257,14.00147,121,7684,1,1
7679,11,2026-08-24 17:31:00.245351-04,22.256,13.000178,121,7714,1,1
7680,11,2026-08-24 17:31:01.242735-04,22.251,12.001045,121,7743,1,1
7681,11,2026-08-24 17:31:02.244037-04,22.249,10.999179,121,7773,1,1
7682,11,2026-08-24 17:31:03.243191-04,22.25,16.01604,121,7803,1,1
7683,11,2026-08-24 17:31:04.243381-04,22.252,15.017701,121,7833,1,1
7684,11,2026-08-24 17:31:05.243123-04,22.253,14.018823,121,7863,1,1
7685,11,2026-08-24 17:31:06.245276-04,22.252,13.017585,121,7893,1,1
7686,11,2026-08-24 17:31:07.242582-04,22.252,12.018374,121,7923,1,1
7687,11,2026-08-24 17:31:08.244681-04,22.267,11.016211,121,7953,1,1
7688,11,2026-08-24 17:31:09.246428-04,22.268,10.018446,121,7983,1,1
7689,11,2026-08-24 17:31:10.243536-04,22.267,9.016862,121,8013,1,1
7690,11,2026-08-24 17:31:11.244358-04,22.268,8.017761,121,8043,1,1
7691,11,2026-08-24 17:31:12.243644-04,22.266,13.011044,121,8073,1,1
7692,11,2026-08-24 17:31:13.243403-04,22.267,12.012653,121,8103,1,1
7693,11,2026-08-24 17:31:14.244282-04,22.26,11.010627,121,8133,1,1
7694,11,2026-08-24 17:31:15.244557-04,22.262,10.010897,121,8163,1,1
7695,11,2026-08-24 17:31:16.243876-04,22.26,9.009984,121,8193,1,1
7696,11,2026-08-24 17:31:17.243685-04,22.26,8.010408,121,8223,1,1
7697,11,2026-08-24 17:31:18.243149-04,22.26,7.010592,121,8253,1,1
7698,11,2026-08-24 17:31:19.242579-04,22.262,12.007202,121,8283,1,1
7699,11,2026-08-24 17:31:20.243322-04,22.279,11.007759,121,8313,1,1
7700,11,2026-08-24 17:31:21.243062-04,22.278,10.00712,121,8343,1,1
7701,11,2026-08-24 17:31:22.242969-04,22.276,14.999252,121,8373,1,1
7702,11,2026-08-24 17:31:23.242894-04,22.278,14.001037,121,8403,1,1
7703,11,2026-08-24 17:31:24.244947-04,22.278,13.001743,121,8433,1,1
7704,11,2026-08-24 17:31:25.241434-04,22.277,12.001582,121,8463,1,1
7705,11,2026-08-24 17:31:26.244447-04,22.251,11.000458,121,8493,1,1
7706,11,2026-08-24 17:31:27.242234-04,22.252,10.001966,121,8523,1,1
7707,11,2026-08-24 17:31:28.244805-04,22.251,9.000714,121,8553,1,1
7708,11,2026-08-24 17:31:29.247329-04,22.251,8.001299,121,8583,1,1
7709,11,2026-08-24 17:31:30.24329-04,22.25,13.015989,121,8613,1,1
7710,11,2026-08-24 17:31:31.243514-04,22.251,12.017826,121,8643,1,1
7711,11,2026-08-24 17:31:32.243927-04,22.266,11.015116,121,8673,1,1
7712,11,2026-08-24 17:31:33.243872-04,22.266,10.015817,121,8703,1,1
7713,11,2026-08-24 17:31:34.243373-04,22.267,9.017022,121,8733,1,1
7714,11,2026-08-24 17:31:35.244174-04,22.268,8.01812,121,8763,1,1
7715,12,2026-08-24 17:33:18.554188-04,25.899,5.44401,2,21,1,1.05
7716,12,2026-08-24 17:33:19.550057-04,25.839,10.376725,3,52,1,1.05
7717,12,2026-08-24 17:33:20.5506-04,25.792,15.348065,5,83,1,1.05
7718,12,2026-08-24 17:33:21.547951-04,25.745,14.301046,6,115,1,1.05
7719,12,2026-08-24 17:33:22.54867-04,25.697,19.2255,9,146,1,1.05
7720,12,2026-08-24 17:33:23.551661-04,25.649,18.177746,11,178,1,1.05
7721,12,2026-08-24 17:33:24.579574-04,25.607,17.119959,13,209,1,1.05
7722,12,2026-08-24 17:33:25.551327-04,25.562,16.075418,14,241,1,1.05
7723,12,2026-08-24 17:33:26.546115-04,25.514,15.02754,18,273,1,1.05
7724,12,2026-08-24 17:33:27.549549-04,25.454,13.96698,19,304,1,1.05
7725,12,2026-08-24 17:33:28.549082-04,25.408,18.93709,21,335,1,1.05
7726,12,2026-08-24 17:33:29.550226-04,25.353,17.888151,22,367,1,1.05
7727,12,2026-08-24 17:33:30.551513-04,25.307,16.841272,25,398,1,1.05
7728,12,2026-08-24 17:33:31.551251-04,25.26,15.794656,27,430,1,1.05
7729,12,2026-08-24 17:33:32.548151-04,25.203,14.738461,29,461,1,1.05
7730,12,2026-08-24 17:33:33.549332-04,25.157,13.691366,30,493,1,1.05
7731,12,2026-08-24 17:33:34.549105-04,25.109,12.643193,34,525,1,1.05
7732,12,2026-08-24 17:33:35.556332-04,25.044,11.584362,36,556,1,1.05
7733,12,2026-08-24 17:33:36.548929-04,24.997,10.537271,38,587,1,1.05
7734,12,2026-08-24 17:33:37.549487-04,24.95,9.490497,39,619,1,1.05
7735,12,2026-08-24 17:33:38.549055-04,24.902,14.458295,42,650,1,1.05
7736,12,2026-08-24 17:33:39.547578-04,24.854,13.410506,44,682,1,1.05
7737,12,2026-08-24 17:33:40.549085-04,24.798,12.3529,46,713,1,1.05
7738,12,2026-08-24 17:33:41.549449-04,24.745,11.306242,47,745,1,1.05
7739,12,2026-08-24 17:33:42.551384-04,24.699,10.260084,51,777,1,1.05
7740,12,2026-08-24 17:33:43.557007-04,24.639,9.200459,52,808,1,1.05
7741,12,2026-08-24 17:33:44.547617-04,24.592,14.122154,54,839,1,1.05
7742,12,2026-08-24 17:33:45.549769-04,24.545,13.074389,55,871,1,1.05
7743,12,2026-08-24 17:33:46.551064-04,24.496,12.02555,59,902,1,1.05
7744,12,2026-08-24 17:33:47.548722-04,24.465,10.978738,61,934,1,1.05
7745,12,2026-08-24 17:33:48.555643-04,24.406,9.919901,63,965,1,1.05
7746,12,2026-08-24 17:33:49.54931-04,24.361,8.874366,64,997,1,1.05
7747,12,2026-08-24 17:33:50.54818-04,24.315,13.823068,68,1029,1,1.05
7748,12,2026-08-24 17:33:51.551312-04,24.254,12.762412,69,1060,1,1.05
7749,12,2026-08-24 17:33:52.547447-04,24.197,11.716028,71,1091,1,1.05
7750,12,2026-08-24 17:33:53.54883-04,24.148,10.666488,72,1123,1,1.05
7751,12,2026-08-24 17:33:54.549409-04,24.101,9.619999,75,1154,1,1.05
7752,12,2026-08-24 17:33:55.555177-04,24.053,8.573153,77,1186,1,1.05
7753,12,2026-08-24 17:33:56.549571-04,23.997,13.530779,79,1217,1,1.05
7754,12,2026-08-24 17:33:57.549173-04,23.95,12.484484,80,1249,1,1.05
7755,12,2026-08-24 17:33:58.549694-04,23.896,11.436196,84,1281,1,1.05
7756,12,2026-08-24 17:33:59.549772-04,23.839,10.37841,85,1312,1,1.05
7757,12,2026-08-24 17:34:00.547722-04,23.792,9.332946,87,1343,1,1.05
7758,12,2026-08-24 17:34:01.551753-04,23.743,8.282669,88,1375,1,1.05
7759,12,2026-08-24 17:34:02.547701-04,23.696,7.237218,92,1406,1,1.05
7760,12,2026-08-24 17:34:03.549255-04,23.649,12.183352,93,1438,1,1.05
7761,12,2026-08-24 17:34:04.547551-04,23.587,11.126674,95,1469,1,1.05
7762,12,2026-08-24 17:34:05.549117-04,23.539,10.079582,96,1501,1,1.05
7763,12,2026-08-24 17:34:06.550851-04,23.493,9.032692,100,1533,1,1.05
7764,12,2026-08-24 17:34:07.550625-04,23.433,13.989232,101,1564,1,1.05
7765,12,2026-08-24 17:34:08.547941-04,23.387,12.943687,103,1595,1,1.05
7766,12,2026-08-24 17:34:09.546353-04,23.336,11.893596,104,1627,1,1.05
7767,12,2026-08-24 17:34:10.552655-04,23.355,16.841536,107,1658,1,1.05
7768,12,2026-08-24 17:34:11.55127-04,23.307,15.794288,108,1690,1,1.05
7769,12,2026-08-24 17:34:12.550869-04,23.251,14.73763,110,1721,1,1.05
7770,12,2026-08-24 17:34:13.547705-04,23.204,13.69089,111,1753,1,1.05
7771,12,2026-08-24 17:34:14.546921-04,23.156,12.643174,116,1785,1,1.05
7772,12,2026-08-24 17:34:15.54873-04,23.044,11.584235,118,1816,1,1.05
7773,12,2026-08-24 17:34:16.549002-04,22.997,16.531769,120,1847,1,1.05
7774,12,2026-08-24 17:34:17.547433-04,22.948,15.482448,121,1879,1,1.05
7775,12,2026-08-24 17:34:18.549455-04,22.902,14.436794,124,1910,1,1.05
7776,12,2026-08-24 17:34:19.54892-04,22.853,13.388269,125,1942,1,1.05
7777,12,2026-08-24 17:34:20.547867-04,22.797,12.333032,127,1973,1,1.05
7778,12,2026-08-24 17:34:21.551238-04,22.744,11.284554,128,2005,1,1.05
7779,12,2026-08-24 17:34:22.56067-04,22.698,16.253868,132,2037,1,1.05
7780,12,2026-08-24 17:34:23.549462-04,22.639,15.19491,133,2068,1,1.05
7781,12,2026-08-24 17:34:24.549485-04,22.592,14.147826,135,2099,1,1.05
7782,12,2026-08-24 17:34:25.547921-04,22.542,13.100039,136,2131,1,1.05
7783,12,2026-08-24 17:34:26.553444-04,22.496,12.053869,140,2162,1,1.05
7784,12,2026-08-24 17:34:27.548758-04,22.48,11.019932,141,2193,1,1
7785,12,2026-08-24 17:34:28.549482-04,22.481,16.015333,141,2224,1,1
7786,12,2026-08-24 17:34:29.549476-04,22.483,15.017803,141,2254,1,1
7787,12,2026-08-24 17:34:30.547287-04,22.483,14.017613,141,2284,1,1
7788,12,2026-08-24 17:34:31.548638-04,22.48,13.014907,141,2314,1,1
7789,12,2026-08-24 17:34:32.548005-04,22.48,12.016082,141,2344,1,1
7790,12,2026-08-24 17:34:33.550746-04,22.474,11.014208,141,2374,1,1
7791,12,2026-08-24 17:34:34.548228-04,22.475,10.01524,141,2404,1,1
7792,12,2026-08-24 17:34:35.548329-04,22.475,15.031984,141,2434,1,1
7793,12,2026-08-24 17:34:36.548419-04,22.476,14.03225,141,2464,1,1
7794,12,2026-08-24 17:34:37.548018-04,22.477,13.034119,141,2494,1,1
7795,12,2026-08-24 17:34:38.548184-04,22.477,12.034427,141,2524,1,1
7796,12,2026-08-24 17:34:39.5473-04,22.49,11.031596,141,2554,1,1
7797,12,2026-08-24 17:34:40.548056-04,22.491,15.999078,141,2584,1,1
7798,12,2026-08-24 17:34:41.551564-04,22.49,14.998558,141,2614,1,1
7799,12,2026-08-24 17:34:42.54825-04,22.491,13.9995,141,2644,1,1
7800,12,2026-08-24 17:34:43.549605-04,22.491,13.000018,141,2674,1,1
7801,12,2026-08-24 17:34:44.548102-04,22.492,12.001767,141,2704,1,1
7802,12,2026-08-24 17:34:45.548387-04,22.487,11.000307,141,2734,1,1
7803,12,2026-08-24 17:34:46.548798-04,22.487,10.001123,141,2764,1,1
7804,12,2026-08-24 17:34:47.548754-04,22.486,8.999321,141,2794,1,1
7805,12,2026-08-24 17:34:48.548512-04,22.486,7.999142,141,2824,1,1
7806,12,2026-08-24 17:34:49.548481-04,22.485,6.999265,141,2854,1,1
7807,12,2026-08-24 17:34:50.548045-04,22.485,5.999334,141,2884,1,1
7808,12,2026-08-24 17:34:51.549976-04,22.475,11.016077,141,2914,1,1
7809,12,2026-08-24 17:34:52.547556-04,22.476,10.016874,141,2944,1,1
7810,12,2026-08-24 17:34:53.566408-04,22.475,9.016659,141,2974,1,1
7811,12,2026-08-24 17:34:54.549552-04,22.477,8.01732,141,3004,1,1
7812,12,2026-08-24 17:34:55.546882-04,22.474,7.015637,141,3034,1,1
7813,12,2026-08-24 17:34:56.5459-04,22.475,12.011467,141,3064,1,1
7814,12,2026-08-24 17:34:57.546269-04,22.523,11.010511,141,3094,1,1
7815,12,2026-08-24 17:34:58.550822-04,22.521,16.025148,141,3124,1,1
7816,12,2026-08-24 17:34:59.549924-04,22.523,15.026468,141,3154,1,1
7817,12,2026-08-24 17:35:00.548513-04,22.524,14.02699,141,3184,1,1
7818,12,2026-08-24 17:35:01.548581-04,22.524,13.027021,141,3214,1,1
7819,12,2026-08-24 17:35:02.548767-04,22.525,12.028728,141,3244,1,1
7820,12,2026-08-24 17:35:03.549183-04,22.485,11.025649,141,3274,1,1
7821,12,2026-08-24 17:35:04.547981-04,22.485,10.02574,141,3304,1,1
7822,12,2026-08-24 17:35:05.547172-04,22.485,9.026486,141,3334,1,1
7823,12,2026-08-24 17:35:06.548521-04,22.485,8.025839,141,3364,1,1
7824,12,2026-08-24 17:35:07.549409-04,22.485,7.026162,141,3394,1,1
7825,12,2026-08-24 17:35:08.547164-04,22.486,6.028459,141,3424,1,1
7826,12,2026-08-24 17:35:09.547897-04,22.478,11.019327,141,3454,1,1
7827,12,2026-08-24 17:35:10.548723-04,22.482,10.022534,141,3484,1,1
7828,12,2026-08-24 17:35:11.548539-04,22.48,9.020312,141,3514,1,1
7829,12,2026-08-24 17:35:12.548093-04,22.48,8.020843,141,3544,1,1
7830,12,2026-08-24 17:35:13.5476-04,22.48,7.021112,141,3574,1,1
7831,12,2026-08-24 17:35:14.547681-04,22.479,12.016078,141,3604,1,1
7832,12,2026-08-24 17:35:15.548427-04,22.523,11.01614,141,3634,1,1
7833,12,2026-08-24 17:35:16.549831-04,22.524,10.017023,141,3664,1,1
7834,12,2026-08-24 17:35:17.548153-04,22.524,9.017237,141,3694,1,1
7835,12,2026-08-24 17:35:18.547958-04,22.525,8.018102,141,3724,1,1
7836,12,2026-08-24 17:35:19.548054-04,22.522,7.015376,141,3754,1,1
7837,12,2026-08-24 17:35:20.546758-04,22.522,12.010914,141,3784,1,1
7838,12,2026-08-24 17:35:21.548664-04,22.49,11.010494,141,3814,1,1
7839,12,2026-08-24 17:35:22.569989-04,22.49,10.00981,141,3844,1,1
7840,12,2026-08-24 17:35:23.550343-04,22.491,9.010841,141,3874,1,1
7841,12,2026-08-24 17:35:24.547615-04,22.492,14.027732,141,3904,1,1
7842,12,2026-08-24 17:35:25.547883-04,22.491,13.026956,141,3934,1,1
7843,12,2026-08-24 17:35:26.548674-04,22.491,12.028186,141,3964,1,1
7844,12,2026-08-24 17:35:27.54884-04,22.485,11.025717,141,3994,1,1
7845,12,2026-08-24 17:35:28.548701-04,22.485,15.994059,141,4024,1,1
7846,12,2026-08-24 17:35:29.550054-04,22.485,14.994144,141,4054,1,1
7847,12,2026-08-24 17:35:30.549408-04,22.484,13.9934,141,4084,1,1
7848,12,2026-08-24 17:35:31.547444-04,22.485,12.99413,141,4114,1,1
7849,12,2026-08-24 17:35:32.546882-04,22.486,11.996326,141,4144,1,1
7850,12,2026-08-24 17:35:33.548072-04,22.48,10.994895,141,4174,1,1
7851,12,2026-08-24 17:35:34.548846-04,22.482,15.991442,141,4204,1,1
7852,12,2026-08-24 17:35:35.547081-04,22.48,14.989041,141,4234,1,1
7853,12,2026-08-24 17:35:36.54996-04,22.479,13.988282,141,4264,1,1
7854,12,2026-08-24 17:35:37.549694-04,22.479,12.987968,141,4294,1,1
7855,12,2026-08-24 17:35:38.559537-04,22.479,11.988738,141,4324,1,1
7856,12,2026-08-24 17:35:39.548788-04,22.47,10.989465,141,4354,1,1
7857,12,2026-08-24 17:35:40.549745-04,22.47,9.989866,141,4384,1,1
7858,12,2026-08-24 17:35:41.546797-04,22.47,8.990524,141,4414,1,1
7859,12,2026-08-24 17:35:42.549741-04,22.472,7.991385,141,4444,1,1
7860,12,2026-08-24 17:35:43.546352-04,22.469,6.988597,141,4474,1,1
7861,12,2026-08-24 17:35:44.545936-04,22.468,12.006103,141,4504,1,1
7862,12,2026-08-24 17:35:45.547213-04,22.463,11.004207,141,4534,1,1
7863,12,2026-08-24 17:35:46.548995-04,22.462,10.00351,141,4564,1,1
7864,12,2026-08-24 17:35:47.54577-04,22.464,9.006145,141,4594,1,1
7865,12,2026-08-24 17:35:48.549411-04,22.465,8.005901,141,4624,1,1
7866,12,2026-08-24 17:35:49.547199-04,22.465,7.006129,141,4654,1,1
7867,12,2026-08-24 17:35:50.547287-04,22.466,12.02432,141,4684,1,1
7868,12,2026-08-24 17:35:51.548859-04,22.458,11.020685,141,4714,1,1
7869,12,2026-08-24 17:35:52.548711-04,22.458,10.020493,141,4744,1,1
7870,12,2026-08-24 17:35:53.549731-04,22.458,9.020476,141,4774,1,1
7871,12,2026-08-24 17:35:54.548213-04,22.458,8.020133,141,4804,1,1
7872,12,2026-08-24 17:35:55.546756-04,22.458,7.021766,141,4834,1,1
7873,12,2026-08-24 17:35:56.546852-04,22.458,12.015699,141,4864,1,1
7874,12,2026-08-24 17:35:57.552154-04,22.475,11.015787,141,4894,1,1
7875,12,2026-08-24 17:35:58.547962-04,22.474,10.015251,141,4924,1,1
7876,12,2026-08-24 17:35:59.548261-04,22.474,9.015575,141,4954,1,1
7877,12,2026-08-24 17:36:00.549184-04,22.474,8.014924,141,4984,1,1
7878,12,2026-08-24 17:36:01.547925-04,22.474,13.03176,141,5014,1,1
7879,12,2026-08-24 17:36:02.547162-04,22.474,12.031787,141,5044,1,1
7880,12,2026-08-24 17:36:03.548332-04,22.49,11.03153,141,5074,1,1
7881,12,2026-08-24 17:36:04.547257-04,22.492,16.000933,141,5104,1,1
7882,12,2026-08-24 17:36:05.547954-04,22.492,15.000996,141,5134,1,1
7883,12,2026-08-24 17:36:06.547314-04,22.492,14.002017,141,5164,1,1
7884,12,2026-08-24 17:36:07.549543-04,22.49,12.999065,141,5194,1,1
7885,12,2026-08-24 17:36:08.5478-04,22.49,12.000782,141,5224,1,1
7886,12,2026-08-24 17:36:09.546525-04,22.484,10.999648,141,5254,1,1
7887,12,2026-08-24 17:36:10.572091-04,22.484,16.015251,141,5284,1,1
7888,12,2026-08-24 17:36:11.548119-04,22.485,15.015819,141,5314,1,1
7889,12,2026-08-24 17:36:12.54868-04,22.485,14.016016,141,5344,1,1
7890,12,2026-08-24 17:36:13.54686-04,22.485,13.016548,141,5374,1,1
7891,12,2026-08-24 17:36:14.547434-04,22.486,12.01775,141,5404,1,1
7892,12,2026-08-24 17:36:15.54803-04,22.474,11.015229,141,5434,1,1
7893,12,2026-08-24 17:36:16.548043-04,22.473,16.008633,141,5464,1,1
7894,12,2026-08-24 17:36:17.547758-04,22.474,15.01034,141,5494,1,1
7895,12,2026-08-24 17:36:18.547839-04,22.474,14.009472,141,5524,1,1
7896,12,2026-08-24 17:36:19.547729-04,22.474,13.010059,141,5554,1,1
7897,12,2026-08-24 17:36:20.545679-04,22.475,12.012321,141,5584,1,1
7898,12,2026-08-24 17:36:21.54801-04,22.469,11.01144,141,5614,1,1
7899,12,2026-08-24 17:36:22.54724-04,22.471,16.028305,141,5644,1,1
7900,12,2026-08-24 17:36:23.546764-04,22.468,15.026626,141,5674,1,1
7901,12,2026-08-24 17:36:24.549561-04,22.468,14.026568,141,5704,1,1
7902,12,2026-08-24 17:36:25.545936-04,22.467,13.024933,141,5734,1,1
7903,12,2026-08-24 17:36:26.546715-04,22.468,12.026185,141,5764,1,1
7904,12,2026-08-24 17:36:27.547151-04,22.485,11.026336,141,5794,1,1
7905,12,2026-08-24 17:36:28.547429-04,22.486,10.027882,141,5824,1,1
7906,12,2026-08-24 17:36:29.546545-04,22.485,9.027469,141,5854,1,1
7907,12,2026-08-24 17:36:30.546824-04,22.487,8.028334,141,5884,1,1
7908,12,2026-08-24 17:36:31.54654-04,22.484,13.02096,141,5914,1,1
7909,12,2026-08-24 17:36:32.545739-04,22.483,12.019972,141,5944,1,1
7910,12,2026-08-24 17:36:33.548281-04,22.479,11.021166,141,5974,1,1
7911,12,2026-08-24 17:36:34.546136-04,22.479,10.01986,141,6004,1,1
7912,12,2026-08-24 17:36:35.547093-04,22.479,9.021208,141,6034,1,1
7913,12,2026-08-24 17:36:36.546172-04,22.478,8.01984,141,6064,1,1
7914,12,2026-08-24 17:36:37.546167-04,22.48,7.023026,141,6094,1,1
7915,12,2026-08-24 17:36:38.552204-04,22.481,12.019316,141,6124,1,1
7916,12,2026-08-24 17:36:39.547489-04,22.474,11.01585,141,6154,1,1
7917,12,2026-08-24 17:36:40.548005-04,22.472,10.014394,141,6184,1,1
7918,12,2026-08-24 17:36:41.546847-04,22.473,9.015531,141,6214,1,1
7919,12,2026-08-24 17:36:42.547525-04,22.473,8.015354,141,6244,1,1
7920,12,2026-08-24 17:36:43.546334-04,22.474,7.016338,141,6274,1,1
7921,12,2026-08-24 17:36:44.545464-04,22.473,6.01665,141,6304,1,1
7922,12,2026-08-24 17:36:45.549037-04,22.491,11.011732,141,6334,1,1
7923,12,2026-08-24 17:36:46.549742-04,22.492,10.012439,141,6364,1,1
7924,12,2026-08-24 17:36:47.548622-04,22.49,9.010619,141,6394,1,1
7925,12,2026-08-24 17:36:48.546688-04,22.488,8.009034,141,6424,1,1
7926,12,2026-08-24 17:36:49.548105-04,22.49,7.010512,141,6454,1,1
7927,12,2026-08-24 17:36:50.548916-04,22.489,12.005587,141,6484,1,1
7928,12,2026-08-24 17:36:51.548171-04,22.522,11.004893,141,6514,1,1
7929,12,2026-08-24 17:36:52.547124-04,22.521,10.004017,141,6544,1,1
7930,12,2026-08-24 17:36:53.54757-04,22.523,9.006249,141,6574,1,1
7931,12,2026-08-24 17:36:54.546471-04,22.524,8.007223,141,6604,1,1
7932,12,2026-08-24 17:36:55.550144-04,22.521,7.004999,141,6634,1,1
7933,12,2026-08-24 17:36:56.544115-04,22.52,12.020823,141,6664,1,1
7934,12,2026-08-24 17:36:57.547677-04,22.479,11.02115,141,6694,1,1
7935,12,2026-08-24 17:36:58.546014-04,22.478,10.021046,141,6724,1,1
7936,12,2026-08-24 17:36:59.546245-04,22.479,9.022046,141,6754,1,1
7937,12,2026-08-24 17:37:00.54724-04,22.479,8.021159,141,6784,1,1
7938,12,2026-08-24 17:37:01.54604-04,22.48,7.022503,141,6814,1,1
7939,12,2026-08-24 17:37:02.54533-04,22.48,11.991386,141,6844,1,1
7940,12,2026-08-24 17:37:03.54765-04,22.473,10.988734,141,6874,1,1
7941,12,2026-08-24 17:37:04.54585-04,22.473,16.004345,141,6904,1,1
7942,12,2026-08-24 17:37:05.549532-04,22.473,15.004881,141,6934,1,1
7943,12,2026-08-24 17:37:06.547517-04,22.473,14.004359,141,6964,1,1
7944,12,2026-08-24 17:37:07.548467-04,22.474,13.005684,141,6994,1,1
7945,12,2026-08-24 17:37:08.54765-04,22.472,12.004565,141,7024,1,1
7946,12,2026-08-24 17:37:09.547289-04,22.461,11.003388,141,7054,1,1
7947,12,2026-08-24 17:37:10.547101-04,22.464,16.022139,141,7084,1,1
7948,12,2026-08-24 17:37:11.54685-04,22.463,15.02151,141,7114,1,1
7949,12,2026-08-24 17:37:12.547599-04,22.461,14.01944,141,7144,1,1
7950,12,2026-08-24 17:37:13.547629-04,22.462,13.020408,141,7174,1,1
7951,12,2026-08-24 17:37:14.54596-04,22.462,12.021302,141,7204,1,1
7952,12,2026-08-24 17:37:15.548016-04,22.458,11.021546,141,7234,1,1
7953,12,2026-08-24 17:37:16.547954-04,22.456,15.987963,141,7264,1,1
7954,12,2026-08-24 17:37:17.547251-04,22.458,14.989631,141,7294,1,1
7955,12,2026-08-24 17:37:18.547277-04,22.459,13.990766,141,7324,1,1
7956,12,2026-08-24 17:37:19.547464-04,22.456,12.987662,141,7354,1,1
7957,12,2026-08-24 17:37:20.549273-04,22.456,11.987545,141,7384,1,1
7958,12,2026-08-24 17:37:21.546427-04,22.473,10.989142,141,7414,1,1
7959,12,2026-08-24 17:37:22.545672-04,22.473,16.005404,141,7444,1,1
7960,12,2026-08-24 17:37:23.545649-04,22.474,15.006301,141,7474,1,1
7961,12,2026-08-24 17:37:24.545963-04,22.473,14.005696,141,7504,1,1
7962,12,2026-08-24 17:37:25.546821-04,22.475,13.006217,141,7534,1,1
7963,12,2026-08-24 17:37:26.54732-04,22.476,12.008577,141,7564,1,1
7964,12,2026-08-24 17:37:27.696036-04,22.462,11.00555,141,7594,1,1
7965,12,2026-08-24 17:37:28.655693-04,22.462,10.003842,141,7624,1,1
7966,12,2026-08-24 17:37:29.546719-04,22.463,14.999367,141,7654,1,1
7967,12,2026-08-24 17:37:30.545807-04,22.462,13.998837,141,7684,1,1
7968,12,2026-08-24 17:37:31.623282-04,22.463,13.00004,141,7714,1,1
7969,12,2026-08-24 17:37:32.546209-04,22.462,11.999603,141,7744,1,1
7970,12,2026-08-24 17:37:33.545693-04,22.458,11.001179,141,7774,1,1
7971,12,2026-08-24 17:37:34.607365-04,22.457,16.016296,141,7804,1,1
7972,12,2026-08-24 17:37:35.547305-04,22.457,15.015239,141,7834,1,1
7973,12,2026-08-24 17:37:36.545183-04,22.456,14.014811,141,7864,1,1
7974,12,2026-08-24 17:37:37.545413-04,22.457,13.015861,141,7894,1,1
7975,12,2026-08-24 17:37:38.562836-04,22.456,12.015456,141,7924,1,1
7976,12,2026-08-24 17:37:39.546125-04,22.473,11.016256,141,7954,1,1
7977,12,2026-08-24 17:37:40.545288-04,22.473,10.016402,141,7984,1,1
7978,12,2026-08-24 17:37:41.549054-04,22.475,9.016691,141,8014,1,1
7979,12,2026-08-24 17:37:42.545961-04,22.475,8.018535,141,8044,1,1
7980,12,2026-08-24 17:37:43.547948-04,22.472,7.01533,141,8074,1,1
7981,12,2026-08-24 17:37:44.546183-04,22.472,12.009576,141,8104,1,1
7982,12,2026-08-24 17:37:45.546013-04,22.467,11.010485,141,8134,1,1
7983,12,2026-08-24 17:37:46.549424-04,22.467,10.009346,141,8164,1,1
7984,12,2026-08-24 17:37:47.552309-04,22.468,9.010622,141,8194,1,1
7985,12,2026-08-24 17:37:48.546015-04,22.468,8.010827,141,8224,1,1
7986,12,2026-08-24 17:37:49.544922-04,22.469,7.011334,141,8254,1,1
7987,12,2026-08-24 17:37:50.544167-04,22.47,12.008752,141,8284,1,1
7988,12,2026-08-24 17:37:51.546689-04,22.483,11.005282,141,8314,1,1
7989,12,2026-08-24 17:37:52.545342-04,22.482,10.00388,141,8344,1,1
7990,12,2026-08-24 17:37:53.545808-04,22.483,9.00509,141,8374,1,1
7991,12,2026-08-24 17:37:54.545258-04,22.482,13.998916,141,8404,1,1
7992,12,2026-08-24 17:37:55.546308-04,22.484,12.999894,141,8434,1,1
7993,12,2026-08-24 17:37:56.546807-04,22.484,12.001163,141,8464,1,1
7994,12,2026-08-24 17:37:57.54525-04,22.458,11.001144,141,8494,1,1
7995,12,2026-08-24 17:37:58.545634-04,22.46,10.00182,141,8524,1,1
7996,12,2026-08-24 17:37:59.54635-04,22.457,8.999968,141,8554,1,1
7997,12,2026-08-24 17:38:00.545564-04,22.455,7.998316,141,8584,1,1
7998,12,2026-08-24 17:38:01.545572-04,22.457,6.999748,141,8614,1,1
7999,12,2026-08-24 17:38:02.545117-04,22.456,12.016482,141,8644,1,1
8000,12,2026-08-24 17:38:03.546283-04,22.474,11.015866,141,8674,1,1
8001,12,2026-08-24 17:38:04.54777-04,22.473,10.01599,141,8704,1,1
8002,12,2026-08-24 17:38:05.546426-04,22.474,9.016874,141,8734,1,1
8003,12,2026-08-24 17:38:06.545312-04,22.475,8.018046,141,8764,1,1
8004,13,2026-08-24 17:40:17.987961-04,26.702,5.333011,0,23,1,1.05
8005,13,2026-08-24 17:40:18.98434-04,26.652,10.278934,0,54,1,1.05
8006,13,2026-08-24 17:40:19.98345-04,26.606,15.249903,0,86,1,1.05
8007,13,2026-08-24 17:40:20.987751-04,26.548,14.190379,0,117,1,1.05
8008,13,2026-08-24 17:40:21.984541-04,26.501,19.118418,0,149,1,1.05
8009,13,2026-08-24 17:40:22.986164-04,26.451,18.067379,0,180,1,1.05
8010,13,2026-08-24 17:40:23.9856-04,26.421,17.021534,0,212,1,1.05
8011,13,2026-08-24 17:40:24.98492-04,26.364,15.964096,0,243,1,1.05
8012,13,2026-08-24 17:40:25.985184-04,26.317,14.917711,0,275,1,1.05
8013,13,2026-08-24 17:40:26.984963-04,26.267,13.867871,0,306,1,1.05
8014,13,2026-08-24 17:40:27.987499-04,26.222,18.838202,0,338,1,1.05
8015,13,2026-08-24 17:40:28.987099-04,26.158,17.779324,0,369,1,1.05
8016,13,2026-08-24 17:40:29.996455-04,26.111,16.733215,0,401,1,1.05
8017,13,2026-08-24 17:40:30.988706-04,26.061,15.683015,0,432,1,1.05
8018,13,2026-08-24 17:40:31.986314-04,26.016,14.638334,0,464,1,1.05
8019,13,2026-08-24 17:40:32.98651-04,25.958,13.579673,0,495,1,1.05
8020,13,2026-08-24 17:40:33.985779-04,25.912,12.53347,0,527,1,1.05
8021,13,2026-08-24 17:40:34.987271-04,25.857,11.484561,0,558,1,1.05
8022,13,2026-08-24 17:40:35.985564-04,25.811,10.438481,0,590,1,1.05
8023,13,2026-08-24 17:40:36.985242-04,25.753,9.379977,0,621,1,1.05
8024,13,2026-08-24 17:40:37.995035-04,25.705,14.34933,0,653,1,1.05
8025,13,2026-08-24 17:40:38.988216-04,25.656,13.298843,0,684,1,1.05
8026,13,2026-08-24 17:40:39.987118-04,25.61,12.253857,0,716,1,1.05
8027,13,2026-08-24 17:40:40.986671-04,25.547,11.19484,0,747,1,1.05
8028,13,2026-08-24 17:40:41.984592-04,25.501,10.149535,0,779,1,1.05
8029,13,2026-08-24 17:40:42.985466-04,25.454,9.102469,0,810,1,1.05
8030,13,2026-08-24 17:40:43.985738-04,25.405,8.054988,0,842,1,1.05
8031,13,2026-08-24 17:40:44.985576-04,25.347,12.963781,0,873,1,1.05
8032,13,2026-08-24 17:40:45.985601-04,25.301,11.91748,0,905,1,1.05
8033,13,2026-08-24 17:40:46.986721-04,25.267,10.867615,0,936,1,1.05
8034,13,2026-08-24 17:40:47.985716-04,25.22,9.820782,0,968,1,1.05
8035,13,2026-08-24 17:40:48.984605-04,25.163,8.763739,0,999,1,1.05
8036,13,2026-08-24 17:40:49.985914-04,25.117,7.718251,0,1031,1,1.05
8037,13,2026-08-24 17:40:50.984229-04,25.07,12.665191,0,1062,1,1.05
8038,13,2026-08-24 17:40:51.983996-04,25.064,11.617388,0,1094,1,1.05
8039,13,2026-08-24 17:40:52.987721-04,25.006,10.558328,0,1125,1,1.05
8040,13,2026-08-24 17:40:53.98492-04,24.959,9.511812,0,1157,1,1.05
8041,13,2026-08-24 17:40:54.985746-04,24.91,8.462218,0,1188,1,1.05
8042,13,2026-08-24 17:40:55.985512-04,24.863,7.416223,0,1220,1,1.05
8043,13,2026-08-24 17:40:56.986651-04,24.805,12.373822,0,1251,1,1.05
8044,13,2026-08-24 17:40:57.98561-04,24.701,11.328281,0,1283,1,1.05
8045,13,2026-08-24 17:40:58.986802-04,24.652,10.279037,0,1314,1,1.05
8046,13,2026-08-24 17:40:59.986713-04,24.604,9.232365,0,1346,1,1.05
8047,13,2026-08-24 17:41:00.985031-04,24.547,8.174826,0,1377,1,1.05
8048,13,2026-08-24 17:41:01.996154-04,24.5,7.129358,0,1409,1,1.05
8049,13,2026-08-24 17:41:02.986902-04,24.45,12.072317,0,1440,1,1.05
8050,13,2026-08-24 17:41:03.988715-04,24.399,11.026485,0,1472,1,1.05
8051,13,2026-08-24 17:41:04.986826-04,24.341,9.96907,0,1503,1,1.05
8052,13,2026-08-24 17:41:05.985262-04,24.294,8.923037,0,1535,1,1.05
8053,13,2026-08-24 17:41:06.991677-04,24.246,13.889507,0,1566,1,1.05
8054,13,2026-08-24 17:41:07.986319-04,24.2,12.84388,0,1598,1,1.05
8055,13,2026-08-24 17:41:08.986226-04,24.158,11.785961,0,1629,1,1.05
8056,13,2026-08-24 17:41:09.987463-04,24.111,16.732613,0,1661,1,1.05
8057,13,2026-08-24 17:41:10.988029-04,24.061,15.683691,0,1692,1,1.05
8058,13,2026-08-24 17:41:11.985809-04,24.015,14.637431,0,1724,1,1.05
8059,13,2026-08-24 17:41:12.984558-04,23.957,13.579903,0,1755,1,1.05
8060,13,2026-08-24 17:41:13.983095-04,23.911,12.533854,0,1787,1,1.05
8061,13,2026-08-24 17:41:14.985454-04,23.857,11.484955,0,1818,1,1.05
8062,13,2026-08-24 17:41:15.984663-04,23.809,16.43127,0,1850,1,1.05
8063,13,2026-08-24 17:41:16.984339-04,23.752,15.37397,0,1881,1,1.05
8064,13,2026-08-24 17:41:17.985275-04,23.706,14.327654,0,1913,1,1.05
8065,13,2026-08-24 17:41:18.984761-04,23.656,13.277637,0,1944,1,1.05
8066,13,2026-08-24 17:41:19.98265-04,23.61,12.23292,0,1976,1,1.05
8067,13,2026-08-24 17:41:20.984554-04,23.547,11.173937,0,2007,1,1.05
8068,13,2026-08-24 17:41:21.986795-04,23.5,16.143593,0,2039,1,1.05
8069,13,2026-08-24 17:41:22.983966-04,23.451,15.096392,0,2070,1,1.05
8070,13,2026-08-24 17:41:23.98864-04,23.404,14.047132,0,2102,1,1.05
8071,13,2026-08-24 17:41:24.989055-04,23.381,13.023746,0,2132,1,1
8072,13,2026-08-24 17:41:25.985828-04,23.38,12.025312,0,2163,1,1
8073,13,2026-08-24 17:41:26.986976-04,23.394,11.021331,0,2193,1,1
8074,13,2026-08-24 17:41:27.988408-04,23.394,16.016209,0,2223,1,1
8075,13,2026-08-24 17:41:28.98672-04,23.395,15.016456,0,2253,1,1
8076,13,2026-08-24 17:41:30.067641-04,23.394,14.009224,0,2283,1,1
8077,13,2026-08-24 17:41:30.986418-04,23.395,13.016386,0,2313,1,1
8078,13,2026-08-24 17:41:31.985838-04,23.396,12.020041,0,2343,1,1
8079,13,2026-08-24 17:41:32.984688-04,23.391,11.019169,0,2373,1,1
8080,13,2026-08-24 17:41:33.984162-04,23.391,10.019249,0,2403,1,1
8081,13,2026-08-24 17:41:34.984138-04,23.388,15.032628,0,2433,1,1
8082,13,2026-08-24 17:41:35.986232-04,23.388,14.032231,0,2463,1,1
8083,13,2026-08-24 17:41:36.986838-04,23.389,13.032713,0,2493,1,1
8084,13,2026-08-24 17:41:37.985266-04,23.39,12.035496,0,2523,1,1
8085,13,2026-08-24 17:41:38.985773-04,23.406,11.034214,0,2553,1,1
8086,13,2026-08-24 17:41:39.98494-04,23.407,16.003353,0,2583,1,1
8087,13,2026-08-24 17:41:40.987085-04,23.407,15.002929,0,2613,1,1
8088,13,2026-08-24 17:41:41.988149-04,23.406,14.001927,0,2643,1,1
8089,13,2026-08-24 17:41:42.984445-04,23.405,13.000805,0,2673,1,1
8090,13,2026-08-24 17:41:43.984158-04,23.405,12.000762,0,2703,1,1
8091,13,2026-08-24 17:41:44.984979-04,23.4,11.001166,0,2733,1,1
8092,13,2026-08-24 17:41:45.985497-04,23.401,10.002185,0,2763,1,1
8093,13,2026-08-24 17:41:46.985528-04,23.401,9.002501,0,2793,1,1
8094,13,2026-08-24 17:41:47.987518-04,23.401,8.002211,0,2823,1,1
8095,13,2026-08-24 17:41:48.986861-04,23.4,7.000631,0,2853,1,1
8096,13,2026-08-24 17:41:49.992601-04,23.402,6.003502,0,2883,1,1
8097,13,2026-08-24 17:41:50.983479-04,23.388,5.000682,0,2913,1,1
8098,13,2026-08-24 17:41:51.984246-04,23.389,10.016742,0,2943,1,1
8099,13,2026-08-24 17:41:52.984932-04,23.389,9.01677,0,2973,1,1
8100,13,2026-08-24 17:41:53.984644-04,23.391,8.018815,0,3003,1,1
8101,13,2026-08-24 17:41:54.987473-04,23.39,7.018751,0,3033,1,1
8102,13,2026-08-24 17:41:55.985241-04,23.39,6.018677,0,3063,1,1
8103,13,2026-08-24 17:41:56.984841-04,23.439,11.013382,0,3093,1,1
8104,13,2026-08-24 17:41:57.991006-04,23.438,16.028969,0,3123,1,1
8105,13,2026-08-24 17:41:58.985383-04,23.437,15.027339,0,3153,1,1
8106,13,2026-08-24 17:41:59.984806-04,23.437,14.027361,0,3183,1,1
8107,13,2026-08-24 17:42:00.985032-04,23.437,13.027251,0,3213,1,1
8108,13,2026-08-24 17:42:01.986149-04,23.438,12.030011,0,3243,1,1
8109,13,2026-08-24 17:42:02.984344-04,23.399,11.027177,0,3273,1,1
8110,13,2026-08-24 17:42:03.984343-04,23.401,10.028885,0,3303,1,1
8111,13,2026-08-24 17:42:04.985578-04,23.401,9.029463,0,3333,1,1
8112,13,2026-08-24 17:42:05.985525-04,23.401,8.02926,0,3363,1,1
8113,13,2026-08-24 17:42:06.984347-04,23.399,7.027269,0,3393,1,1
8114,13,2026-08-24 17:42:07.987003-04,23.398,6.026595,0,3423,1,1
8115,13,2026-08-24 17:42:08.985693-04,23.394,5.027334,0,3453,1,1
8116,13,2026-08-24 17:42:09.98416-04,23.395,10.023626,0,3483,1,1
8117,13,2026-08-24 17:42:11.035871-04,23.394,9.022336,0,3513,1,1
8118,13,2026-08-24 17:42:11.984079-04,23.395,8.023556,0,3543,1,1
8119,13,2026-08-24 17:42:12.986416-04,23.396,7.02373,0,3573,1,1
8120,13,2026-08-24 17:42:13.985423-04,23.397,6.024899,0,3603,1,1
8121,13,2026-08-24 17:42:14.98545-04,23.436,5.021707,0,3633,1,1
8122,13,2026-08-24 17:42:15.98561-04,23.436,10.017093,0,3663,1,1
8123,13,2026-08-24 17:42:16.986651-04,23.437,9.01734,0,3693,1,1
8124,13,2026-08-24 17:42:17.986773-04,23.438,8.017969,0,3723,1,1
8125,13,2026-08-24 17:42:18.988188-04,23.437,7.017456,0,3753,1,1
8126,13,2026-08-24 17:42:19.984787-04,23.438,6.01873,0,3783,1,1
8127,13,2026-08-24 17:42:20.985685-04,23.405,5.017214,0,3813,1,1
8128,13,2026-08-24 17:42:21.985409-04,23.406,10.013002,0,3843,1,1
8129,13,2026-08-24 17:42:22.983569-04,23.404,9.011462,0,3873,1,1
8130,13,2026-08-24 17:42:23.985674-04,23.404,8.011043,0,3903,1,1
8131,13,2026-08-24 17:42:24.98625-04,23.405,13.028094,0,3933,1,1
8132,13,2026-08-24 17:42:25.989869-04,23.406,12.029748,0,3963,1,1
8133,13,2026-08-24 17:42:26.984955-04,23.401,11.029129,0,3993,1,1
8134,13,2026-08-24 17:42:27.985057-04,23.4,15.99688,0,4023,1,1
8135,13,2026-08-24 17:42:28.985071-04,23.401,14.998294,0,4053,1,1
8136,13,2026-08-24 17:42:29.982737-04,23.401,13.997673,0,4083,1,1
8137,13,2026-08-24 17:42:30.984437-04,23.399,12.995716,0,4113,1,1
8138,13,2026-08-24 17:42:31.983234-04,23.399,11.995949,0,4143,1,1
8139,13,2026-08-24 17:42:32.983919-04,23.394,10.996119,0,4173,1,1
8140,13,2026-08-24 17:42:33.983543-04,23.396,15.991906,0,4203,1,1
8141,13,2026-08-24 17:42:34.983805-04,23.395,14.990853,0,4233,1,1
8142,13,2026-08-24 17:42:35.983088-04,23.394,13.991585,0,4263,1,1
8143,13,2026-08-24 17:42:36.984065-04,23.396,12.99235,0,4293,1,1
8144,13,2026-08-24 17:42:37.991403-04,23.396,11.992748,0,4323,1,1
8145,13,2026-08-24 17:42:38.984731-04,23.383,10.989388,0,4353,1,1
8146,13,2026-08-24 17:42:39.983724-04,23.382,9.99004,0,4383,1,1
8147,13,2026-08-24 17:42:40.984403-04,23.383,8.990084,0,4413,1,1
8148,13,2026-08-24 17:42:41.983471-04,23.384,7.992091,0,4443,1,1
8149,13,2026-08-24 17:42:42.984397-04,23.384,6.991405,0,4473,1,1
8150,13,2026-08-24 17:42:43.986033-04,23.384,12.007585,0,4503,1,1
8151,13,2026-08-24 17:42:44.984011-04,23.379,11.008406,0,4533,1,1
8152,13,2026-08-24 17:42:45.984739-04,23.38,10.008787,0,4563,1,1
8153,13,2026-08-24 17:42:46.988682-04,23.377,9.005916,0,4593,1,1
8154,13,2026-08-24 17:42:47.985976-04,23.377,8.005163,0,4623,1,1
8155,13,2026-08-24 17:42:48.983836-04,23.378,7.006421,0,4653,1,1
8156,13,2026-08-24 17:42:49.98924-04,23.38,6.008796,0,4683,1,1
8157,13,2026-08-24 17:42:50.983754-04,23.374,11.024202,0,4713,1,1
8158,13,2026-08-24 17:42:51.986125-04,23.373,10.023611,0,4743,1,1
8159,13,2026-08-24 17:42:52.984635-04,23.373,9.022079,0,4773,1,1
8160,13,2026-08-24 17:42:53.984074-04,23.374,8.024749,0,4803,1,1
8161,13,2026-08-24 17:42:54.983886-04,23.372,7.022151,0,4833,1,1
8162,13,2026-08-24 17:42:55.984919-04,23.372,12.016861,0,4863,1,1
8163,13,2026-08-24 17:42:56.985055-04,23.436,11.016154,0,4893,1,1
8164,13,2026-08-24 17:42:57.986386-04,23.438,10.018971,0,4923,1,1
8165,13,2026-08-24 17:42:58.984025-04,23.435,9.01658,0,4953,1,1
8166,13,2026-08-24 17:42:59.9846-04,23.437,8.017447,0,4983,1,1
8167,13,2026-08-24 17:43:00.983224-04,23.437,13.03301,0,5013,1,1
8168,13,2026-08-24 17:43:01.983505-04,23.439,12.03588,0,5043,1,1
8169,13,2026-08-24 17:43:02.991541-04,23.404,11.032807,0,5073,1,1
8170,13,2026-08-24 17:43:03.984669-04,23.403,16.000553,0,5103,1,1
8171,13,2026-08-24 17:43:04.984899-04,23.403,15.000308,0,5133,1,1
8172,13,2026-08-24 17:43:05.984782-04,23.406,14.002799,0,5163,1,1
8173,13,2026-08-24 17:43:06.984094-04,23.405,13.002419,0,5193,1,1
8174,13,2026-08-24 17:43:08.000071-04,23.405,12.003371,0,5223,1,1
8175,13,2026-08-24 17:43:08.984333-04,23.401,11.003301,0,5253,1,1
8176,13,2026-08-24 17:43:09.987825-04,23.401,16.018856,0,5283,1,1
8177,13,2026-08-24 17:43:10.984726-04,23.398,15.016712,0,5313,1,1
8178,13,2026-08-24 17:43:11.985002-04,23.398,14.016435,0,5343,1,1
8179,13,2026-08-24 17:43:12.983793-04,23.399,13.01728,0,5373,1,1
8180,13,2026-08-24 17:43:13.984603-04,23.4,12.019636,0,5403,1,1
8181,13,2026-08-24 17:43:14.983326-04,23.389,11.01856,0,5433,1,1
8182,13,2026-08-24 17:43:15.986449-04,23.389,16.012213,0,5463,1,1
8183,13,2026-08-24 17:43:16.983775-04,23.39,15.014331,0,5493,1,1
8184,13,2026-08-24 17:43:17.983489-04,23.391,14.01463,0,5523,1,1
8185,13,2026-08-24 17:43:18.982774-04,23.388,13.011511,0,5553,1,1
8186,13,2026-08-24 17:43:19.984357-04,23.388,12.011667,0,5583,1,1
8187,13,2026-08-24 17:43:20.983552-04,23.382,11.011526,0,5613,1,1
8188,13,2026-08-24 17:43:21.983227-04,23.384,16.02958,0,5643,1,1
8189,13,2026-08-24 17:43:22.983005-04,23.383,15.029269,0,5673,1,1
8190,13,2026-08-24 17:43:23.982551-04,23.384,14.028859,0,5703,1,1
8191,13,2026-08-24 17:43:24.983585-04,23.384,13.029328,0,5733,1,1
8192,13,2026-08-24 17:43:25.982582-04,23.385,12.030354,0,5763,1,1
8193,13,2026-08-24 17:43:26.983496-04,23.398,11.02701,0,5793,1,1
8194,13,2026-08-24 17:43:27.982754-04,23.398,10.027336,0,5823,1,1
8195,13,2026-08-24 17:43:28.982504-04,23.398,9.02827,0,5853,1,1
8196,13,2026-08-24 17:43:29.983432-04,23.398,8.02853,0,5883,1,1
8197,13,2026-08-24 17:43:30.983202-04,23.398,13.022843,0,5913,1,1
8198,13,2026-08-24 17:43:31.983535-04,23.399,12.023922,0,5943,1,1
8199,13,2026-08-24 17:43:32.982953-04,23.396,11.024778,0,5973,1,1
8200,13,2026-08-24 17:43:33.983806-04,23.394,10.023208,0,6003,1,1
8201,13,2026-08-24 17:43:34.98363-04,23.392,9.021518,0,6033,1,1
8202,13,2026-08-24 17:43:35.983197-04,23.393,8.022123,0,6063,1,1
8203,13,2026-08-24 17:43:36.984517-04,23.393,7.022195,0,6093,1,1
8204,13,2026-08-24 17:43:37.98204-04,23.395,6.024857,0,6122,1,1
8205,13,2026-08-24 17:43:38.983133-04,23.39,11.01869,0,6152,1,1
8206,13,2026-08-24 17:43:39.983691-04,23.389,10.017717,0,6182,1,1
8207,13,2026-08-24 17:43:40.983701-04,23.391,9.019677,0,6212,1,1
8208,13,2026-08-24 17:43:41.983125-04,23.39,8.019442,0,6242,1,1
8209,13,2026-08-24 17:43:42.982739-04,23.387,7.016934,0,6272,1,1
8210,13,2026-08-24 17:43:43.982165-04,23.388,6.017731,0,6302,1,1
8211,13,2026-08-24 17:43:44.983-04,23.436,11.012177,0,6332,1,1
8212,13,2026-08-24 17:43:45.985226-04,23.437,10.012868,0,6362,1,1
8213,13,2026-08-24 17:43:46.983357-04,23.437,9.012816,0,6392,1,1
8214,13,2026-08-24 17:43:47.981397-04,23.436,8.012093,0,6422,1,1
8215,13,2026-08-24 17:43:48.982599-04,23.437,7.012858,0,6452,1,1
8216,13,2026-08-24 17:43:49.981761-04,23.438,6.014608,0,6482,1,1
8217,13,2026-08-24 17:43:50.9836-04,23.397,11.006185,0,6512,1,1
8218,13,2026-08-24 17:43:51.982845-04,23.398,10.00591,0,6542,1,1
8219,13,2026-08-24 17:43:52.982698-04,23.399,9.006684,0,6572,1,1
8220,13,2026-08-24 17:43:53.982219-04,23.4,8.007579,0,6602,1,1
8221,13,2026-08-24 17:43:54.983772-04,23.399,7.006507,0,6632,1,1
8222,13,2026-08-24 17:43:55.984536-04,23.4,6.008476,0,6662,1,1
8223,13,2026-08-24 17:43:56.983355-04,23.395,11.024518,0,6692,1,1
8224,13,2026-08-24 17:43:57.985349-04,23.395,10.024268,0,6722,1,1
8225,13,2026-08-24 17:43:58.98298-04,23.393,9.02193,0,6752,1,1
8226,13,2026-08-24 17:43:59.983544-04,23.392,8.021556,0,6782,1,1
8227,13,2026-08-24 17:44:00.985277-04,23.393,7.022282,0,6812,1,1
8228,13,2026-08-24 17:44:01.983594-04,23.395,6.0251,0,6842,1,1
8229,13,2026-08-24 17:44:02.983312-04,23.387,10.989517,0,6872,1,1
8230,13,2026-08-24 17:44:03.983743-04,23.387,16.005594,0,6902,1,1
8231,13,2026-08-24 17:44:04.985088-04,23.39,15.008122,0,6932,1,1
8232,13,2026-08-24 17:44:05.985789-04,23.39,14.008329,0,6962,1,1
8233,13,2026-08-24 17:44:06.986351-04,23.387,13.005627,0,6992,1,1
8234,13,2026-08-24 17:44:07.984384-04,23.387,12.007538,0,7022,1,1
8235,13,2026-08-24 17:44:08.983631-04,23.404,11.007705,0,7052,1,1
8236,13,2026-08-24 17:44:09.98431-04,23.405,16.023426,0,7082,1,1
8237,13,2026-08-24 17:44:10.9834-04,23.404,15.023974,0,7112,1,1
8238,13,2026-08-24 17:44:11.983763-04,23.405,14.023597,0,7142,1,1
8239,13,2026-08-24 17:44:12.98636-04,23.406,13.02412,0,7172,1,1
8240,13,2026-08-24 17:44:13.983078-04,23.405,12.024559,0,7202,1,1
8241,13,2026-08-24 17:44:14.983524-04,23.371,11.021897,0,7232,1,1
8242,13,2026-08-24 17:44:15.983744-04,23.372,15.99024,0,7262,1,1
8243,13,2026-08-24 17:44:16.982897-04,23.372,14.990469,0,7292,1,1
8244,13,2026-08-24 17:44:17.982207-04,23.373,13.992175,0,7322,1,1
8245,13,2026-08-24 17:44:18.982166-04,23.373,12.991373,0,7352,1,1
8246,13,2026-08-24 17:44:19.985397-04,23.373,11.992156,0,7382,1,1
8247,13,2026-08-24 17:44:20.987032-04,23.39,10.99212,0,7412,1,1
8248,13,2026-08-24 17:44:21.983793-04,23.388,16.007843,0,7442,1,1
8249,13,2026-08-24 17:44:22.983595-04,23.387,15.005929,0,7472,1,1
8250,13,2026-08-24 17:44:23.983759-04,23.386,14.005923,0,7502,1,1
8251,13,2026-08-24 17:44:24.98567-04,23.388,13.006653,0,7532,1,1
8252,13,2026-08-24 17:44:25.985335-04,23.377,12.00463,0,7562,1,1
8253,13,2026-08-24 17:44:26.985335-04,23.377,11.005761,0,7592,1,1
8254,13,2026-08-24 17:44:27.985021-04,23.378,10.007367,0,7622,1,1
8255,13,2026-08-24 17:44:28.98232-04,23.379,15.003507,0,7652,1,1
8256,13,2026-08-24 17:44:29.982559-04,23.379,14.002719,0,7682,1,1
8257,13,2026-08-24 17:44:30.98252-04,23.376,13.000887,0,7712,1,1
8258,13,2026-08-24 17:44:31.985349-04,23.371,12.001268,0,7742,1,1
8259,13,2026-08-24 17:44:32.983216-04,23.372,11.001683,0,7772,1,1
8260,13,2026-08-24 17:44:33.982418-04,23.371,16.01759,0,7802,1,1
8261,13,2026-08-24 17:44:34.982585-04,23.371,15.016005,0,7832,1,1
8262,13,2026-08-24 17:44:35.982605-04,23.373,14.018053,0,7862,1,1
8263,13,2026-08-24 17:44:36.982624-04,23.373,13.018233,0,7892,1,1
8264,13,2026-08-24 17:44:37.98702-04,23.373,12.020408,0,7922,1,1
8265,13,2026-08-24 17:44:38.982413-04,23.386,11.016553,0,7952,1,1
8266,13,2026-08-24 17:44:39.982526-04,23.387,10.017154,0,7982,1,1
8267,13,2026-08-24 17:44:40.982132-04,23.388,9.018026,0,8012,1,1
8268,13,2026-08-24 17:44:41.982981-04,23.388,8.017153,0,8042,1,1
8269,13,2026-08-24 17:44:42.983546-04,23.389,7.018703,0,8072,1,1
8270,13,2026-08-24 17:44:43.981445-04,23.388,12.014262,0,8102,1,1
8271,13,2026-08-24 17:44:44.983958-04,23.384,11.013782,0,8132,1,1
8272,13,2026-08-24 17:44:45.984717-04,23.383,10.012295,0,8162,1,1
8273,13,2026-08-24 17:44:46.982192-04,23.382,9.011669,0,8192,1,1
8274,13,2026-08-24 17:44:47.982604-04,23.381,8.011256,0,8222,1,1
8275,13,2026-08-24 17:44:48.982456-04,23.382,7.012324,0,8252,1,1
8276,13,2026-08-24 17:44:49.981704-04,23.382,6.012964,0,8282,1,1
8277,13,2026-08-24 17:44:50.983637-04,23.398,11.006628,0,8312,1,1
8278,13,2026-08-24 17:44:51.982798-04,23.398,10.006613,0,8342,1,1
8279,13,2026-08-24 17:44:52.982951-04,23.4,9.008874,0,8372,1,1
8280,13,2026-08-24 17:44:53.982433-04,23.4,14.002098,0,8402,1,1
8281,13,2026-08-24 17:44:54.982475-04,23.397,13.000317,0,8432,1,1
8282,13,2026-08-24 17:44:55.981766-04,23.398,12.002025,0,8462,1,1
8283,13,2026-08-24 17:44:56.984766-04,23.435,11.0013,0,8492,1,1
8284,13,2026-08-24 17:44:57.982687-04,23.435,10.001304,0,8522,1,1
8285,13,2026-08-24 17:44:58.983716-04,23.436,9.002341,0,8552,1,1
8286,13,2026-08-24 17:44:59.981951-04,23.437,8.00272,0,8582,1,1
8287,13,2026-08-24 17:45:00.983677-04,23.438,7.003159,0,8612,1,1
8288,13,2026-08-24 17:45:01.982434-04,23.438,12.020686,0,8642,1,1
8289,13,2026-08-24 17:45:02.983074-04,23.386,11.016207,0,8672,1,1
8290,13,2026-08-24 17:45:03.985372-04,23.387,10.017671,0,8702,1,1
8291,13,2026-08-24 17:45:04.98335-04,23.388,9.017956,0,8732,1,1
8292,14,2026-08-24 17:46:50.316335-04,25.114,5.371194,1,23,1,1.05
8293,14,2026-08-24 17:46:51.316843-04,25.066,10.319266,3,54,1,1.05
8294,14,2026-08-24 17:46:52.312268-04,25.019,9.270685,4,86,1,1.05
8295,14,2026-08-24 17:46:53.313537-04,24.971,14.239637,8,117,1,1.05
8296,14,2026-08-24 17:46:54.319551-04,24.914,13.182659,10,149,1,1.05
8297,14,2026-08-24 17:46:55.315063-04,24.866,18.107319,12,180,1,1.05
8298,14,2026-08-24 17:46:56.316038-04,24.834,17.059626,14,211,1,1.05
8299,14,2026-08-24 17:46:57.314562-04,24.786,16.011917,17,243,1,1.05
8300,14,2026-08-24 17:46:58.316154-04,24.73,14.956502,19,275,1,1.05
8301,14,2026-08-24 17:46:59.31436-04,24.684,13.908898,21,306,1,1.05
8302,14,2026-08-24 17:47:00.314514-04,24.635,12.86014,22,338,1,1.05
8303,14,2026-08-24 17:47:01.315752-04,24.582,17.82966,25,369,1,1.05
8304,14,2026-08-24 17:47:02.314928-04,24.526,16.772346,27,401,1,1.05
8305,14,2026-08-24 17:47:03.315643-04,24.477,15.724215,29,432,1,1.05
8306,14,2026-08-24 17:47:04.314482-04,24.429,14.675636,32,463,1,1.05
8307,14,2026-08-24 17:47:05.315623-04,24.382,13.627709,36,495,1,1.05
8308,14,2026-08-24 17:47:06.314538-04,24.324,12.57111,38,527,1,1.05
8309,14,2026-08-24 17:47:07.314396-04,24.273,11.524927,40,558,1,1.05
8310,14,2026-08-24 17:47:08.313544-04,24.224,10.476091,41,590,1,1.05
8311,14,2026-08-24 17:47:09.314614-04,24.176,9.428609,45,621,1,1.05
8312,14,2026-08-24 17:47:10.318604-04,24.12,8.372162,46,653,1,1.05
8313,14,2026-08-24 17:47:11.313406-04,24.071,13.339656,48,684,1,1.05
8314,14,2026-08-24 17:47:12.314444-04,24.023,12.290663,49,715,1,1.05
8315,14,2026-08-24 17:47:13.314439-04,23.97,11.243482,52,747,1,1.05
8316,14,2026-08-24 17:47:14.314425-04,23.914,10.187445,54,779,1,1.05
8317,14,2026-08-24 17:47:15.314459-04,23.867,9.140923,56,810,1,1.05
8318,14,2026-08-24 17:47:16.311983-04,23.819,8.093618,57,842,1,1.05
8319,14,2026-08-24 17:47:17.314603-04,23.771,7.044382,60,873,1,1.05
8320,14,2026-08-24 17:47:18.312728-04,23.715,11.95725,62,905,1,1.05
8321,14,2026-08-24 17:47:19.314616-04,23.725,10.907859,64,936,1,1.05
8322,14,2026-08-24 17:47:20.315989-04,23.675,9.858074,65,967,1,1.05
8323,14,2026-08-24 17:47:21.355852-04,23.629,8.811699,68,999,1,1.05
8324,14,2026-08-24 17:47:22.313908-04,23.572,7.756267,70,1031,1,1.05
8325,14,2026-08-24 17:47:23.313992-04,23.527,6.709497,72,1062,1,1.05
8326,14,2026-08-24 17:47:24.313751-04,23.449,5.658678,73,1094,1,1.05
8327,14,2026-08-24 17:47:25.313555-04,23.403,10.608106,77,1125,1,1.05
8328,14,2026-08-24 17:47:26.313953-04,23.347,9.551209,79,1157,1,1.05
8329,14,2026-08-24 17:47:27.315565-04,23.298,8.502364,81,1188,1,1.05
8330,14,2026-08-24 17:47:28.318478-04,23.25,7.454097,82,1220,1,1.05
8331,14,2026-08-24 17:47:29.314442-04,23.203,6.4074,85,1251,1,1.05
8332,14,2026-08-24 17:47:30.316552-04,23.112,5.348253,87,1283,1,1.05
8333,14,2026-08-24 17:47:31.315161-04,23.066,4.302274,89,1314,1,1.05
8334,14,2026-08-24 17:47:32.31512-04,23.019,9.270763,90,1346,1,1.05
8335,14,2026-08-24 17:47:33.315522-04,22.971,8.223111,93,1377,1,1.05
8336,14,2026-08-24 17:47:34.314832-04,22.915,7.166221,95,1409,1,1.05
8337,14,2026-08-24 17:47:35.314132-04,22.867,6.118789,97,1440,1,1.05
8338,14,2026-08-24 17:47:36.314483-04,22.811,5.068997,98,1472,1,1.05
8339,14,2026-08-24 17:47:37.314469-04,22.765,4.02295,102,1503,1,1.05
8340,14,2026-08-24 17:47:38.316628-04,22.708,2.965216,103,1535,1,1.05
8341,14,2026-08-24 17:47:39.31566-04,22.661,7.912798,105,1566,1,1.05
8342,14,2026-08-24 17:47:40.318927-04,22.612,6.864677,106,1598,1,1.05
8343,14,2026-08-24 17:47:41.311253-04,22.581,5.819596,110,1629,1,1.05
8344,14,2026-08-24 17:47:42.313715-04,22.525,4.762647,112,1661,1,1.05
8345,14,2026-08-24 17:47:43.315076-04,22.477,3.712827,114,1692,1,1.05
8346,14,2026-08-24 17:47:44.313695-04,22.428,8.681636,115,1723,1,1.05
8347,14,2026-08-24 17:47:45.314649-04,22.381,13.627643,118,1755,1,1.05
8348,14,2026-08-24 17:47:46.312078-04,22.324,12.572131,119,1787,1,1.05
8349,14,2026-08-24 17:47:47.313034-04,22.273,11.524856,121,1818,1,1.05
8350,14,2026-08-24 17:47:48.315107-04,22.222,10.474344,122,1850,1,1.05
8351,14,2026-08-24 17:47:49.315901-04,22.176,15.423255,126,1881,1,1.05
8352,14,2026-08-24 17:47:50.314122-04,22.119,14.367012,128,1913,1,1.05
8353,14,2026-08-24 17:47:51.313941-04,22.072,13.318393,130,1944,1,1.05
8354,14,2026-08-24 17:47:52.314325-04,22.023,12.2705,131,1975,1,1.05
8355,14,2026-08-24 17:47:53.314356-04,21.97,11.223452,135,2007,1,1.05
8356,14,2026-08-24 17:47:54.315592-04,21.913,10.165593,136,2039,1,1.05
8357,14,2026-08-24 17:47:55.317601-04,21.864,15.133148,138,2070,1,1.05
8358,14,2026-08-24 17:47:56.316096-04,21.818,14.086068,139,2102,1,1.05
8359,14,2026-08-24 17:47:57.317574-04,21.772,13.039905,142,2133,1,1.05
8360,14,2026-08-24 17:47:58.313631-04,21.755,12.024924,142,2163,1,1
8361,14,2026-08-24 17:47:59.314703-04,21.77,11.023376,142,2194,1,1
8362,14,2026-08-24 17:48:00.314487-04,21.768,10.020046,142,2224,1,1
8363,14,2026-08-24 17:48:01.314114-04,21.769,15.015534,142,2254,1,1
8364,14,2026-08-24 17:48:02.314535-04,21.77,14.01719,142,2284,1,1
8365,14,2026-08-24 17:48:03.31595-04,21.77,13.016711,142,2314,1,1
8366,14,2026-08-24 17:48:04.314653-04,21.769,12.015345,142,2344,1,1
8367,14,2026-08-24 17:48:05.314543-04,21.765,11.016979,142,2374,1,1
8368,14,2026-08-24 17:48:06.314152-04,21.766,10.019273,142,2404,1,1
8369,14,2026-08-24 17:48:07.316732-04,21.765,15.033377,142,2434,1,1
8370,14,2026-08-24 17:48:08.315052-04,21.762,14.030354,142,2464,1,1
8371,14,2026-08-24 17:48:09.312908-04,21.763,13.031622,142,2494,1,1
8372,14,2026-08-24 17:48:10.312731-04,21.764,12.033198,142,2524,1,1
8373,14,2026-08-24 17:48:11.314001-04,21.78,11.032374,142,2554,1,1
8374,14,2026-08-24 17:48:12.31378-04,21.779,10.032315,142,2584,1,1
8375,14,2026-08-24 17:48:13.312705-04,21.779,14.999806,142,2614,1,1
8376,14,2026-08-24 17:48:14.312756-04,21.781,14.002581,142,2644,1,1
8377,14,2026-08-24 17:48:15.314272-04,21.781,13.000906,142,2674,1,1
8378,14,2026-08-24 17:48:16.311539-04,21.778,12.000076,142,2704,1,1
8379,14,2026-08-24 17:48:17.312996-04,21.774,10.999636,142,2734,1,1
8380,14,2026-08-24 17:48:18.313873-04,21.775,10.000625,142,2764,1,1
8381,14,2026-08-24 17:48:19.313954-04,21.775,9.001068,142,2794,1,1
8382,14,2026-08-24 17:48:20.315431-04,21.774,7.999893,142,2824,1,1
8383,14,2026-08-24 17:48:21.314124-04,21.776,7.001144,142,2854,1,1
8384,14,2026-08-24 17:48:22.314047-04,21.777,6.003073,142,2884,1,1
8385,14,2026-08-24 17:48:23.314659-04,21.765,5.00169,142,2914,1,1
8386,14,2026-08-24 17:48:24.31462-04,21.762,3.998481,142,2944,1,1
8387,14,2026-08-24 17:48:25.312098-04,21.762,9.015414,142,2974,1,1
8388,14,2026-08-24 17:48:26.313429-04,21.764,8.016436,142,3004,1,1
8389,14,2026-08-24 17:48:27.314619-04,21.764,7.017976,142,3034,1,1
8390,14,2026-08-24 17:48:28.312399-04,21.764,6.016709,142,3064,1,1
8391,14,2026-08-24 17:48:29.313631-04,21.813,5.017034,142,3094,1,1
8392,14,2026-08-24 17:48:30.313136-04,21.813,4.01858,142,3124,1,1
8393,14,2026-08-24 17:48:31.313798-04,21.812,3.01732,142,3154,1,1
8394,14,2026-08-24 17:48:32.313585-04,21.81,8.009353,142,3184,1,1
8395,14,2026-08-24 17:48:33.314019-04,21.811,13.02752,142,3214,1,1
8396,14,2026-08-24 17:48:34.313556-04,21.812,12.027939,142,3244,1,1
8397,14,2026-08-24 17:48:35.313431-04,21.774,11.027421,142,3274,1,1
8398,14,2026-08-24 17:48:36.316573-04,21.774,10.026711,142,3304,1,1
8399,14,2026-08-24 17:48:37.314463-04,21.774,9.02675,142,3334,1,1
8400,14,2026-08-24 17:48:38.321842-04,21.776,8.029117,142,3364,1,1
8401,14,2026-08-24 17:48:39.313671-04,21.775,7.027843,142,3394,1,1
8402,14,2026-08-24 17:48:40.318366-04,21.772,6.026628,142,3424,1,1
8403,14,2026-08-24 17:48:41.31419-04,21.769,5.026085,142,3454,1,1
8404,14,2026-08-24 17:48:42.31271-04,21.769,4.027114,142,3484,1,1
8405,14,2026-08-24 17:48:43.313318-04,21.769,9.021935,142,3514,1,1
8406,14,2026-08-24 17:48:44.313066-04,21.769,8.021867,142,3544,1,1
8407,14,2026-08-24 17:48:45.312699-04,21.77,7.023225,142,3574,1,1
8408,14,2026-08-24 17:48:46.312648-04,21.771,6.024878,142,3604,1,1
8409,14,2026-08-24 17:48:47.314121-04,21.813,5.023175,142,3634,1,1
8410,14,2026-08-24 17:48:48.314783-04,21.81,4.019847,142,3664,1,1
8411,14,2026-08-24 17:48:49.313637-04,21.811,3.02166,142,3694,1,1
8412,14,2026-08-24 17:48:50.312553-04,21.812,8.017915,142,3724,1,1
8413,14,2026-08-24 17:48:51.316056-04,21.81,7.015282,142,3754,1,1
8414,14,2026-08-24 17:48:52.315175-04,21.811,6.016562,142,3784,1,1
8415,14,2026-08-24 17:48:53.313599-04,21.78,5.017463,142,3814,1,1
8416,14,2026-08-24 17:48:54.313569-04,21.781,4.018572,142,3844,1,1
8417,14,2026-08-24 17:48:55.312794-04,21.78,3.017319,142,3874,1,1
8418,14,2026-08-24 17:48:56.316503-04,21.778,2.014338,142,3904,1,1
8419,14,2026-08-24 17:48:57.314298-04,21.779,7.010693,142,3934,1,1
8420,14,2026-08-24 17:48:58.312324-04,21.78,6.013206,142,3964,1,1
8421,14,2026-08-24 17:48:59.313862-04,21.775,5.011804,142,3994,1,1
8422,14,2026-08-24 17:49:00.317177-04,21.774,10.02718,142,4024,1,1
8423,14,2026-08-24 17:49:01.313119-04,21.775,14.996116,142,4054,1,1
8424,14,2026-08-24 17:49:02.31409-04,21.776,13.997177,142,4084,1,1
8425,14,2026-08-24 17:49:03.313638-04,21.775,12.996015,142,4114,1,1
8426,14,2026-08-24 17:49:04.312926-04,21.772,11.994546,142,4144,1,1
8427,14,2026-08-24 17:49:05.312671-04,21.768,10.994377,142,4174,1,1
8428,14,2026-08-24 17:49:06.311298-04,21.769,15.991571,142,4204,1,1
8429,14,2026-08-24 17:49:07.31334-04,21.769,14.990841,142,4234,1,1
8430,14,2026-08-24 17:49:08.312014-04,21.769,13.989867,142,4264,1,1
8431,14,2026-08-24 17:49:09.313121-04,21.769,12.990594,142,4294,1,1
8432,14,2026-08-24 17:49:10.310505-04,21.771,11.993095,142,4324,1,1
8433,14,2026-08-24 17:49:11.313727-04,21.759,10.990729,142,4354,1,1
8434,14,2026-08-24 17:49:12.312628-04,21.756,9.988284,142,4384,1,1
8435,14,2026-08-24 17:49:13.311558-04,21.758,8.990351,142,4414,1,1
8436,14,2026-08-24 17:49:14.313279-04,21.758,7.98961,142,4444,1,1
8437,14,2026-08-24 17:49:15.313608-04,21.758,6.98938,142,4474,1,1
8438,14,2026-08-24 17:49:16.313158-04,21.753,5.989943,142,4504,1,1
8439,14,2026-08-24 17:49:17.312298-04,21.752,11.005926,142,4534,1,1
8440,14,2026-08-24 17:49:18.312976-04,21.754,10.007647,142,4564,1,1
8441,14,2026-08-24 17:49:19.313475-04,21.753,9.006462,142,4594,1,1
8442,14,2026-08-24 17:49:20.312541-04,21.751,8.004176,142,4624,1,1
8443,14,2026-08-24 17:49:21.314562-04,21.752,7.004917,142,4654,1,1
8444,14,2026-08-24 17:49:22.312057-04,21.753,6.006841,142,4684,1,1
8445,14,2026-08-24 17:49:23.313119-04,21.81,5.005623,142,4714,1,1
8446,14,2026-08-24 17:49:24.313088-04,21.81,10.021856,142,4744,1,1
8447,14,2026-08-24 17:49:25.31209-04,21.812,9.022833,142,4774,1,1
8448,14,2026-08-24 17:49:26.31368-04,21.812,8.02291,142,4804,1,1
8449,14,2026-08-24 17:49:27.313019-04,21.811,7.022759,142,4834,1,1
8450,14,2026-08-24 17:49:28.31232-04,21.809,6.021397,142,4864,1,1
8451,14,2026-08-24 17:49:29.312814-04,21.762,5.02181,142,4894,1,1
8452,14,2026-08-24 17:49:30.314075-04,21.764,4.022158,142,4924,1,1
8453,14,2026-08-24 17:49:31.453134-04,21.762,9.015548,142,4954,1,1
8454,14,2026-08-24 17:49:32.313245-04,21.763,8.016296,142,4984,1,1
8455,14,2026-08-24 17:49:33.313405-04,21.763,7.015852,142,5014,1,1
8456,14,2026-08-24 17:49:34.314695-04,21.765,6.019604,142,5044,1,1
8457,14,2026-08-24 17:49:35.313023-04,21.78,5.017048,142,5074,1,1
8458,14,2026-08-24 17:49:36.313048-04,21.778,10.031674,142,5104,1,1
8459,14,2026-08-24 17:49:37.31244-04,21.779,14.999853,142,5134,1,1
8460,14,2026-08-24 17:49:38.314709-04,21.78,14.000993,142,5164,1,1
8461,14,2026-08-24 17:49:39.314695-04,21.78,13.000813,142,5194,1,1
8462,14,2026-08-24 17:49:40.313239-04,21.778,12.001552,142,5224,1,1
8463,14,2026-08-24 17:49:41.31281-04,21.774,11.002929,142,5254,1,1
8464,14,2026-08-24 17:49:42.314128-04,21.776,10.002215,142,5284,1,1
8465,14,2026-08-24 17:49:43.313106-04,21.774,15.017767,142,5314,1,1
8466,14,2026-08-24 17:49:44.313367-04,21.772,14.015041,142,5344,1,1
8467,14,2026-08-24 17:49:45.312768-04,21.773,13.016621,142,5374,1,1
8468,14,2026-08-24 17:49:46.311934-04,21.774,12.018389,142,5404,1,1
8469,14,2026-08-24 17:49:47.313529-04,21.763,11.016485,142,5434,1,1
8470,14,2026-08-24 17:49:48.313125-04,21.763,10.016111,142,5464,1,1
8471,14,2026-08-24 17:49:49.312936-04,21.763,15.012163,142,5494,1,1
8472,14,2026-08-24 17:49:50.312959-04,21.763,14.012187,142,5524,1,1
8473,14,2026-08-24 17:49:51.313424-04,21.763,13.011395,142,5554,1,1
8474,14,2026-08-24 17:49:52.313408-04,21.761,12.010001,142,5584,1,1
8475,14,2026-08-24 17:49:53.312947-04,21.757,11.010744,142,5614,1,1
8476,14,2026-08-24 17:49:54.312292-04,21.758,10.012293,142,5644,1,1
8477,14,2026-08-24 17:49:55.311167-04,21.758,15.027874,142,5674,1,1
8478,14,2026-08-24 17:49:56.31184-04,21.757,14.027197,142,5704,1,1
8479,14,2026-08-24 17:49:57.312758-04,21.759,13.027883,142,5734,1,1
8480,14,2026-08-24 17:49:58.310803-04,21.759,12.030326,142,5764,1,1
8481,14,2026-08-24 17:49:59.336667-04,21.775,11.02924,142,5794,1,1
8482,14,2026-08-24 17:50:00.316049-04,21.771,10.02556,142,5824,1,1
8483,14,2026-08-24 17:50:01.313024-04,21.773,9.027394,142,5854,1,1
8484,14,2026-08-24 17:50:02.312249-04,21.774,8.027455,142,5884,1,1
8485,14,2026-08-24 17:50:03.31152-04,21.774,7.028847,142,5914,1,1
8486,14,2026-08-24 17:50:04.311141-04,21.773,12.023031,142,5944,1,1
8487,14,2026-08-24 17:50:05.312406-04,21.768,11.021402,142,5974,1,1
8488,14,2026-08-24 17:50:06.312478-04,21.77,10.023487,142,6004,1,1
8489,14,2026-08-24 17:50:07.31261-04,21.768,9.022653,142,6034,1,1
8490,14,2026-08-24 17:50:08.313708-04,21.767,8.019831,142,6064,1,1
8491,14,2026-08-24 17:50:09.312732-04,21.767,7.021042,142,6094,1,1
8492,14,2026-08-24 17:50:10.310452-04,21.769,6.023814,142,6124,1,1
8493,14,2026-08-24 17:50:11.311657-04,21.763,5.022649,142,6154,1,1
8494,14,2026-08-24 17:50:12.312535-04,21.762,10.016509,142,6184,1,1
8495,14,2026-08-24 17:50:13.313631-04,21.764,9.01795,142,6214,1,1
8496,14,2026-08-24 17:50:14.312779-04,21.765,8.018996,142,6244,1,1
8497,14,2026-08-24 17:50:15.311589-04,21.764,7.017913,142,6274,1,1
8498,14,2026-08-24 17:50:16.366603-04,21.761,6.016515,142,6304,1,1
8499,14,2026-08-24 17:50:17.327091-04,21.81,5.016086,142,6334,1,1
8500,14,2026-08-24 17:50:18.348326-04,21.811,4.017554,142,6364,1,1
8501,14,2026-08-24 17:50:19.311655-04,21.811,9.012072,142,6394,1,1
8502,14,2026-08-24 17:50:20.315337-04,21.81,8.010741,142,6424,1,1
8503,14,2026-08-24 17:50:21.312521-04,21.812,7.012536,142,6454,1,1
8504,14,2026-08-24 17:50:22.310194-04,21.813,6.014654,142,6484,1,1
8505,14,2026-08-24 17:50:23.311922-04,21.774,5.011951,142,6514,1,1
8506,14,2026-08-24 17:50:24.312527-04,21.771,4.009221,142,6544,1,1
8507,14,2026-08-24 17:50:25.312264-04,21.773,3.01076,142,6574,1,1
8508,14,2026-08-24 17:50:26.312683-04,21.772,8.005225,142,6604,1,1
8509,14,2026-08-24 17:50:27.313301-04,21.773,7.006061,142,6634,1,1
8510,14,2026-08-24 17:50:28.313748-04,21.773,6.00678,142,6664,1,1
8511,14,2026-08-24 17:50:29.312634-04,21.767,5.006587,142,6694,1,1
8512,14,2026-08-24 17:50:30.313738-04,21.769,4.006926,142,6724,1,1
8513,14,2026-08-24 17:50:31.312807-04,21.768,3.006499,142,6754,1,1
8514,14,2026-08-24 17:50:32.312096-04,21.766,2.004753,142,6784,1,1
8515,14,2026-08-24 17:50:33.312694-04,21.768,7.021755,142,6814,1,1
8516,14,2026-08-24 17:50:34.311088-04,21.767,6.022669,142,6844,1,1
8517,14,2026-08-24 17:50:35.312644-04,21.763,5.022401,142,6874,1,1
8518,14,2026-08-24 17:50:36.31236-04,21.762,4.021843,142,6904,1,1
8519,14,2026-08-24 17:50:37.312671-04,21.763,3.022683,142,6934,1,1
8520,14,2026-08-24 17:50:38.312279-04,21.764,2.024633,142,6964,1,1
8521,14,2026-08-24 17:50:39.31304-04,21.763,1.022634,142,6994,1,1
8522,14,2026-08-24 17:50:40.311255-04,21.76,5.988855,142,7024,1,1
8523,14,2026-08-24 17:50:41.312289-04,21.778,11.005718,142,7054,1,1
8524,14,2026-08-24 17:50:42.312701-04,21.778,10.005619,142,7084,1,1
8525,14,2026-08-24 17:50:43.311786-04,21.779,15.022187,142,7114,1,1
8526,14,2026-08-24 17:50:44.311493-04,21.777,14.021817,142,7144,1,1
8527,14,2026-08-24 17:50:45.310935-04,21.78,13.024121,142,7174,1,1
8528,14,2026-08-24 17:50:46.310378-04,21.779,12.024046,142,7204,1,1
8529,14,2026-08-24 17:50:47.312087-04,21.747,11.022476,142,7234,1,1
8530,14,2026-08-24 17:50:48.311654-04,21.745,10.020184,142,7264,1,1
8531,14,2026-08-24 17:50:49.311921-04,21.746,14.990123,142,7294,1,1
8532,14,2026-08-24 17:50:50.311826-04,21.746,13.990085,142,7324,1,1
8533,14,2026-08-24 17:50:51.312603-04,21.747,12.990456,142,7354,1,1
8534,14,2026-08-24 17:50:52.314203-04,21.746,11.990773,142,7384,1,1
8535,14,2026-08-24 17:50:53.313882-04,21.763,10.990397,142,7414,1,1
8536,14,2026-08-24 17:50:54.313318-04,21.761,9.98919,142,7444,1,1
8537,14,2026-08-24 17:50:55.313454-04,21.762,15.005754,142,7474,1,1
8538,14,2026-08-24 17:50:56.312221-04,21.761,14.004156,142,7504,1,1
8539,14,2026-08-24 17:50:57.311994-04,21.762,13.005411,142,7534,1,1
8540,14,2026-08-24 17:50:58.311802-04,21.761,12.006475,142,7564,1,1
8541,14,2026-08-24 17:50:59.3117-04,21.753,11.006696,142,7594,1,1
8542,14,2026-08-24 17:51:00.312573-04,21.751,10.005448,142,7624,1,1
8543,14,2026-08-24 17:51:01.311209-04,21.752,15.001339,142,7654,1,1
8544,14,2026-08-24 17:51:02.312583-04,21.752,14.001089,142,7684,1,1
8545,14,2026-08-24 17:51:03.313111-04,21.752,13.001103,142,7714,1,1
8546,14,2026-08-24 17:51:04.311602-04,21.749,12.000234,142,7744,1,1
8547,14,2026-08-24 17:51:05.311654-04,21.746,10.999706,142,7774,1,1
8548,14,2026-08-24 17:51:06.310781-04,21.745,10.001017,142,7804,1,1
8549,14,2026-08-24 17:51:07.31218-04,21.747,15.016691,142,7834,1,1
8550,14,2026-08-24 17:51:08.310654-04,21.746,14.017825,142,7864,1,1
8551,14,2026-08-24 17:51:09.310711-04,21.747,13.017984,142,7894,1,1
8552,14,2026-08-24 17:51:10.316745-04,21.747,12.017879,142,7924,1,1
8553,14,2026-08-24 17:51:11.312609-04,21.763,11.017217,142,7954,1,1
8554,14,2026-08-24 17:51:12.315714-04,21.76,10.015394,142,7984,1,1
8555,14,2026-08-24 17:51:13.311582-04,21.761,9.016373,142,8014,1,1
8556,14,2026-08-24 17:51:14.311401-04,21.761,8.015566,142,8044,1,1
8557,14,2026-08-24 17:51:15.312922-04,21.762,7.017185,142,8074,1,1
8558,14,2026-08-24 17:51:16.310092-04,21.762,6.017257,142,8104,1,1
8559,14,2026-08-24 17:51:17.312837-04,21.758,11.012678,142,8134,1,1
8560,14,2026-08-24 17:51:18.312146-04,21.757,10.012463,142,8164,1,1
8561,14,2026-08-24 17:51:19.315493-04,21.757,9.013309,142,8194,1,1
8562,14,2026-08-24 17:51:20.311442-04,21.755,8.010095,142,8224,1,1
8563,14,2026-08-24 17:51:21.31188-04,21.756,7.011179,142,8254,1,1
8564,14,2026-08-24 17:51:22.309574-04,21.755,6.01164,142,8284,1,1
8565,14,2026-08-24 17:51:23.312335-04,21.81,5.012277,142,8314,1,1
8566,14,2026-08-24 17:51:24.311475-04,21.81,10.005481,142,8344,1,1
8567,14,2026-08-24 17:51:25.31011-04,21.81,9.006954,142,8374,1,1
8568,14,2026-08-24 17:51:26.31087-04,21.811,8.007175,142,8404,1,1
8569,14,2026-08-24 17:51:27.315481-04,21.811,13.002012,142,8434,1,1
8570,14,2026-08-24 17:51:28.323101-04,21.808,11.999373,142,8464,1,1
8571,14,2026-08-24 17:51:29.311919-04,21.766,11.000174,142,8494,1,1
8572,14,2026-08-24 17:51:30.311399-04,21.766,9.999709,142,8524,1,1
8573,14,2026-08-24 17:51:31.315405-04,21.767,9.002264,142,8554,1,1
8574,14,2026-08-24 17:51:32.311587-04,21.767,8.0005,142,8584,1,1
8575,14,2026-08-24 17:51:33.312051-04,21.768,7.001506,142,8614,1,1
8576,14,2026-08-24 17:51:34.309825-04,21.768,6.00274,142,8644,1,1
8577,14,2026-08-24 17:51:35.311139-04,21.763,11.017799,142,8674,1,1
8578,14,2026-08-24 17:51:36.312101-04,21.76,10.014662,142,8704,1,1
8579,14,2026-08-24 17:51:37.311264-04,21.761,9.016101,142,8734,1,1
8580,14,2026-08-24 17:51:38.321177-04,21.761,8.016383,142,8764,1,1
8581,14,2026-08-24 17:51:39.310484-04,21.762,7.01728,142,8794,1,1
